NM_REGIAO,SG_UF,NM_UF,CD_MUNICIPIO,NM_MUNICIPIO,QTD_ELEITORES,QTD_ELEITORES_FEMININO,QTD_ELEITORES_MASCULINO
Norte,AC,Acre,1120,ACRELÂNDIA,8809,4322,4487
Norte,AC,Acre,1570,ASSIS BRASIL,5726,2871,2855
Norte,AC,Acre,1058,BRASILÉIA,16041,8247,7794
Norte,AC,Acre,1007,BUJARI,8683,4287,4396
Norte,AC,Acre,1015,CAPIXABA,6832,3324,3508
Norte,AC,Acre,1074,CRUZEIRO DO SUL,54600,28609,25991
Norte,AC,Acre,1112,EPITACIOLÂNDIA,10770,5635,5135
Norte,AC,Acre,1139,FEIJÓ,20565,10088,10476
Norte,AC,Acre,1104,JORDÃO,4793,2211,2582
Norte,AC,Acre,1554,MANOEL URBANO,6793,3231,3562
Norte,AC,Acre,1040,MARECHAL THAUMATURGO,9530,4449,5081
Norte,AC,Acre,1090,MÂNCIO LIMA,12429,6178,6250
Norte,AC,Acre,1511,PLÁCIDO DE CASTRO,11461,5786,5675
Norte,AC,Acre,1023,PORTO ACRE,12299,5931,6368
Norte,AC,Acre,1066,PORTO WALTER,6075,2864,3211
Norte,AC,Acre,1392,RIO BRANCO,255548,136507,119041
Norte,AC,Acre,1082,RODRIGUES ALVES,11001,5380,5620
Norte,AC,Acre,1031,SANTA ROSA DO PURUS,3316,1644,1672
Norte,AC,Acre,1457,SENA MADUREIRA,28328,13983,14344
Norte,AC,Acre,1538,SENADOR GUIOMARD,17105,8650,8455
Norte,AC,Acre,1473,TARAUACÁ,25576,12491,13085
Norte,AC,Acre,1490,XAPURI,11400,5583,5817
Nordeste,AL,Alagoas,27030,ANADIA,12613,6648,5965
Nordeste,AL,Alagoas,27057,ARAPIRACA,141054,77869,63185
Nordeste,AL,Alagoas,27073,ATALAIA,30353,15626,14727
Nordeste,AL,Alagoas,27090,BARRA DE SANTO ANTÔNIO,11460,5951,5509
Nordeste,AL,Alagoas,27111,BARRA DE SÃO MIGUEL,6465,3346,3119
Nordeste,AL,Alagoas,27138,BATALHA,12173,6468,5705
Nordeste,AL,Alagoas,27170,BELO MONTE,5134,2611,2523
Nordeste,AL,Alagoas,27154,BELÉM,4796,2477,2319
Nordeste,AL,Alagoas,27197,BOCA DA MATA,19536,10070,9466
Nordeste,AL,Alagoas,27219,BRANQUINHA,8057,4059,3998
Nordeste,AL,Alagoas,27235,CACIMBINHAS,8026,4258,3768
Nordeste,AL,Alagoas,27251,CAJUEIRO,14260,7492,6768
Nordeste,AL,Alagoas,27081,CAMPESTRE,5250,2663,2587
Nordeste,AL,Alagoas,27278,CAMPO ALEGRE,23928,12476,11452
Nordeste,AL,Alagoas,27294,CAMPO GRANDE,8148,4184,3964
Nordeste,AL,Alagoas,27316,CANAPI,13116,6783,6333
Nordeste,AL,Alagoas,27332,CAPELA,12852,6663,6189
Nordeste,AL,Alagoas,27359,CARNEIROS,6342,3314,3028
Nordeste,AL,Alagoas,27375,CHÃ PRETA,5862,2979,2883
Nordeste,AL,Alagoas,27391,COITÉ DO NÓIA,8380,4296,4084
Nordeste,AL,Alagoas,27413,COLÔNIA LEOPOLDINA,14949,7561,7388
Nordeste,AL,Alagoas,27430,COQUEIRO SECO,4547,2336,2211
Nordeste,AL,Alagoas,27456,CORURIPE,38411,19891,18520
Nordeste,AL,Alagoas,28894,CRAÍBAS,17788,9335,8453
Nordeste,AL,Alagoas,27472,DELMIRO GOUVEIA,37082,19706,17376
Nordeste,AL,Alagoas,27499,DOIS RIACHOS,8522,4279,4243
Nordeste,AL,Alagoas,27049,ESTRELA DE ALAGOAS,11620,6175,5445
Nordeste,AL,Alagoas,27510,FEIRA GRANDE,16909,8825,8084
Nordeste,AL,Alagoas,27537,FELIZ DESERTO,3416,1788,1628
Nordeste,AL,Alagoas,27553,FLEXEIRAS,8469,4372,4097
Nordeste,AL,Alagoas,27570,GIRAU DO PONCIANO,25339,13201,12138
Nordeste,AL,Alagoas,27596,IBATEGUARA,10722,5479,5243
Nordeste,AL,Alagoas,27618,IGACI,19259,10131,9128
Nordeste,AL,Alagoas,27634,IGREJA NOVA,16758,8479,8279
Nordeste,AL,Alagoas,27650,INHAPI,12301,6560,5741
Nordeste,AL,Alagoas,27677,JACARÉ DOS HOMENS,4766,2466,2300
Nordeste,AL,Alagoas,27693,JACUÍPE,5384,2633,2751
Nordeste,AL,Alagoas,27715,JAPARATINGA,6323,3215,3108
Nordeste,AL,Alagoas,27731,JARAMATAIA,4636,2351,2285
Nordeste,AL,Alagoas,27065,JEQUIÁ DA PRAIA,7264,3585,3679
Nordeste,AL,Alagoas,27758,JOAQUIM GOMES,13423,6860,6563
Nordeste,AL,Alagoas,27774,JUNDIÁ,4185,2048,2137
Nordeste,AL,Alagoas,27790,JUNQUEIRO,18963,9756,9207
Nordeste,AL,Alagoas,27812,LAGOA DA CANOA,14189,7463,6726
Nordeste,AL,Alagoas,27839,LIMOEIRO DE ANADIA,17625,9321,8304
Nordeste,AL,Alagoas,27855,MACEIÓ,595514,330511,265003
Nordeste,AL,Alagoas,27871,MAJOR ISIDORO,14396,7540,6856
Nordeste,AL,Alagoas,27979,MAR VERMELHO,3325,1677,1648
Nordeste,AL,Alagoas,27898,MARAGOGI,19888,10416,9472
Nordeste,AL,Alagoas,27910,MARAVILHA,7796,3977,3819
Nordeste,AL,Alagoas,27936,MARECHAL DEODORO,35900,18942,16958
Nordeste,AL,Alagoas,27952,MARIBONDO,10241,5525,4716
Nordeste,AL,Alagoas,27995,MATA GRANDE,16836,8671,8165
Nordeste,AL,Alagoas,28010,MATRIZ DE CAMARAGIBE,18639,9713,8926
Nordeste,AL,Alagoas,28037,MESSIAS,12674,6572,6102
Nordeste,AL,Alagoas,28053,MINADOR DO NEGRÃO,4605,2356,2249
Nordeste,AL,Alagoas,28070,MONTEIRÓPOLIS,5738,3013,2725
Nordeste,AL,Alagoas,28096,MURICI,19166,9977,9189
Nordeste,AL,Alagoas,28118,NOVO LINO,9458,4680,4778
Nordeste,AL,Alagoas,28134,OLHO D'ÁGUA DAS FLORES,14854,7891,6963
Nordeste,AL,Alagoas,28150,OLHO D'ÁGUA DO CASADO,6834,3460,3374
Nordeste,AL,Alagoas,28177,OLHO D'ÁGUA GRANDE,4459,2199,2260
Nordeste,AL,Alagoas,28193,OLIVENÇA,8822,4486,4336
Nordeste,AL,Alagoas,28215,OURO BRANCO,8194,4227,3967
Nordeste,AL,Alagoas,28231,PALESTINA,4296,2270,2026
Nordeste,AL,Alagoas,28258,PALMEIRA DOS ÍNDIOS,50181,27322,22859
Nordeste,AL,Alagoas,27022,PARICONHA,8282,4215,4067
Nordeste,AL,Alagoas,27006,PARIPUEIRA,9432,4910,4522
Nordeste,AL,Alagoas,28290,PASSO DE CAMARAGIBE,11197,5632,5565
Nordeste,AL,Alagoas,28312,PAULO JACINTO,6042,3122,2920
Nordeste,AL,Alagoas,28339,PENEDO,40831,21983,18848
Nordeste,AL,Alagoas,28355,PIAÇABUÇU,13059,6844,6215
Nordeste,AL,Alagoas,28371,PILAR,25646,13714,11932
Nordeste,AL,Alagoas,28398,PINDOBA,2483,1270,1213
Nordeste,AL,Alagoas,28410,PIRANHAS,17748,9263,8485
Nordeste,AL,Alagoas,28452,PORTO CALVO,20091,10297,9794
Nordeste,AL,Alagoas,28479,PORTO DE PEDRAS,6565,3315,3250
Nordeste,AL,Alagoas,28495,PORTO REAL DO COLÉGIO,14812,7678,7134
Nordeste,AL,Alagoas,28436,POÇO DAS TRINCHEIRAS,9794,4888,4906
Nordeste,AL,Alagoas,28274,PÃO DE AÇÚCAR,17997,9369,8628
Nordeste,AL,Alagoas,28517,QUEBRANGULO,9795,5037,4758
Nordeste,AL,Alagoas,28533,RIO LARGO,54500,29058,25442
Nordeste,AL,Alagoas,28550,ROTEIRO,4998,2502,2496
Nordeste,AL,Alagoas,28576,SANTA LUZIA DO NORTE,5783,3063,2720
Nordeste,AL,Alagoas,28592,SANTANA DO IPANEMA,30745,16502,14243
Nordeste,AL,Alagoas,28614,SANTANA DO MUNDAÚ,8346,4284,4062
Nordeste,AL,Alagoas,28770,SATUBA,9877,5229,4648
Nordeste,AL,Alagoas,28916,SENADOR RUI PALMEIRA,8832,4569,4263
Nordeste,AL,Alagoas,28630,SÃO BRÁS,5907,2998,2909
Nordeste,AL,Alagoas,28657,SÃO JOSÉ DA LAJE,16688,8674,8014
Nordeste,AL,Alagoas,28673,SÃO JOSÉ DA TAPERA,20495,10712,9783
Nordeste,AL,Alagoas,28690,SÃO LUÍS DO QUITUNDE,21863,11113,10750
Nordeste,AL,Alagoas,28711,SÃO MIGUEL DOS CAMPOS,38995,20548,18447
Nordeste,AL,Alagoas,28738,SÃO MIGUEL DOS MILAGRES,6446,3350,3096
Nordeste,AL,Alagoas,28754,SÃO SEBASTIÃO,24362,12722,11640
Nordeste,AL,Alagoas,28797,TANQUE D'ARCA,5220,2715,2505
Nordeste,AL,Alagoas,28819,TAQUARANA,13438,7123,6315
Nordeste,AL,Alagoas,28932,TEOTÔNIO VILELA,29112,15299,13813
Nordeste,AL,Alagoas,28835,TRAIPU,17199,8717,8482
Nordeste,AL,Alagoas,28851,UNIÃO DOS PALMARES,44402,23670,20732
Nordeste,AL,Alagoas,28878,VIÇOSA,19635,10479,9156
Nordeste,AL,Alagoas,27014,ÁGUA BRANCA,14879,7660,7219
Norte,AM,Amazonas,2895,ALVARÃES,9770,4685,5085
Norte,AM,Amazonas,2917,AMATURÁ,5910,2854,3055
Norte,AM,Amazonas,2933,ANAMÃ,7452,3511,3941
Norte,AM,Amazonas,2038,ANORI,9724,4717,5006
Norte,AM,Amazonas,2003,APUÍ,10674,4996,5676
Norte,AM,Amazonas,2054,ATALAIA DO NORTE,7930,3826,4102
Norte,AM,Amazonas,2070,AUTAZES,25296,12402,12894
Norte,AM,Amazonas,2097,BARCELOS,10506,4953,5553
Norte,AM,Amazonas,2119,BARREIRINHA,18318,8806,9511
Norte,AM,Amazonas,2135,BENJAMIN CONSTANT,20448,10543,9901
Norte,AM,Amazonas,2950,BERURI,11755,5616,6139
Norte,AM,Amazonas,2976,BOA VISTA DO RAMOS,10837,5109,5728
Norte,AM,Amazonas,2151,BOCA DO ACRE,20977,10193,10782
Norte,AM,Amazonas,2178,BORBA,20306,9859,10444
Norte,AM,Amazonas,2992,CAAPIRANGA,8152,3797,4355
Norte,AM,Amazonas,2194,CANUTAMA,8375,3947,4428
Norte,AM,Amazonas,2216,CARAUARI,19350,9423,9925
Norte,AM,Amazonas,2232,CAREIRO,21052,10338,10714
Norte,AM,Amazonas,2046,CAREIRO DA VÁRZEA,15290,7522,7768
Norte,AM,Amazonas,2259,COARI,50320,24515,25804
Norte,AM,Amazonas,2275,CODAJÁS,14438,6958,7479
Norte,AM,Amazonas,2291,EIRUNEPÉ,20769,10220,10543
Norte,AM,Amazonas,2313,ENVIRA,11453,5524,5928
Norte,AM,Amazonas,2330,FONTE BOA,14879,7181,7698
Norte,AM,Amazonas,2020,GUAJARÁ,9532,4593,4937
Norte,AM,Amazonas,2356,HUMAITÁ,28568,13973,14592
Norte,AM,Amazonas,2399,IPIXUNA,10772,5138,5630
Norte,AM,Amazonas,98353,IRANDUBA,30612,15637,14975
Norte,AM,Amazonas,2410,ITACOATIARA,66385,33474,32911
Norte,AM,Amazonas,98370,ITAMARATI,6789,3164,3622
Norte,AM,Amazonas,2437,ITAPIRANGA,7230,3543,3687
Norte,AM,Amazonas,2453,JAPURÁ,4455,2063,2391
Norte,AM,Amazonas,2470,JURUÁ,7136,3354,3780
Norte,AM,Amazonas,2496,JUTAÍ,12412,6070,6340
Norte,AM,Amazonas,2518,LÁBREA,24266,11977,12286
Norte,AM,Amazonas,2534,MANACAPURU,66014,33675,32339
Norte,AM,Amazonas,98396,MANAQUIRI,13165,6348,6816
Norte,AM,Amazonas,2550,MANAUS,1320059,697101,622958
Norte,AM,Amazonas,2577,MANICORÉ,28013,13472,14537
Norte,AM,Amazonas,2593,MARAÃ,9620,4575,5044
Norte,AM,Amazonas,2615,MAUÉS,30959,15420,15535
Norte,AM,Amazonas,2631,NHAMUNDÁ,13080,6195,6885
Norte,AM,Amazonas,2658,NOVA OLINDA DO NORTE,16906,8249,8657
Norte,AM,Amazonas,2011,NOVO AIRÃO,10290,5114,5176
Norte,AM,Amazonas,2674,NOVO ARIPUANÃ,12347,5968,6375
Norte,AM,Amazonas,2690,PARINTINS,68263,34069,34194
Norte,AM,Amazonas,2712,PAUINI,10224,4906,5318
Norte,AM,Amazonas,98418,PRESIDENTE FIGUEIREDO,22739,11061,11678
Norte,AM,Amazonas,98434,RIO PRETO DA EVA,15129,7567,7562
Norte,AM,Amazonas,2372,SANTA ISABEL DO RIO NEGRO,7957,3878,4079
Norte,AM,Amazonas,2739,SANTO ANTÔNIO DO IÇÁ,13907,6790,7117
Norte,AM,Amazonas,2771,SILVES,7169,3383,3786
Norte,AM,Amazonas,2836,SÃO GABRIEL DA CACHOEIRA,29195,14496,14698
Norte,AM,Amazonas,2755,SÃO PAULO DE OLIVENÇA,16924,8375,8548
Norte,AM,Amazonas,98450,SÃO SEBASTIÃO DO UATUMÃ,6644,3176,3467
Norte,AM,Amazonas,98477,TABATINGA,33212,17614,15595
Norte,AM,Amazonas,2798,TAPAUÁ,12725,6142,6583
Norte,AM,Amazonas,2810,TEFÉ,41032,20688,20343
Norte,AM,Amazonas,98515,TONANTINS,9227,4385,4841
Norte,AM,Amazonas,98493,UARINI,7371,3609,3762
Norte,AM,Amazonas,2852,URUCARÁ,11577,5588,5987
Norte,AM,Amazonas,2879,URUCURITUBA,12212,5689,6522
Norte,AP,Amapá,6017,AMAPÁ,6081,2937,3144
Norte,AP,Amapá,6033,CALÇOENE,7590,3518,4072
Norte,AP,Amapá,6068,CUTIAS,4254,1985,2269
Norte,AP,Amapá,6114,FERREIRA GOMES,6740,3264,3476
Norte,AP,Amapá,6041,ITAUBAL,5644,2696,2948
Norte,AP,Amapá,6130,LARANJAL DO JARI,28762,14111,14651
Norte,AP,Amapá,6050,MACAPÁ,293167,153562,139605
Norte,AP,Amapá,6076,MAZAGÃO,15092,7316,7776
Norte,AP,Amapá,6092,OIAPOQUE,19298,9618,9680
Norte,AP,Amapá,6084,PEDRA BRANCA DO AMAPARI,8877,4125,4752
Norte,AP,Amapá,6025,PORTO GRANDE,13504,6489,7015
Norte,AP,Amapá,6009,PRACUÚBA,3290,1533,1757
Norte,AP,Amapá,6157,SANTANA,77459,39510,37948
Norte,AP,Amapá,6106,SERRA DO NAVIO,3596,1671,1925
Norte,AP,Amapá,6173,TARTARUGALZINHO,9028,4325,4703
Norte,AP,Amapá,6122,VITÓRIA DO JARI,9728,4678,5050
Nordeste,BA,Bahia,33030,ABARÉ,12713,6404,6302
Nordeste,BA,Bahia,33014,ABAÍRA,6909,3564,3342
Nordeste,BA,Bahia,33057,ACAJUTIBA,11138,5854,5283
Nordeste,BA,Bahia,33065,ADUSTINA,11118,5776,5342
Nordeste,BA,Bahia,33111,AIQUARA,3787,1867,1920
Nordeste,BA,Bahia,33138,ALAGOINHAS,103306,56574,46732
Nordeste,BA,Bahia,33154,ALCOBAÇA,17010,8409,8587
Nordeste,BA,Bahia,33170,ALMADINA,5022,2546,2475
Nordeste,BA,Bahia,33197,AMARGOSA,26504,14081,12417
Nordeste,BA,Bahia,33219,AMÉLIA RODRIGUES,18144,9603,8527
Nordeste,BA,Bahia,30716,AMÉRICA DOURADA,12789,6417,6367
Nordeste,BA,Bahia,33235,ANAGÉ,18348,9221,9123
Nordeste,BA,Bahia,33251,ANDARAÍ,10611,5327,5278
Nordeste,BA,Bahia,33260,ANDORINHA,11618,5716,5902
Nordeste,BA,Bahia,33278,ANGICAL,12408,5979,6428
Nordeste,BA,Bahia,33294,ANGUERA,8831,4507,4323
Nordeste,BA,Bahia,33316,ANTAS,10608,5375,5232
Nordeste,BA,Bahia,33332,ANTÔNIO CARDOSO,10724,5623,5101
Nordeste,BA,Bahia,33359,ANTÔNIO GONÇALVES,8196,4142,4051
Nordeste,BA,Bahia,33375,APORÁ,13237,6598,6620
Nordeste,BA,Bahia,33405,APUAREMA,5182,2623,2559
Nordeste,BA,Bahia,33391,ARACATU,10999,5328,5671
Nordeste,BA,Bahia,33413,ARACI,39968,20145,19810
Nordeste,BA,Bahia,33430,ARAMARI,8562,4396,4166
Nordeste,BA,Bahia,30732,ARATACA,5918,2967,2951
Nordeste,BA,Bahia,33456,ARATUÍPE,7854,3997,3855
Nordeste,BA,Bahia,33383,ARAÇÁS,9206,4713,4493
Nordeste,BA,Bahia,33472,AURELINO LEAL,9259,4830,4429
Nordeste,BA,Bahia,33499,BAIANÓPOLIS,11582,5669,5908
Nordeste,BA,Bahia,33510,BAIXA GRANDE,15520,7912,7595
Nordeste,BA,Bahia,33529,BANZAÊ,9196,4687,4509
Nordeste,BA,Bahia,33537,BARRA,35732,17566,18134
Nordeste,BA,Bahia,33553,BARRA DA ESTIVA,18854,9425,9412
Nordeste,BA,Bahia,33570,BARRA DO CHOÇA,28301,14359,13936
Nordeste,BA,Bahia,33596,BARRA DO MENDES,12320,6230,6087
Nordeste,BA,Bahia,33618,BARRA DO ROCHA,3881,1966,1915
Nordeste,BA,Bahia,33634,BARREIRAS,92210,48502,43708
Nordeste,BA,Bahia,30759,BARRO ALTO,9809,4873,4935
Nordeste,BA,Bahia,33650,BARRO PRETO,5838,2822,3014
Nordeste,BA,Bahia,30775,BARROCAS,12566,6364,6202
Nordeste,BA,Bahia,33677,BELMONTE,15271,7725,7545
Nordeste,BA,Bahia,33693,BELO CAMPO,14897,7499,7394
Nordeste,BA,Bahia,33715,BIRITINGA,11677,6046,5631
Nordeste,BA,Bahia,33731,BOA NOVA,13014,6499,6509
Nordeste,BA,Bahia,33758,BOA VISTA DO TUPIM,13318,6790,6510
Nordeste,BA,Bahia,33774,BOM JESUS DA LAPA,45619,23694,21912
Nordeste,BA,Bahia,33782,BOM JESUS DA SERRA,9004,4418,4577
Nordeste,BA,Bahia,33790,BONINAL,10434,5420,5012
Nordeste,BA,Bahia,33804,BONITO,12237,6063,6157
Nordeste,BA,Bahia,33812,BOQUIRA,16094,8248,7842
Nordeste,BA,Bahia,33839,BOTUPORÃ,9726,4896,4829
Nordeste,BA,Bahia,33871,BREJOLÂNDIA,7987,3867,4107
Nordeste,BA,Bahia,33855,BREJÕES,11047,5581,5463
Nordeste,BA,Bahia,33898,BROTAS DE MACAÚBAS,9021,4385,4634
Nordeste,BA,Bahia,33910,BRUMADO,47738,24606,23132
Nordeste,BA,Bahia,33936,BUERAREMA,12220,6330,5890
Nordeste,BA,Bahia,30791,BURITIRAMA,14953,7179,7761
Nordeste,BA,Bahia,33952,CAATIBA,7910,3866,4040
Nordeste,BA,Bahia,33960,CABACEIRAS DO PARAGUAÇU,11947,6356,5591
Nordeste,BA,Bahia,33979,CACHOEIRA,25111,13095,12000
Nordeste,BA,Bahia,33995,CACULÉ,16778,8581,8194
Nordeste,BA,Bahia,34010,CAEM,7322,3872,3450
Nordeste,BA,Bahia,34029,CAETANOS,9650,4591,5054
Nordeste,BA,Bahia,34037,CAETITÉ,39487,20287,19196
Nordeste,BA,Bahia,34053,CAFARNAUM,13395,6789,6592
Nordeste,BA,Bahia,34070,CAIRU,12534,6581,5953
Nordeste,BA,Bahia,34096,CALDEIRÃO GRANDE,9708,4987,4717
Nordeste,BA,Bahia,34118,CAMACÃ,17801,9333,8466
Nordeste,BA,Bahia,34150,CAMAMU,24810,12742,12062
Nordeste,BA,Bahia,34134,CAMAÇARI,165405,90191,75214
Nordeste,BA,Bahia,34177,CAMPO ALEGRE DE LOURDES,22097,11373,10685
Nordeste,BA,Bahia,34193,CAMPO FORMOSO,52924,26937,25976
Nordeste,BA,Bahia,34231,CANARANA,18136,9263,8868
Nordeste,BA,Bahia,34258,CANAVIEIRAS,23053,12003,11050
Nordeste,BA,Bahia,34274,CANDEAL,7212,3680,3528
Nordeste,BA,Bahia,34290,CANDEIAS,62371,32917,29445
Nordeste,BA,Bahia,34312,CANDIBA,10415,5241,5174
Nordeste,BA,Bahia,34355,CANSANÇÃO,27044,13616,13414
Nordeste,BA,Bahia,30856,CANUDOS,12341,6204,6132
Nordeste,BA,Bahia,34215,CANÁPOLIS,8340,4101,4232
Nordeste,BA,Bahia,30813,CAPELA DO ALTO ALEGRE,9269,4663,4592
Nordeste,BA,Bahia,30830,CAPIM GROSSO,22621,11945,10650
Nordeste,BA,Bahia,34371,CARAVELAS,13942,7036,6896
Nordeste,BA,Bahia,34363,CARAÍBAS,8358,4073,4281
Nordeste,BA,Bahia,34398,CARDEAL DA SILVA,7294,3650,3643
Nordeste,BA,Bahia,34410,CARINHANHA,21566,10736,10815
Nordeste,BA,Bahia,34436,CASA NOVA,51739,25877,25861
Nordeste,BA,Bahia,34452,CASTRO ALVES,22336,11590,10730
Nordeste,BA,Bahia,34479,CATOLÂNDIA,3510,1641,1869
Nordeste,BA,Bahia,34495,CATU,40272,21133,19126
Nordeste,BA,Bahia,34509,CATURAMA,7573,3694,3875
Nordeste,BA,Bahia,34517,CENTRAL,13145,6610,6526
Nordeste,BA,Bahia,34533,CHORROCHÓ,8944,4474,4461
Nordeste,BA,Bahia,34576,CIPÓ,13354,7204,6146
Nordeste,BA,Bahia,34592,COARACI,16754,8669,8083
Nordeste,BA,Bahia,34614,COCOS,14603,7114,7489
Nordeste,BA,Bahia,34630,CONCEIÇÃO DA FEIRA,16648,8760,7887
Nordeste,BA,Bahia,34657,CONCEIÇÃO DO ALMEIDA,14381,7421,6960
Nordeste,BA,Bahia,34673,CONCEIÇÃO DO COITÉ,50870,26539,24327
Nordeste,BA,Bahia,34690,CONCEIÇÃO DO JACUÍPE,23825,12750,11075
Nordeste,BA,Bahia,34711,CONDE,17300,8851,8448
Nordeste,BA,Bahia,34738,CONDEÚBA,15360,7791,7566
Nordeste,BA,Bahia,34754,CONTENDAS DO SINCORÁ,3793,1881,1910
Nordeste,BA,Bahia,34770,CORAÇÃO DE MARIA,20971,10974,9992
Nordeste,BA,Bahia,34797,CORDEIROS,6985,3576,3408
Nordeste,BA,Bahia,34819,CORIBE,11782,5773,6009
Nordeste,BA,Bahia,34835,CORONEL JOÃO SÁ,11513,5886,5627
Nordeste,BA,Bahia,34851,CORRENTINA,26351,13257,13085
Nordeste,BA,Bahia,34878,COTEGIPE,11208,5381,5822
Nordeste,BA,Bahia,34894,CRAVOLÂNDIA,4243,2144,2099
Nordeste,BA,Bahia,34932,CRISTÓPOLIS,11801,5769,6024
Nordeste,BA,Bahia,34916,CRISÓPOLIS,16845,8286,8558
Nordeste,BA,Bahia,34959,CRUZ DAS ALMAS,44071,24147,19924
Nordeste,BA,Bahia,34975,CURAÇÁ,25044,12304,12733
Nordeste,BA,Bahia,34339,CÂNDIDO SALES,18046,9565,8481
Nordeste,BA,Bahia,34550,CÍCERO DANTAS,25291,13219,12068
Nordeste,BA,Bahia,30872,DIAS D'ÁVILA,48604,25871,22718
Nordeste,BA,Bahia,35017,DOM BASÍLIO,9808,4718,5087
Nordeste,BA,Bahia,35033,DOM MACEDO COSTA,3892,2037,1855
Nordeste,BA,Bahia,34991,DÁRIO MEIRA,7550,3793,3757
Nordeste,BA,Bahia,35050,ELÍSIO MEDRADO,7475,3716,3748
Nordeste,BA,Bahia,35076,ENCRUZILHADA,14389,7197,7192
Nordeste,BA,Bahia,35092,ENTRE RIOS,31948,16574,15372
Nordeste,BA,Bahia,35114,ESPLANADA,24806,12810,11993
Nordeste,BA,Bahia,35130,EUCLIDES DA CUNHA,42685,22138,20531
Nordeste,BA,Bahia,30058,EUNÁPOLIS,76049,40474,35574
Nordeste,BA,Bahia,35149,FEIRA DA MATA,4997,2438,2557
Nordeste,BA,Bahia,35157,FEIRA DE SANTANA,384050,213559,170490
Nordeste,BA,Bahia,30910,FILADÉLFIA,14330,7215,7110
Nordeste,BA,Bahia,35173,FIRMINO ALVES,4818,2355,2461
Nordeste,BA,Bahia,35190,FLORESTA AZUL,7593,3837,3753
Nordeste,BA,Bahia,35211,FORMOSA DO RIO PRETO,18315,8945,9347
Nordeste,BA,Bahia,30899,FÁTIMA,15099,7547,7552
Nordeste,BA,Bahia,35238,GANDU,21700,11368,10329
Nordeste,BA,Bahia,30937,GAVIÃO,4309,2104,2201
Nordeste,BA,Bahia,35254,GENTIO DO OURO,8962,4300,4661
Nordeste,BA,Bahia,35270,GLÓRIA,12782,6576,6203
Nordeste,BA,Bahia,35297,GONGOGI,4948,2494,2454
Nordeste,BA,Bahia,35319,GOVERNADOR MANGABEIRA,15836,8623,7213
Nordeste,BA,Bahia,30953,GUAJERU,7453,3709,3737
Nordeste,BA,Bahia,35335,GUANAMBI,60392,32066,28326
Nordeste,BA,Bahia,35351,GUARATINGA,14871,7247,7611
Nordeste,BA,Bahia,30970,HELIÓPOLIS,10481,5330,5151
Nordeste,BA,Bahia,35378,IAÇU,22082,11396,10681
Nordeste,BA,Bahia,35394,IBIASSUCÊ,8781,4357,4415
Nordeste,BA,Bahia,35416,IBICARAÍ,18514,9700,8799
Nordeste,BA,Bahia,35432,IBICOARA,13144,6497,6644
Nordeste,BA,Bahia,35459,IBICUÍ,10975,5537,5433
Nordeste,BA,Bahia,35475,IBIPEBA,13376,6610,6765
Nordeste,BA,Bahia,35513,IBIPITANGA,12703,6475,6227
Nordeste,BA,Bahia,35530,IBIQUERA,3416,1651,1765
Nordeste,BA,Bahia,35556,IBIRAPITANGA,12638,6718,5920
Nordeste,BA,Bahia,35572,IBIRAPUÃ,6788,3334,3435
Nordeste,BA,Bahia,35599,IBIRATAIA,14538,7657,6881
Nordeste,BA,Bahia,35610,IBITIARA,10479,5357,5122
Nordeste,BA,Bahia,35637,IBITITÁ,14224,7054,7170
Nordeste,BA,Bahia,35653,IBOTIRAMA,19636,9928,9688
Nordeste,BA,Bahia,35670,ICHU,5261,2650,2604
Nordeste,BA,Bahia,35696,IGAPORÃ,11652,5894,5755
Nordeste,BA,Bahia,35700,IGRAPIÚNA,9858,4818,5038
Nordeste,BA,Bahia,35718,IGUAÍ,19697,9623,10069
Nordeste,BA,Bahia,35734,ILHÉUS,116780,63918,52862
Nordeste,BA,Bahia,35750,INHAMBUPE,25865,13386,12460
Nordeste,BA,Bahia,35777,IPECAETÁ,13249,6945,6304
Nordeste,BA,Bahia,35793,IPIAÚ,29891,16212,13679
Nordeste,BA,Bahia,35815,IPIRÁ,43574,22924,20650
Nordeste,BA,Bahia,35831,IPUPIARA,7804,3854,3945
Nordeste,BA,Bahia,35858,IRAJUBA,5049,2537,2512
Nordeste,BA,Bahia,35874,IRAMAIA,8699,4222,4471
Nordeste,BA,Bahia,35890,IRAQUARA,16623,8674,7946
Nordeste,BA,Bahia,35912,IRARÁ,23482,12475,11006
Nordeste,BA,Bahia,35939,IRECÊ,44082,24526,19556
Nordeste,BA,Bahia,35947,ITABELA,22432,11375,11049
Nordeste,BA,Bahia,35955,ITABERABA,42346,22915,19425
Nordeste,BA,Bahia,35971,ITABUNA,154473,83934,70425
Nordeste,BA,Bahia,35998,ITACARÉ,15122,7411,7708
Nordeste,BA,Bahia,36013,ITAETÉ,10713,5389,5318
Nordeste,BA,Bahia,36030,ITAGI,9546,4864,4682
Nordeste,BA,Bahia,36056,ITAGIBÁ,11041,5582,5459
Nordeste,BA,Bahia,36072,ITAGIMIRIM,5696,2904,2792
Nordeste,BA,Bahia,36080,ITAGUAÇU DA BAHIA,9654,4664,4988
Nordeste,BA,Bahia,36099,ITAJU DO COLÔNIA,5102,2568,2529
Nordeste,BA,Bahia,36110,ITAJUÍPE,17003,8694,8302
Nordeste,BA,Bahia,36137,ITAMARAJU,44327,23193,21132
Nordeste,BA,Bahia,36153,ITAMARI,6440,3168,3272
Nordeste,BA,Bahia,36170,ITAMBÉ,18243,9221,9020
Nordeste,BA,Bahia,36196,ITANAGRA,5587,2704,2882
Nordeste,BA,Bahia,36218,ITANHÉM,15910,7883,8024
Nordeste,BA,Bahia,36234,ITAPARICA,16599,8901,7697
Nordeste,BA,Bahia,36277,ITAPEBI,7366,3714,3652
Nordeste,BA,Bahia,36293,ITAPETINGA,46558,24708,21846
Nordeste,BA,Bahia,36315,ITAPICURU,23259,11439,11815
Nordeste,BA,Bahia,36331,ITAPITANGA,6576,3293,3281
Nordeste,BA,Bahia,36250,ITAPÉ,9547,4787,4760
Nordeste,BA,Bahia,36358,ITAQUARA,6172,3130,3042
Nordeste,BA,Bahia,36374,ITARANTIM,14170,7051,7116
Nordeste,BA,Bahia,36382,ITATIM,11573,5851,5698
Nordeste,BA,Bahia,36390,ITIRUÇU,9312,4911,4401
Nordeste,BA,Bahia,36412,ITIÚBA,29225,14620,14583
Nordeste,BA,Bahia,36439,ITORORÓ,16484,8448,8031
Nordeste,BA,Bahia,36455,ITUAÇU,14599,7398,7200
Nordeste,BA,Bahia,36471,ITUBERÁ,19258,9932,9318
Nordeste,BA,Bahia,30660,IUIU,8402,4068,4321
Nordeste,BA,Bahia,30678,JABORANDI,8165,3984,4181
Nordeste,BA,Bahia,36498,JACARACI,12001,5822,6178
Nordeste,BA,Bahia,36510,JACOBINA,53609,29437,24172
Nordeste,BA,Bahia,36536,JAGUAQUARA,32615,17450,15165
Nordeste,BA,Bahia,36552,JAGUARARI,22098,11105,10984
Nordeste,BA,Bahia,36579,JAGUARIPE,13039,6594,6442
Nordeste,BA,Bahia,36595,JANDAÍRA,8250,4037,4213
Nordeste,BA,Bahia,36617,JEQUIÉ,105277,56610,48667
Nordeste,BA,Bahia,36633,JEREMOABO,26738,13634,13096
Nordeste,BA,Bahia,36650,JIQUIRIÇÁ,10702,5334,5362
Nordeste,BA,Bahia,36676,JITAÚNA,11107,5693,5414
Nordeste,BA,Bahia,30996,JOÃO DOURADO,17871,9181,8689
Nordeste,BA,Bahia,36692,JUAZEIRO,140481,75413,65068
Nordeste,BA,Bahia,36706,JUCURUÇU,7960,3718,4239
Nordeste,BA,Bahia,36714,JUSSARA,12144,5886,6237
Nordeste,BA,Bahia,30694,JUSSARI,4904,2407,2494
Nordeste,BA,Bahia,36730,JUSSIAPE,6675,3433,3237
Nordeste,BA,Bahia,36757,LAFAIETE COUTINHO,3532,1741,1791
Nordeste,BA,Bahia,36765,LAGOA REAL,10471,5040,5427
Nordeste,BA,Bahia,36773,LAJE,19038,9696,9340
Nordeste,BA,Bahia,36811,LAJEDINHO,3235,1565,1668
Nordeste,BA,Bahia,36820,LAJEDO DO TABOCAL,6217,3149,3068
Nordeste,BA,Bahia,36790,LAJEDÃO,4821,2345,2470
Nordeste,BA,Bahia,36838,LAMARÃO,7887,3954,3932
Nordeste,BA,Bahia,39730,LAPÃO,21311,10835,10474
Nordeste,BA,Bahia,36854,LAURO DE FREITAS,129108,70113,58962
Nordeste,BA,Bahia,36870,LENÇÓIS,7602,3920,3682
Nordeste,BA,Bahia,36897,LICÍNIO DE ALMEIDA,9280,4585,4691
Nordeste,BA,Bahia,36919,LIVRAMENTO DE NOSSA SENHORA,33571,16780,16775
Nordeste,BA,Bahia,30007,LUÍS EDUARDO MAGALHÃES,53094,27386,25708
Nordeste,BA,Bahia,36935,MACAJUBA,9772,4930,4839
Nordeste,BA,Bahia,36951,MACARANI,13752,6947,6802
Nordeste,BA,Bahia,36978,MACAÚBAS,33800,16994,16799
Nordeste,BA,Bahia,36994,MACURURÉ,6529,3340,3168
Nordeste,BA,Bahia,39748,MADRE DE DEUS,14496,7732,6764
Nordeste,BA,Bahia,39756,MAETINGA,6790,3378,3409
Nordeste,BA,Bahia,37010,MAIQUINIQUE,7287,3630,3654
Nordeste,BA,Bahia,37036,MAIRI,14362,7510,6848
Nordeste,BA,Bahia,37052,MALHADA,13034,6342,6674
Nordeste,BA,Bahia,37079,MALHADA DE PEDRAS,6726,3291,3435
Nordeste,BA,Bahia,37095,MANOEL VITORINO,11619,5885,5734
Nordeste,BA,Bahia,39772,MANSIDÃO,9694,4656,5026
Nordeste,BA,Bahia,37117,MARACÁS,21458,11027,10428
Nordeste,BA,Bahia,37133,MARAGOGIPE,32575,16821,15741
Nordeste,BA,Bahia,37150,MARAÚ,12936,6156,6780
Nordeste,BA,Bahia,37176,MARCIONÍLIO SOUZA,7703,3880,3820
Nordeste,BA,Bahia,37192,MASCOTE,9028,4543,4483
Nordeste,BA,Bahia,37214,MATA DE SÃO JOÃO,39638,20455,19181
Nordeste,BA,Bahia,37222,MATINA,8987,4483,4497
Nordeste,BA,Bahia,37230,MEDEIROS NETO,18442,9230,9209
Nordeste,BA,Bahia,37257,MIGUEL CALMON,21540,11128,10410
Nordeste,BA,Bahia,37273,MILAGRES,8656,4531,4124
Nordeste,BA,Bahia,37290,MIRANGABA,10734,5615,5119
Nordeste,BA,Bahia,37303,MIRANTE,7529,3677,3848
Nordeste,BA,Bahia,37311,MONTE SANTO,43120,21244,21856
Nordeste,BA,Bahia,37338,MORPARÁ,7215,3523,3691
Nordeste,BA,Bahia,37354,MORRO DO CHAPÉU,24025,12253,11762
Nordeste,BA,Bahia,37370,MORTUGABA,9522,4898,4624
Nordeste,BA,Bahia,37397,MUCUGÊ,8859,4502,4353
Nordeste,BA,Bahia,37419,MUCURI,27885,13966,13904
Nordeste,BA,Bahia,37427,MULUNGU DO MORRO,10529,5419,5105
Nordeste,BA,Bahia,37435,MUNDO NOVO,15509,7874,7634
Nordeste,BA,Bahia,37451,MUNIZ FERREIRA,6932,3547,3385
Nordeste,BA,Bahia,37460,MUQUÉM DO SÃO FRANCISCO,8963,4283,4666
Nordeste,BA,Bahia,37478,MURITIBA,21104,11440,9664
Nordeste,BA,Bahia,37494,MUTUÍPE,18024,9334,8676
Nordeste,BA,Bahia,37516,NAZARÉ,21443,11392,10042
Nordeste,BA,Bahia,37532,NILO PEÇANHA,8854,4542,4309
Nordeste,BA,Bahia,39799,NORDESTINA,10379,5020,5350
Nordeste,BA,Bahia,37559,NOVA CANAÃ,12194,6046,6144
Nordeste,BA,Bahia,37567,NOVA FÁTIMA,7216,3674,3539
Nordeste,BA,Bahia,39969,NOVA IBIÁ,5296,2582,2713
Nordeste,BA,Bahia,37575,NOVA ITARANA,5648,2892,2752
Nordeste,BA,Bahia,37583,NOVA REDENÇÃO,6157,3064,3092
Nordeste,BA,Bahia,37591,NOVA SOURE,20200,10245,9954
Nordeste,BA,Bahia,37613,NOVA VIÇOSA,29064,14816,14233
Nordeste,BA,Bahia,39942,NOVO HORIZONTE,8107,3998,4109
Nordeste,BA,Bahia,37621,NOVO TRIUNFO,8047,4133,3911
Nordeste,BA,Bahia,37630,OLINDINA,20131,10235,9886
Nordeste,BA,Bahia,37656,OLIVEIRA DOS BREJINHOS,16557,8143,8409
Nordeste,BA,Bahia,37672,OURIÇANGAS,6772,3427,3341
Nordeste,BA,Bahia,37680,OUROLÂNDIA,11892,6085,5807
Nordeste,BA,Bahia,37699,PALMAS DE MONTE ALTO,17092,8539,8549
Nordeste,BA,Bahia,37710,PALMEIRAS,6669,3394,3273
Nordeste,BA,Bahia,37737,PARAMIRIM,16399,8355,8039
Nordeste,BA,Bahia,37753,PARATINGA,22639,11271,11345
Nordeste,BA,Bahia,37770,PARIPIRANGA,21769,11499,10270
Nordeste,BA,Bahia,37796,PAU BRASIL,7209,3618,3591
Nordeste,BA,Bahia,37818,PAULO AFONSO,81179,43238,37927
Nordeste,BA,Bahia,37850,PEDRO ALEXANDRE,9592,4772,4808
Nordeste,BA,Bahia,37834,PEDRÃO,5974,2921,3052
Nordeste,BA,Bahia,37877,PIATÃ,16459,8545,7913
Nordeste,BA,Bahia,37893,PILÃO ARCADO,25497,12656,12829
Nordeste,BA,Bahia,37915,PINDAÍ,12366,6141,6219
Nordeste,BA,Bahia,37931,PINDOBAÇU,14745,7463,7281
Nordeste,BA,Bahia,39837,PINTADAS,7919,4066,3853
Nordeste,BA,Bahia,37940,PIRAÍ DO NORTE,6303,3057,3245
Nordeste,BA,Bahia,37958,PIRIPÁ,9097,4643,4450
Nordeste,BA,Bahia,37974,PIRITIBA,13720,7036,6671
Nordeste,BA,Bahia,37990,PLANALTINO,6566,3187,3378
Nordeste,BA,Bahia,38016,PLANALTO,18732,9731,9000
Nordeste,BA,Bahia,38059,POJUCA,26812,14273,12539
Nordeste,BA,Bahia,38067,PONTO NOVO,13184,6578,6597
Nordeste,BA,Bahia,38075,PORTO SEGURO,88317,47490,40827
Nordeste,BA,Bahia,38091,POTIRAGUÁ,8827,4224,4599
Nordeste,BA,Bahia,38032,POÇÕES,35794,18795,16980
Nordeste,BA,Bahia,38113,PRADO,21414,10866,10530
Nordeste,BA,Bahia,38130,PRESIDENTE DUTRA,10281,5302,4979
Nordeste,BA,Bahia,38156,PRESIDENTE JÂNIO QUADROS,11413,5602,5802
Nordeste,BA,Bahia,38164,PRESIDENTE TANCREDO NEVES,19770,9952,9808
Nordeste,BA,Bahia,39810,PÉ DE SERRA,11247,5740,5505
Nordeste,BA,Bahia,38172,QUEIMADAS,19836,10020,9811
Nordeste,BA,Bahia,38199,QUINJINGUE,20709,10102,10600
Nordeste,BA,Bahia,39845,QUIXABEIRA,8098,4050,4046
Nordeste,BA,Bahia,39853,RAFAEL JAMBEIRO,17634,9288,8331
Nordeste,BA,Bahia,38210,REMANSO,30249,15655,14566
Nordeste,BA,Bahia,38237,RETIROLÂNDIA,11819,6051,5768
Nordeste,BA,Bahia,38296,RIACHO DE SANTANA,23729,11800,11920
Nordeste,BA,Bahia,38253,RIACHÃO DAS NEVES,18445,8997,9438
Nordeste,BA,Bahia,38270,RIACHÃO DO JACUÍPE,25886,13620,12253
Nordeste,BA,Bahia,38318,RIBEIRA DO AMPARO,11963,5897,6065
Nordeste,BA,Bahia,38334,RIBEIRA DO POMBAL,37638,19879,17759
Nordeste,BA,Bahia,38342,RIBEIRÃO DO LARGO,7560,3675,3885
Nordeste,BA,Bahia,38350,RIO DE CONTAS,11922,6151,5767
Nordeste,BA,Bahia,38377,RIO DO ANTÔNIO,11229,5578,5637
Nordeste,BA,Bahia,38393,RIO DO PIRES,10059,5089,4963
Nordeste,BA,Bahia,38415,RIO REAL,29192,15040,14151
Nordeste,BA,Bahia,38431,RODELAS,6447,3324,3123
Nordeste,BA,Bahia,38458,RUY BARBOSA,23789,12527,11249
Nordeste,BA,Bahia,38474,SALINAS DA MARGARIDA,11644,6287,5351
Nordeste,BA,Bahia,38490,SALVADOR,1827436,1022159,805276
Nordeste,BA,Bahia,38539,SANTA BRÍGIDA,12018,5961,6057
Nordeste,BA,Bahia,38512,SANTA BÁRBARA,17858,9589,8269
Nordeste,BA,Bahia,38555,SANTA CRUZ CABRÁLIA,18037,9525,8512
Nordeste,BA,Bahia,38571,SANTA CRUZ DA VITÓRIA,4659,2261,2397
Nordeste,BA,Bahia,38598,SANTA INÊS,8225,4241,3982
Nordeste,BA,Bahia,39870,SANTA LUZIA,9109,4431,4668
Nordeste,BA,Bahia,38636,SANTA MARIA DA VITÓRIA,29919,15183,14705
Nordeste,BA,Bahia,35491,SANTA RITA DE CÁSSIA,22499,10938,11542
Nordeste,BA,Bahia,38695,SANTA TEREZINHA,8849,4490,4315
Nordeste,BA,Bahia,38610,SANTALUZ,30082,15304,14778
Nordeste,BA,Bahia,38652,SANTANA,20265,10083,10171
Nordeste,BA,Bahia,38679,SANTANÓPOLIS,8389,4340,4049
Nordeste,BA,Bahia,38717,SANTO AMARO,46527,24779,21734
Nordeste,BA,Bahia,38733,SANTO ANTÔNIO DE JESUS,67597,37218,30379
Nordeste,BA,Bahia,38750,SANTO ESTEVÃO,35723,19447,16276
Nordeste,BA,Bahia,38911,SAPEAÇU,13896,7485,6411
Nordeste,BA,Bahia,38946,SAUBARA,11514,6087,5422
Nordeste,BA,Bahia,38954,SAÚDE,8789,4478,4311
Nordeste,BA,Bahia,38970,SEABRA,30295,15750,14545
Nordeste,BA,Bahia,38997,SEBASTIÃO LARANJEIRAS,7005,3472,3531
Nordeste,BA,Bahia,39012,SENHOR DO BONFIM,48441,26176,22265
Nordeste,BA,Bahia,39039,SENTO SÉ,28383,13867,14491
Nordeste,BA,Bahia,39047,SERRA DO RAMALHO,23309,11650,11645
Nordeste,BA,Bahia,39055,SERRA DOURADA,15058,7383,7664
Nordeste,BA,Bahia,39071,SERRA PRETA,16950,8663,8284
Nordeste,BA,Bahia,39098,SERRINHA,55769,30172,25597
Nordeste,BA,Bahia,39110,SERROLÂNDIA,9501,4991,4510
Nordeste,BA,Bahia,39136,SIMÕES FILHO,78317,41229,37029
Nordeste,BA,Bahia,39985,SOBRADINHO,17594,9021,8562
Nordeste,BA,Bahia,39152,SOUTO SOARES,13003,6495,6503
Nordeste,BA,Bahia,38938,SÁTIRO DIAS,13563,6720,6834
Nordeste,BA,Bahia,38776,SÃO DESIDÉRIO,21461,10536,10925
Nordeste,BA,Bahia,38806,SÃO DOMINGOS,7303,3759,3544
Nordeste,BA,Bahia,38814,SÃO FELIPE,17016,8747,8269
Nordeste,BA,Bahia,38830,SÃO FRANCISCO DO CONDE,31167,16865,14302
Nordeste,BA,Bahia,38792,SÃO FÉLIX,10122,5280,4842
Nordeste,BA,Bahia,38822,SÃO FÉLIX DO CORIBE,10828,5493,5331
Nordeste,BA,Bahia,39896,SÃO GABRIEL,14537,7351,7186
Nordeste,BA,Bahia,38857,SÃO GONÇALO DOS CAMPOS,27915,14817,13096
Nordeste,BA,Bahia,39926,SÃO JOSÉ DA VITÓRIA,4511,2271,2240
Nordeste,BA,Bahia,38865,SÃO JOSÉ DO JACUÍPE,7915,3998,3914
Nordeste,BA,Bahia,38873,SÃO MIGUEL DAS MATAS,8587,4355,4226
Nordeste,BA,Bahia,38890,SÃO SEBASTIÃO DO PASSÉ,33761,17553,16183
Nordeste,BA,Bahia,39144,SÍTIO DO MATO,9507,4617,4886
Nordeste,BA,Bahia,39900,SÍTIO DO QUINTO,9629,4886,4735
Nordeste,BA,Bahia,39179,TABOCAS DO BREJO VELHO,10264,4984,5269
Nordeste,BA,Bahia,39195,TANHAÇU,16818,8414,8402
Nordeste,BA,Bahia,39918,TANQUE NOVO,12911,6354,6555
Nordeste,BA,Bahia,39217,TANQUINHO,7161,3686,3475
Nordeste,BA,Bahia,39233,TAPEROÁ,12663,6526,6136
Nordeste,BA,Bahia,39250,TAPIRAMUTÁ,11263,5668,5585
Nordeste,BA,Bahia,39934,TEIXEIRA DE FREITAS,104948,55351,49530
Nordeste,BA,Bahia,39276,TEODORO SAMPAIO,6434,3269,3160
Nordeste,BA,Bahia,39292,TEOFILÂNDIA,17154,8726,8423
Nordeste,BA,Bahia,39314,TEOLÂNDIA,10557,5311,5244
Nordeste,BA,Bahia,39330,TERRA NOVA,9859,5118,4737
Nordeste,BA,Bahia,39357,TREMEDAL,16084,8050,8030
Nordeste,BA,Bahia,39373,TUCANO,36135,18910,17225
Nordeste,BA,Bahia,39390,UAUÁ,21072,10750,10311
Nordeste,BA,Bahia,39438,UBAITABA,13887,7442,6445
Nordeste,BA,Bahia,39454,UBATÃ,11242,6101,5141
Nordeste,BA,Bahia,39411,UBAÍRA,16308,8311,7993
Nordeste,BA,Bahia,39470,UIBAÍ,11564,5807,5750
Nordeste,BA,Bahia,39489,UMBURANAS,9744,4828,4916
Nordeste,BA,Bahia,39497,UNA,15168,7579,7589
Nordeste,BA,Bahia,39519,URANDI,12710,6451,6258
Nordeste,BA,Bahia,39535,URUÇUCA,17270,8657,8611
Nordeste,BA,Bahia,39551,UTINGA,13075,6725,6345
Nordeste,BA,Bahia,39594,VALENTE,19284,10063,9221
Nordeste,BA,Bahia,39578,VALENÇA,60690,32794,27895
Nordeste,BA,Bahia,39624,VARZEDO,7902,4057,3845
Nordeste,BA,Bahia,39632,VERA CRUZ,29267,15779,13488
Nordeste,BA,Bahia,39640,VEREDA,6230,2919,3310
Nordeste,BA,Bahia,39659,VITÓRIA DA CONQUISTA,221849,120805,101044
Nordeste,BA,Bahia,39977,VÁRZEA DA ROÇA,10827,5470,5355
Nordeste,BA,Bahia,39616,VÁRZEA DO POÇO,6551,3390,3160
Nordeste,BA,Bahia,39950,VÁRZEA NOVA,9244,4672,4549
Nordeste,BA,Bahia,39675,WAGNER,7206,3635,3571
Nordeste,BA,Bahia,39993,WANDERLEY,10198,4927,5268
Nordeste,BA,Bahia,39691,WENCESLAU GUIMARÃES,15576,7737,7837
Nordeste,BA,Bahia,39713,XIQUE-XIQUE,34740,17757,16972
Nordeste,BA,Bahia,33073,ÁGUA FRIA,12009,6100,5908
Nordeste,BA,Bahia,33090,ÉRICO CARDOSO,8930,4497,4425
Nordeste,CE,Ceará,13013,ABAIARA,6709,3425,3284
Nordeste,CE,Ceará,13145,ACARAPE,10712,5716,4996
Nordeste,CE,Ceará,13030,ACARAÚ,39795,21273,18522
Nordeste,CE,Ceará,13056,ACOPIARA,38117,19684,18427
Nordeste,CE,Ceará,13072,AIUABA,11366,5790,5573
Nordeste,CE,Ceará,13099,ALCÂNTARAS,8941,4655,4286
Nordeste,CE,Ceará,13110,ALTANEIRA,5467,2837,2630
Nordeste,CE,Ceará,13137,ALTO SANTO,12322,6230,6092
Nordeste,CE,Ceará,15873,AMONTADA,30150,14999,15151
Nordeste,CE,Ceará,13153,ANTONINA DO NORTE,6943,3625,3317
Nordeste,CE,Ceará,13170,APUIARÉS,11251,5671,5580
Nordeste,CE,Ceará,13196,AQUIRAZ,54699,27995,26704
Nordeste,CE,Ceará,13218,ARACATI,50642,26933,23708
Nordeste,CE,Ceará,13234,ARACOIABA,22615,11558,11056
Nordeste,CE,Ceará,13420,ARARENDÁ,8959,4557,4394
Nordeste,CE,Ceará,13250,ARARIPE,17715,9086,8624
Nordeste,CE,Ceará,13277,ARATUBA,10407,5218,5189
Nordeste,CE,Ceará,13293,ARNEIROZ,6877,3389,3484
Nordeste,CE,Ceará,13315,ASSARÉ,19161,9781,9367
Nordeste,CE,Ceará,13331,AURORA,19088,9751,9337
Nordeste,CE,Ceará,13358,BAIXIO,5441,2717,2724
Nordeste,CE,Ceará,13382,BANABUIÚ,13872,7003,6869
Nordeste,CE,Ceará,13374,BARBALHA,43242,23292,19950
Nordeste,CE,Ceará,13129,BARREIRA,16117,8628,7489
Nordeste,CE,Ceará,13390,BARRO,15566,8141,7423
Nordeste,CE,Ceará,13404,BARROQUINHA,12153,6154,5999
Nordeste,CE,Ceará,13412,BATURITÉ,25050,13229,11821
Nordeste,CE,Ceará,13439,BEBERIBE,42456,21466,20981
Nordeste,CE,Ceará,13455,BELA CRUZ,19351,10045,9306
Nordeste,CE,Ceará,13471,BOA VIAGEM,37479,19341,18138
Nordeste,CE,Ceará,13498,BREJO SANTO,32911,17584,15327
Nordeste,CE,Ceará,13510,CAMOCIM,43900,23059,20841
Nordeste,CE,Ceará,13536,CAMPOS SALES,21070,11155,9912
Nordeste,CE,Ceará,13552,CANINDÉ,53587,28125,25462
Nordeste,CE,Ceará,13579,CAPISTRANO,14810,7509,7301
Nordeste,CE,Ceará,13595,CARIDADE,15186,7707,7479
Nordeste,CE,Ceará,13633,CARIRIAÇU,21871,11340,10531
Nordeste,CE,Ceará,13617,CARIRÉ,13785,7026,6759
Nordeste,CE,Ceará,13650,CARIÚS,14099,7041,7058
Nordeste,CE,Ceará,13676,CARNAUBAL,12127,6258,5869
Nordeste,CE,Ceará,13692,CASCAVEL,51818,27435,24383
Nordeste,CE,Ceará,13714,CATARINA,8958,4548,4407
Nordeste,CE,Ceará,13447,CATUNDA,7585,3802,3783
Nordeste,CE,Ceará,13730,CAUCAIA,209053,113119,95934
Nordeste,CE,Ceará,13757,CEDRO,18986,9898,9088
Nordeste,CE,Ceará,13773,CHAVAL,9872,5081,4791
Nordeste,CE,Ceará,13161,CHOROZINHO,15885,8070,7815
Nordeste,CE,Ceará,13463,CHORÓ,10389,5185,5204
Nordeste,CE,Ceará,13811,COREAÚ,17976,9206,8770
Nordeste,CE,Ceará,13838,CRATEÚS,54654,29001,25653
Nordeste,CE,Ceará,13854,CRATO,83101,45668,37433
Nordeste,CE,Ceará,15881,CROATÁ,12657,6639,6018
Nordeste,CE,Ceará,15890,CRUZ,18356,9806,8549
Nordeste,CE,Ceará,15989,DEPUTADO IRAPUAN PINHEIRO,7228,3657,3569
Nordeste,CE,Ceará,13200,ERERÊ,5411,2720,2691
Nordeste,CE,Ceará,13226,EUSÉBIO,41880,22580,19300
Nordeste,CE,Ceará,13870,FARIAS BRITO,14797,7706,7091
Nordeste,CE,Ceará,15911,FORQUILHA,17498,8935,8563
Nordeste,CE,Ceará,13897,FORTALEZA,1776365,976018,798962
Nordeste,CE,Ceará,13501,FORTIM,12538,6530,6008
Nordeste,CE,Ceará,13919,FRECHEIRINHA,11366,5786,5580
Nordeste,CE,Ceará,13935,GENERAL SAMPAIO,6829,3411,3418
Nordeste,CE,Ceará,13951,GRANJA,38869,19452,19415
Nordeste,CE,Ceará,13978,GRANJEIRO,5157,2641,2516
Nordeste,CE,Ceará,13064,GRAÇA,13305,6651,6652
Nordeste,CE,Ceará,13994,GROAÍRAS,8169,4158,4011
Nordeste,CE,Ceará,13242,GUAIÚBA,17903,9263,8640
Nordeste,CE,Ceará,14010,GUARACIABA DO NORTE,29505,15327,14178
Nordeste,CE,Ceará,14036,GUARAMIRANGA,5162,2641,2521
Nordeste,CE,Ceará,14052,HIDROLÂNDIA,13960,7099,6861
Nordeste,CE,Ceará,13188,HORIZONTE,52595,27055,25540
Nordeste,CE,Ceará,14060,IBARETAMA,10862,5503,5358
Nordeste,CE,Ceará,14079,IBIAPINA,16989,8865,8123
Nordeste,CE,Ceará,15920,IBICUITINGA,10730,5273,5457
Nordeste,CE,Ceará,15938,ICAPUÍ,15137,7636,7501
Nordeste,CE,Ceará,14095,ICÓ,46357,24786,21570
Nordeste,CE,Ceará,14117,IGUATU,63541,33998,29543
Nordeste,CE,Ceará,14133,INDEPENDÊNCIA,21765,10979,10777
Nordeste,CE,Ceará,13340,IPAPORANGA,8993,4515,4478
Nordeste,CE,Ceará,14150,IPAUMIRIM,9454,4830,4623
Nordeste,CE,Ceará,14176,IPU,33700,17320,16366
Nordeste,CE,Ceará,14192,IPUEIRAS,33076,16787,16281
Nordeste,CE,Ceará,14214,IRACEMA,11776,6135,5638
Nordeste,CE,Ceará,14230,IRAUÇUBA,16134,8272,7862
Nordeste,CE,Ceará,13480,ITAITINGA,26324,13802,12522
Nordeste,CE,Ceará,14257,ITAIÇABA,6443,3371,3072
Nordeste,CE,Ceará,14273,ITAPAJÉ,35583,18597,16986
Nordeste,CE,Ceará,14290,ITAPIPOCA,83614,43035,40579
Nordeste,CE,Ceará,14311,ITAPIÚNA,14670,7464,7206
Nordeste,CE,Ceará,15954,ITAREMA,29048,14744,14304
Nordeste,CE,Ceará,14338,ITATIRA,16768,8418,8349
Nordeste,CE,Ceará,14354,JAGUARETAMA,15505,7783,7710
Nordeste,CE,Ceará,14370,JAGUARIBARA,7926,4045,3878
Nordeste,CE,Ceará,14397,JAGUARIBE,27319,14416,12902
Nordeste,CE,Ceará,14419,JAGUARUANA,26230,13624,12605
Nordeste,CE,Ceará,14435,JARDIM,20040,10552,9487
Nordeste,CE,Ceará,14451,JATI,6436,3351,3085
Nordeste,CE,Ceará,13005,JIJOCA DE JERICOACOARA,13404,7093,6311
Nordeste,CE,Ceará,14478,JUAZEIRO DO NORTE,168958,92734,76224
Nordeste,CE,Ceará,14494,JUCÁS,18419,9676,8743
Nordeste,CE,Ceará,14516,LAVRAS DA MANGABEIRA,21841,11328,10513
Nordeste,CE,Ceará,14532,LIMOEIRO DO NORTE,42372,22245,20127
Nordeste,CE,Ceará,13021,MADALENA,12707,6491,6216
Nordeste,CE,Ceará,15857,MARACANAÚ,151212,81398,69814
Nordeste,CE,Ceará,14559,MARANGUAPE,73288,39205,34081
Nordeste,CE,Ceará,14575,MARCO,20576,10479,10097
Nordeste,CE,Ceará,14591,MARTINÓPOLE,8767,4480,4287
Nordeste,CE,Ceará,14613,MASSAPÊ,29652,15300,14337
Nordeste,CE,Ceará,14630,MAURITI,31998,16690,15308
Nordeste,CE,Ceará,14656,MERUOCA,10739,5539,5200
Nordeste,CE,Ceará,14672,MILAGRES,20905,10828,10077
Nordeste,CE,Ceará,15970,MILHÃ,11527,5882,5628
Nordeste,CE,Ceará,14680,MIRAÍMA,10524,5109,5415
Nordeste,CE,Ceará,14699,MISSÃO VELHA,26745,14072,12673
Nordeste,CE,Ceará,14710,MOMBAÇA,30088,15751,14337
Nordeste,CE,Ceará,14737,MONSENHOR TABOSA,15412,7772,7638
Nordeste,CE,Ceará,14753,MORADA NOVA,50696,26540,24156
Nordeste,CE,Ceará,14770,MORAÚJO,6912,3468,3442
Nordeste,CE,Ceará,14796,MORRINHOS,16643,8467,8171
Nordeste,CE,Ceará,14818,MUCAMBO,13349,6996,6344
Nordeste,CE,Ceará,14834,MULUNGU,7923,4089,3834
Nordeste,CE,Ceará,14850,NOVA OLINDA,11482,5968,5514
Nordeste,CE,Ceará,14877,NOVA RUSSAS,24157,12692,11454
Nordeste,CE,Ceará,14893,NOVO ORIENTE,22624,11831,10789
Nordeste,CE,Ceará,13307,OCARA,21863,10844,11019
Nordeste,CE,Ceará,14915,ORÓS,18749,9794,8947
Nordeste,CE,Ceará,14931,PACAJUS,46362,24517,21845
Nordeste,CE,Ceará,14958,PACATUBA,42349,23041,19308
Nordeste,CE,Ceará,14974,PACOTI,9765,5095,4670
Nordeste,CE,Ceará,14990,PACUJÁ,5989,3070,2919
Nordeste,CE,Ceará,15016,PALHANO,8056,4076,3980
Nordeste,CE,Ceará,15032,PALMÁCIA,8554,4375,4179
Nordeste,CE,Ceará,15059,PARACURU,28406,14849,13556
Nordeste,CE,Ceará,15997,PARAIPABA,23248,11935,11313
Nordeste,CE,Ceará,15075,PARAMBU,28020,14794,13205
Nordeste,CE,Ceará,15091,PARAMOTI,9090,4582,4508
Nordeste,CE,Ceará,15113,PEDRA BRANCA,31485,16525,14960
Nordeste,CE,Ceará,15130,PENAFORTE,7369,3783,3586
Nordeste,CE,Ceará,15156,PENTECOSTE,30043,15390,14653
Nordeste,CE,Ceará,15172,PEREIRO,14614,7295,7313
Nordeste,CE,Ceará,13285,PINDORETAMA,16613,8911,7702
Nordeste,CE,Ceará,15199,PIQUET CARNEIRO,11027,5693,5327
Nordeste,CE,Ceará,13048,PIRES FERREIRA,7908,3903,4002
Nordeste,CE,Ceará,15210,PORANGA,10081,5071,5008
Nordeste,CE,Ceará,15237,PORTEIRAS,12823,6698,6125
Nordeste,CE,Ceará,15253,POTENGI,7451,3898,3549
Nordeste,CE,Ceará,13269,POTIRETAMA,5397,2651,2745
Nordeste,CE,Ceará,13102,QUITERIANÓPOLIS,16647,8496,8148
Nordeste,CE,Ceará,15270,QUIXADÁ,54240,29080,25155
Nordeste,CE,Ceará,98531,QUIXELÔ,12727,6341,6386
Nordeste,CE,Ceará,15296,QUIXERAMOBIM,56473,28749,27705
Nordeste,CE,Ceará,15318,QUIXERÉ,16430,8378,8052
Nordeste,CE,Ceará,15334,REDENÇÃO,21876,11607,10269
Nordeste,CE,Ceará,15350,RERIUTABA,16387,8292,8081
Nordeste,CE,Ceará,15377,RUSSAS,53371,28342,25029
Nordeste,CE,Ceará,15393,SABOEIRO,13430,6893,6537
Nordeste,CE,Ceará,15440,SALITRE,13122,6573,6547
Nordeste,CE,Ceará,15458,SANTA QUITÉRIA,30572,15718,14851
Nordeste,CE,Ceará,15415,SANTANA DO ACARAÚ,25162,12732,12421
Nordeste,CE,Ceará,15431,SANTANA DO CARIRI,12414,6339,6075
Nordeste,CE,Ceará,15555,SENADOR POMPEU,21474,11160,10305
Nordeste,CE,Ceará,15571,SENADOR SÁ,6053,3032,3019
Nordeste,CE,Ceará,15598,SOBRAL,137510,73013,64497
Nordeste,CE,Ceará,15610,SOLONÓPOLE,14843,7577,7253
Nordeste,CE,Ceará,15474,SÃO BENEDITO,33229,17358,15871
Nordeste,CE,Ceará,15490,SÃO GONÇALO DO AMARANTE,40196,20584,19612
Nordeste,CE,Ceará,15512,SÃO JOÃO DO JAGUARIBE,6944,3596,3348
Nordeste,CE,Ceará,15539,SÃO LUÍS DO CURU,10669,5568,5101
Nordeste,CE,Ceará,15636,TABULEIRO DO NORTE,25427,13401,12021
Nordeste,CE,Ceará,15652,TAMBORIL,21284,10809,10462
Nordeste,CE,Ceará,13366,TARRAFAS,7617,3831,3785
Nordeste,CE,Ceará,15679,TAUÁ,45714,23942,21745
Nordeste,CE,Ceará,13323,TEJUÇUOCA,13855,6891,6964
Nordeste,CE,Ceará,15695,TIANGUÁ,51147,27089,24058
Nordeste,CE,Ceará,15717,TRAIRI,40362,20603,19759
Nordeste,CE,Ceará,13080,TURURU,12838,6433,6405
Nordeste,CE,Ceará,15733,UBAJARA,22834,11931,10903
Nordeste,CE,Ceará,15750,UMARI,6357,3210,3147
Nordeste,CE,Ceará,98558,UMIRIM,13932,7073,6859
Nordeste,CE,Ceará,15776,URUBURETAMA,15897,8177,7720
Nordeste,CE,Ceará,15792,URUOCA,9977,5059,4918
Nordeste,CE,Ceará,98574,VARJOTA,15563,7875,7677
Nordeste,CE,Ceará,15830,VIÇOSA DO CEARÁ,42123,21540,20583
Nordeste,CE,Ceará,15814,VÁRZEA ALEGRE,29349,15554,13795
Centro-Oeste,DF,Distrito Federal,97012,BRASÍLIA,2084356,1122202,962153
Sudeste,ES,Espírito Santo,56014,AFONSO CLÁUDIO,25461,12903,12547
Sudeste,ES,Espírito Santo,56030,ALEGRE,23130,11955,11175
Sudeste,ES,Espírito Santo,56057,ALFREDO CHAVES,12172,6025,6135
Sudeste,ES,Espírito Santo,56065,ALTO RIO NOVO,6296,3196,3097
Sudeste,ES,Espírito Santo,56073,ANCHIETA,20322,10587,9735
Sudeste,ES,Espírito Santo,56090,APIACÁ,6086,3086,3000
Sudeste,ES,Espírito Santo,56111,ARACRUZ,69628,35077,34481
Sudeste,ES,Espírito Santo,56138,ATÍLIO VIVÁCQUA,8773,4328,4438
Sudeste,ES,Espírito Santo,56154,BAIXO GUANDU,22833,11853,10980
Sudeste,ES,Espírito Santo,56170,BARRA DE SÃO FRANCISCO,33973,17488,16459
Sudeste,ES,Espírito Santo,56197,BOA ESPERANÇA,10385,5331,5054
Sudeste,ES,Espírito Santo,56219,BOM JESUS DO NORTE,7019,3676,3343
Sudeste,ES,Espírito Santo,56146,BREJETUBA,9724,4629,5092
Sudeste,ES,Espírito Santo,56235,CACHOEIRO DE ITAPEMIRIM,138668,73637,64909
Sudeste,ES,Espírito Santo,56251,CARIACICA,259593,137778,121651
Sudeste,ES,Espírito Santo,56278,CASTELO,28548,14627,13921
Sudeste,ES,Espírito Santo,56294,COLATINA,89503,47187,42272
Sudeste,ES,Espírito Santo,56316,CONCEIÇÃO DA BARRA,22711,11595,11111
Sudeste,ES,Espírito Santo,56332,CONCEIÇÃO DO CASTELO,9839,4965,4870
Sudeste,ES,Espírito Santo,56359,DIVINO DE SÃO LOURENÇO,3781,1803,1978
Sudeste,ES,Espírito Santo,56375,DOMINGOS MARTINS,26943,13364,13579
Sudeste,ES,Espírito Santo,56391,DORES DO RIO PRETO,5759,2849,2910
Sudeste,ES,Espírito Santo,56413,ECOPORANGA,19031,9632,9390
Sudeste,ES,Espírito Santo,56430,FUNDÃO,14057,7004,7033
Sudeste,ES,Espírito Santo,56308,GOVERNADOR LINDENBERG,8870,4355,4510
Sudeste,ES,Espírito Santo,56472,GUARAPARI,91973,47542,44371
Sudeste,ES,Espírito Santo,56456,GUAÇUÍ,21685,11410,10261
Sudeste,ES,Espírito Santo,57096,IBATIBA,16622,8630,7992
Sudeste,ES,Espírito Santo,56499,IBIRAÇU,9420,4872,4548
Sudeste,ES,Espírito Santo,56502,IBITIRAMA,6492,3219,3273
Sudeste,ES,Espírito Santo,56510,ICONHA,11088,5492,5594
Sudeste,ES,Espírito Santo,56049,IRUPI,10596,5201,5391
Sudeste,ES,Espírito Santo,56537,ITAGUAÇU,11305,5619,5686
Sudeste,ES,Espírito Santo,56553,ITAPEMIRIM,30517,15965,14552
Sudeste,ES,Espírito Santo,56570,ITARANA,9182,4555,4627
Sudeste,ES,Espírito Santo,56596,IÚNA,21139,10638,10488
Sudeste,ES,Espírito Santo,57134,JAGUARÉ,21348,10723,10616
Sudeste,ES,Espírito Santo,56618,JERÔNIMO MONTEIRO,9761,5027,4730
Sudeste,ES,Espírito Santo,56626,JOÃO NEIVA,12554,6447,6107
Sudeste,ES,Espírito Santo,57916,LARANJA DA TERRA,8501,4172,4329
Sudeste,ES,Espírito Santo,56634,LINHARES,112502,58029,54322
Sudeste,ES,Espírito Santo,56650,MANTENÓPOLIS,10970,5592,5375
Sudeste,ES,Espírito Santo,56120,MARATAÍZES,28123,14681,13439
Sudeste,ES,Espírito Santo,56103,MARECHAL FLORIANO,12333,6166,6167
Sudeste,ES,Espírito Santo,57070,MARILÂNDIA,9655,4854,4801
Sudeste,ES,Espírito Santo,56677,MIMOSO DO SUL,18949,9522,9427
Sudeste,ES,Espírito Santo,56693,MONTANHA,14652,7541,7079
Sudeste,ES,Espírito Santo,56715,MUCURICI,4914,2455,2459
Sudeste,ES,Espírito Santo,56731,MUNIZ FREIRE,14112,7094,7018
Sudeste,ES,Espírito Santo,56758,MUQUI,11044,5552,5489
Sudeste,ES,Espírito Santo,56774,NOVA VENÉCIA,38591,19785,18788
Sudeste,ES,Espírito Santo,56790,PANCAS,16321,8172,8138
Sudeste,ES,Espírito Santo,57150,PEDRO CANÁRIO,18232,9219,9007
Sudeste,ES,Espírito Santo,56812,PINHEIROS,17848,9288,8543
Sudeste,ES,Espírito Santo,56839,PIÚMA,16269,8413,7848
Sudeste,ES,Espírito Santo,56200,PONTO BELO,6157,3071,3086
Sudeste,ES,Espírito Santo,56855,PRESIDENTE KENNEDY,10959,5619,5340
Sudeste,ES,Espírito Santo,57118,RIO BANANAL,15249,7424,7809
Sudeste,ES,Espírito Santo,56871,RIO NOVO DO SUL,8617,4328,4289
Sudeste,ES,Espírito Santo,56898,SANTA LEOPOLDINA,9906,4723,5183
Sudeste,ES,Espírito Santo,57932,SANTA MARIA DE JETIBÁ,28768,14261,14489
Sudeste,ES,Espírito Santo,56910,SANTA TERESA,19036,9504,9532
Sudeste,ES,Espírito Santo,56995,SERRA,320800,169575,151105
Sudeste,ES,Espírito Santo,56189,SOORETAMA,19110,9621,9480
Sudeste,ES,Espírito Santo,56006,SÃO DOMINGOS DO NORTE,6906,3329,3577
Sudeste,ES,Espírito Santo,56936,SÃO GABRIEL DA PALHA,25450,13240,12197
Sudeste,ES,Espírito Santo,56952,SÃO JOSÉ DO CALÇADO,7815,4068,3747
Sudeste,ES,Espírito Santo,56979,SÃO MATEUS,82650,42872,39719
Sudeste,ES,Espírito Santo,56162,SÃO ROQUE DO CANAÃ,9063,4446,4617
Sudeste,ES,Espírito Santo,57959,VARGEM ALTA,15468,7579,7876
Sudeste,ES,Espírito Santo,57975,VENDA NOVA DO IMIGRANTE,18174,9250,8918
Sudeste,ES,Espírito Santo,57010,VIANA,47934,24910,23024
Sudeste,ES,Espírito Santo,56081,VILA PAVÃO,6945,3412,3533
Sudeste,ES,Espírito Santo,56227,VILA VALÉRIO,11964,5787,6177
Sudeste,ES,Espírito Santo,57037,VILA VELHA,298748,163025,135720
Sudeste,ES,Espírito Santo,57053,VITÓRIA,247297,135563,111734
Sudeste,ES,Espírito Santo,56022,ÁGUA DOCE DO NORTE,10040,5079,4961
Sudeste,ES,Espírito Santo,57991,ÁGUIA BRANCA,7869,3908,3961
Centro-Oeste,GO,Goiás,93360,ABADIA DE GOIÁS,8375,4299,4076
Centro-Oeste,GO,Goiás,92010,ABADIÂNIA,9079,4713,4366
Centro-Oeste,GO,Goiás,96458,ACREÚNA,13680,6979,6701
Centro-Oeste,GO,Goiás,96911,ADELÂNDIA,2314,1165,1149
Centro-Oeste,GO,Goiás,92053,ALEXÂNIA,17735,9240,8495
Centro-Oeste,GO,Goiás,92096,ALOÂNDIA,1790,880,910
Centro-Oeste,GO,Goiás,92940,ALTO HORIZONTE,5653,2799,2854
Centro-Oeste,GO,Goiás,92118,ALTO PARAÍSO DE GOIÁS,5551,2946,2605
Centro-Oeste,GO,Goiás,92150,ALVORADA DO NORTE,6238,3199,3039
Centro-Oeste,GO,Goiás,93386,AMARALINA,2916,1369,1547
Centro-Oeste,GO,Goiás,96610,AMERICANO DO BRASIL,4454,2244,2210
Centro-Oeste,GO,Goiás,92177,AMORINÓPOLIS,3359,1663,1696
Centro-Oeste,GO,Goiás,92231,ANHANGÜERA,1050,500,550
Centro-Oeste,GO,Goiás,92258,ANICUNS,13574,7099,6475
Centro-Oeste,GO,Goiás,92215,ANÁPOLIS,268394,142794,125600
Centro-Oeste,GO,Goiás,92274,APARECIDA DE GOIÂNIA,297995,156797,141198
Centro-Oeste,GO,Goiás,93009,APARECIDA DO RIO DOCE,2417,1184,1233
Centro-Oeste,GO,Goiás,92290,APORÉ,3036,1501,1535
Centro-Oeste,GO,Goiás,92339,ARAGARÇAS,11186,6013,5173
Centro-Oeste,GO,Goiás,92355,ARAGOIÂNIA,7715,3917,3798
Centro-Oeste,GO,Goiás,96695,ARAGUAPAZ,5972,2934,3038
Centro-Oeste,GO,Goiás,92312,ARAÇU,3739,1920,1819
Centro-Oeste,GO,Goiás,96717,ARENÓPOLIS,3054,1491,1563
Centro-Oeste,GO,Goiás,92495,ARUANÃ,5938,2878,3060
Centro-Oeste,GO,Goiás,92517,AURILÂNDIA,3205,1612,1593
Centro-Oeste,GO,Goiás,92550,AVELINÓPOLIS,2750,1403,1347
Centro-Oeste,GO,Goiás,92614,BALIZA,2334,1093,1241
Centro-Oeste,GO,Goiás,92630,BARRO ALTO,8775,4331,4444
Centro-Oeste,GO,Goiás,92657,BELA VISTA DE GOIÁS,21555,10757,10798
Centro-Oeste,GO,Goiás,92673,BOM JARDIM DE GOIÁS,6025,3094,2931
Centro-Oeste,GO,Goiás,92690,BOM JESUS DE GOIÁS,16006,7967,8039
Centro-Oeste,GO,Goiás,92029,BONFINÓPOLIS,5192,2750,2442
Centro-Oeste,GO,Goiás,93408,BONÓPOLIS,2741,1335,1406
Centro-Oeste,GO,Goiás,92711,BRAZABRANTES,3082,1573,1509
Centro-Oeste,GO,Goiás,92754,BRITÂNIA,4218,2148,2070
Centro-Oeste,GO,Goiás,92770,BURITI ALEGRE,7940,4021,3919
Centro-Oeste,GO,Goiás,93106,BURITI DE GOIÁS,2702,1342,1360
Centro-Oeste,GO,Goiás,93262,BURITINÓPOLIS,3222,1556,1666
Centro-Oeste,GO,Goiás,92797,CABECEIRAS,5736,2864,2872
Centro-Oeste,GO,Goiás,92819,CACHOEIRA ALTA,7605,3759,3846
Centro-Oeste,GO,Goiás,92835,CACHOEIRA DE GOIÁS,1732,845,887
Centro-Oeste,GO,Goiás,96733,CACHOEIRA DOURADA,7028,3473,3555
Centro-Oeste,GO,Goiás,92878,CAIAPÔNIA,12840,6551,6289
Centro-Oeste,GO,Goiás,92894,CALDAS NOVAS,58714,30715,27999
Centro-Oeste,GO,Goiás,93122,CALDAZINHA,3029,1483,1546
Centro-Oeste,GO,Goiás,92916,CAMPESTRE DE GOIÁS,3604,1760,1844
Centro-Oeste,GO,Goiás,96873,CAMPINAÇU,2729,1338,1391
Centro-Oeste,GO,Goiás,92932,CAMPINORTE,8703,4364,4339
Centro-Oeste,GO,Goiás,92959,CAMPO ALEGRE DE GOIÁS,4915,2362,2553
Centro-Oeste,GO,Goiás,93580,CAMPO LIMPO DE GOIÁS,5543,2810,2733
Centro-Oeste,GO,Goiás,92975,CAMPOS BELOS,13511,6926,6585
Centro-Oeste,GO,Goiás,92061,CAMPOS VERDES,3506,1775,1731
Centro-Oeste,GO,Goiás,92991,CARMO DO RIO VERDE,6769,3401,3368
Centro-Oeste,GO,Goiás,92967,CASTELÂNDIA,3384,1644,1740
Centro-Oeste,GO,Goiás,93017,CATALÃO,69441,36050,33391
Centro-Oeste,GO,Goiás,93033,CATURAÍ,4177,2088,2089
Centro-Oeste,GO,Goiás,93050,CAVALCANTE,6154,3024,3130
Centro-Oeste,GO,Goiás,92851,CAÇU,9789,4966,4823
Centro-Oeste,GO,Goiás,93076,CERES,15314,8121,7193
Centro-Oeste,GO,Goiás,92100,CEZARINA,7138,3538,3600
Centro-Oeste,GO,Goiás,92924,CHAPADÃO DO CÉU,7290,3485,3805
Centro-Oeste,GO,Goiás,93025,CIDADE OCIDENTAL,36973,20096,16877
Centro-Oeste,GO,Goiás,92886,COCALZINHO DE GOIÁS,14897,7363,7534
Centro-Oeste,GO,Goiás,92126,COLINAS DO SUL,3102,1482,1620
Centro-Oeste,GO,Goiás,93190,CORUMBAÍBA,6334,3161,3173
Centro-Oeste,GO,Goiás,93173,CORUMBÁ DE GOIÁS,7365,3622,3743
Centro-Oeste,GO,Goiás,93254,CRISTALINA,31474,16200,15274
Centro-Oeste,GO,Goiás,93270,CRISTIANÓPOLIS,3148,1557,1591
Centro-Oeste,GO,Goiás,93297,CRIXÁS,11874,5885,5989
Centro-Oeste,GO,Goiás,93319,CROMÍNIA,3166,1611,1555
Centro-Oeste,GO,Goiás,93335,CUMARI,2413,1192,1221
Centro-Oeste,GO,Goiás,93157,CÓRREGO DO OURO,2361,1184,1177
Centro-Oeste,GO,Goiás,93351,DAMIANÓPOLIS,3452,1712,1740
Centro-Oeste,GO,Goiás,93378,DAMOLÂNDIA,3259,1621,1638
Centro-Oeste,GO,Goiás,93394,DAVINÓPOLIS,3131,1467,1664
Centro-Oeste,GO,Goiás,93432,DIORAMA,2093,1033,1060
Centro-Oeste,GO,Goiás,93092,DIVINÓPOLIS DE GOIÁS,4471,2180,2291
Centro-Oeste,GO,Goiás,96750,DOVERLÂNDIA,5955,2868,3087
Centro-Oeste,GO,Goiás,92207,EDEALINA,3843,1874,1969
Centro-Oeste,GO,Goiás,93491,EDÉIA,9216,4712,4504
Centro-Oeste,GO,Goiás,93513,ESTRELA DO NORTE,2758,1412,1346
Centro-Oeste,GO,Goiás,92223,FAINA,6051,2905,3146
Centro-Oeste,GO,Goiás,93530,FAZENDA NOVA,4754,2367,2387
Centro-Oeste,GO,Goiás,93572,FIRMINÓPOLIS,7852,4139,3713
Centro-Oeste,GO,Goiás,93599,FLORES DE GOIÁS,6290,2971,3319
Centro-Oeste,GO,Goiás,93610,FORMOSA,68292,36422,31870
Centro-Oeste,GO,Goiás,93637,FORMOSO,4091,2029,2062
Centro-Oeste,GO,Goiás,93564,GAMELEIRA DE GOIÁS,2760,1357,1403
Centro-Oeste,GO,Goiás,93696,GOIANDIRA,3883,1995,1888
Centro-Oeste,GO,Goiás,93750,GOIANIRA,33462,17390,16072
Centro-Oeste,GO,Goiás,93670,GOIANÁPOLIS,10241,5224,5017
Centro-Oeste,GO,Goiás,93718,GOIANÉSIA,50529,26145,24384
Centro-Oeste,GO,Goiás,93793,GOIATUBA,24650,12842,11808
Centro-Oeste,GO,Goiás,93777,GOIÁS,18649,9684,8965
Centro-Oeste,GO,Goiás,93734,GOIÂNIA,977479,532531,444948
Centro-Oeste,GO,Goiás,92266,GOUVELÂNDIA,3488,1737,1751
Centro-Oeste,GO,Goiás,93815,GUAPÓ,12582,6459,6123
Centro-Oeste,GO,Goiás,93831,GUARANI DE GOIÁS,3461,1605,1856
Centro-Oeste,GO,Goiás,93149,GUARAÍTA,2424,1174,1250
Centro-Oeste,GO,Goiás,92860,GUARINOS,2056,971,1085
Centro-Oeste,GO,Goiás,93874,HEITORAÍ,3291,1671,1620
Centro-Oeste,GO,Goiás,93912,HIDROLINA,3288,1610,1678
Centro-Oeste,GO,Goiás,93890,HIDROLÂNDIA,16157,8027,8130
Centro-Oeste,GO,Goiás,93939,IACIARA,6960,3641,3319
Centro-Oeste,GO,Goiás,93165,INACIOLÂNDIA,4042,2031,2011
Centro-Oeste,GO,Goiás,96814,INDIARA,10598,5380,5218
Centro-Oeste,GO,Goiás,93955,INHUMAS,39834,20994,18840
Centro-Oeste,GO,Goiás,93971,IPAMERI,19450,9982,9468
Centro-Oeste,GO,Goiás,93548,IPIRANGA DE GOIÁS,2606,1250,1356
Centro-Oeste,GO,Goiás,93998,IPORÁ,24149,12793,11356
Centro-Oeste,GO,Goiás,94013,ISRAELÂNDIA,2570,1273,1297
Centro-Oeste,GO,Goiás,94030,ITABERAÍ,29020,15001,14019
Centro-Oeste,GO,Goiás,92282,ITAGUARI,4504,2259,2245
Centro-Oeste,GO,Goiás,94072,ITAGUARU,5142,2547,2595
Centro-Oeste,GO,Goiás,94110,ITAJÁ,3522,1814,1708
Centro-Oeste,GO,Goiás,94137,ITAPACI,14609,7376,7233
Centro-Oeste,GO,Goiás,94153,ITAPIRAPUÃ,6499,3294,3205
Centro-Oeste,GO,Goiás,94196,ITAPURANGA,20611,10870,9741
Centro-Oeste,GO,Goiás,94218,ITARUMÃ,4144,2047,2097
Centro-Oeste,GO,Goiás,94234,ITAUÇU,6358,3302,3056
Centro-Oeste,GO,Goiás,94250,ITUMBIARA,71507,37794,33713
Centro-Oeste,GO,Goiás,94277,IVOLÂNDIA,2579,1265,1314
Centro-Oeste,GO,Goiás,94293,JANDAIA,5596,2772,2824
Centro-Oeste,GO,Goiás,94315,JARAGUÁ,28980,15251,13729
Centro-Oeste,GO,Goiás,94331,JATAÍ,68386,35596,32790
Centro-Oeste,GO,Goiás,94358,JAUPACI,2602,1310,1292
Centro-Oeste,GO,Goiás,92983,JESÚPOLIS,2196,1059,1137
Centro-Oeste,GO,Goiás,94374,JOVIÂNIA,5194,2631,2563
Centro-Oeste,GO,Goiás,94390,JUSSARA,13551,7164,6387
Centro-Oeste,GO,Goiás,93602,LAGOA SANTA,1474,732,742
Centro-Oeste,GO,Goiás,94439,LEOPOLDO DE BULHÕES,5546,2823,2723
Centro-Oeste,GO,Goiás,94455,LUZIÂNIA,110991,59014,51977
Centro-Oeste,GO,Goiás,94471,MAIRIPOTABA,2147,1090,1057
Centro-Oeste,GO,Goiás,94498,MAMBAÍ,5512,2667,2845
Centro-Oeste,GO,Goiás,94510,MARA ROSA,7703,3857,3846
Centro-Oeste,GO,Goiás,94536,MARZAGÃO,2144,1080,1064
Centro-Oeste,GO,Goiás,92320,MATRINCHÃ,3256,1649,1607
Centro-Oeste,GO,Goiás,94579,MAURILÂNDIA,7079,3474,3605
Centro-Oeste,GO,Goiás,92347,MIMOSO DE GOIÁS,2466,1187,1279
Centro-Oeste,GO,Goiás,96474,MINAÇU,21354,10845,10509
Centro-Oeste,GO,Goiás,94595,MINEIROS,40739,20855,19884
Centro-Oeste,GO,Goiás,94650,MOIPORÁ,2049,999,1050
Centro-Oeste,GO,Goiás,94676,MONTE ALEGRE DE GOIÁS,5223,2560,2663
Centro-Oeste,GO,Goiás,94714,MONTES CLAROS DE GOIÁS,6264,3139,3125
Centro-Oeste,GO,Goiás,92363,MONTIVIDIU,8874,4310,4564
Centro-Oeste,GO,Goiás,93181,MONTIVIDIU DO NORTE,3172,1528,1644
Centro-Oeste,GO,Goiás,94730,MORRINHOS,34248,17731,16517
Centro-Oeste,GO,Goiás,92169,MORRO AGUDO DE GOIÁS,2325,1141,1184
Centro-Oeste,GO,Goiás,94757,MOSSÂMEDES,4409,2169,2240
Centro-Oeste,GO,Goiás,94773,MOZARLÂNDIA,11120,5559,5561
Centro-Oeste,GO,Goiás,96512,MUNDO NOVO,4397,2181,2216
Centro-Oeste,GO,Goiás,94790,MUTUNÓPOLIS,3252,1583,1669
Centro-Oeste,GO,Goiás,94854,NAZÁRIO,6656,3392,3264
Centro-Oeste,GO,Goiás,94870,NERÓPOLIS,21886,11419,10467
Centro-Oeste,GO,Goiás,94897,NIQUELÂNDIA,27607,13976,13631
Centro-Oeste,GO,Goiás,94919,NOVA AMÉRICA,2099,1041,1058
Centro-Oeste,GO,Goiás,94935,NOVA AURORA,1854,901,953
Centro-Oeste,GO,Goiás,96539,NOVA CRIXÁS,8773,4224,4549
Centro-Oeste,GO,Goiás,96555,NOVA GLÓRIA,6245,3215,3030
Centro-Oeste,GO,Goiás,93084,NOVA IGUAÇU DE GOIÁS,2822,1344,1478
Centro-Oeste,GO,Goiás,94951,NOVA ROMA,2494,1199,1295
Centro-Oeste,GO,Goiás,94978,NOVA VENEZA,7113,3545,3568
Centro-Oeste,GO,Goiás,95010,NOVO BRASIL,3085,1560,1525
Centro-Oeste,GO,Goiás,93327,NOVO GAMA,40451,22465,17986
Centro-Oeste,GO,Goiás,92444,NOVO PLANALTO,3223,1574,1649
Centro-Oeste,GO,Goiás,95036,ORIZONA,11649,5756,5893
Centro-Oeste,GO,Goiás,95052,OURO VERDE DE GOIÁS,3450,1745,1705
Centro-Oeste,GO,Goiás,95079,OUVIDOR,7425,3589,3836
Centro-Oeste,GO,Goiás,95095,PADRE BERNARDO,17050,8810,8240
Centro-Oeste,GO,Goiás,92460,PALESTINA DE GOIÁS,3244,1574,1670
Centro-Oeste,GO,Goiás,95117,PALMEIRAS DE GOIÁS,20208,10551,9657
Centro-Oeste,GO,Goiás,95133,PALMELO,2106,1081,1025
Centro-Oeste,GO,Goiás,95150,PALMINÓPOLIS,3686,1875,1811
Centro-Oeste,GO,Goiás,95176,PANAMÁ,2416,1179,1237
Centro-Oeste,GO,Goiás,94552,PARANAIGUARA,7087,3634,3453
Centro-Oeste,GO,Goiás,95230,PARAÚNA,8428,4320,4108
Centro-Oeste,GO,Goiás,93068,PEROLÂNDIA,2960,1410,1550
Centro-Oeste,GO,Goiás,95311,PETROLINA DE GOIÁS,7044,3636,3408
Centro-Oeste,GO,Goiás,95354,PILAR DE GOIÁS,2841,1352,1489
Centro-Oeste,GO,Goiás,95397,PIRACANJUBA,18851,9522,9329
Centro-Oeste,GO,Goiás,95419,PIRANHAS,9182,4634,4548
Centro-Oeste,GO,Goiás,95435,PIRENÓPOLIS,18029,9127,8902
Centro-Oeste,GO,Goiás,95451,PIRES DO RIO,20235,10661,9574
Centro-Oeste,GO,Goiás,95958,PLANALTINA,54167,28846,25321
Centro-Oeste,GO,Goiás,95494,PONTALINA,13407,6922,6485
Centro-Oeste,GO,Goiás,95559,PORANGATU,29475,15462,14013
Centro-Oeste,GO,Goiás,93424,PORTEIRÃO,2763,1300,1463
Centro-Oeste,GO,Goiás,95575,PORTELÂNDIA,3055,1503,1552
Centro-Oeste,GO,Goiás,95613,POSSE,22220,11408,10812
Centro-Oeste,GO,Goiás,93041,PROFESSOR JAMIL,2676,1359,1317
Centro-Oeste,GO,Goiás,95630,QUIRINÓPOLIS,31671,16499,15172
Centro-Oeste,GO,Goiás,95656,RIALMA,8253,4331,3922
Centro-Oeste,GO,Goiás,95672,RIANÁPOLIS,3654,1862,1792
Centro-Oeste,GO,Goiás,92827,RIO QUENTE,3400,1647,1753
Centro-Oeste,GO,Goiás,95710,RIO VERDE,128948,67160,61788
Centro-Oeste,GO,Goiás,95737,RUBIATABA,14511,7590,6921
Centro-Oeste,GO,Goiás,95753,SANCLERLÂNDIA,6422,3322,3100
Centro-Oeste,GO,Goiás,95770,SANTA BÁRBARA DE GOIÁS,5065,2597,2468
Centro-Oeste,GO,Goiás,95796,SANTA CRUZ DE GOIÁS,2652,1254,1398
Centro-Oeste,GO,Goiás,92568,SANTA FÉ DE GOIÁS,3509,1745,1764
Centro-Oeste,GO,Goiás,95818,SANTA HELENA DE GOIÁS,28338,14649,13689
Centro-Oeste,GO,Goiás,96890,SANTA ISABEL,3348,1636,1712
Centro-Oeste,GO,Goiás,95834,SANTA RITA DO ARAGUAIA,3949,1991,1958
Centro-Oeste,GO,Goiás,93440,SANTA RITA DO NOVO DESTINO,2594,1233,1361
Centro-Oeste,GO,Goiás,95850,SANTA ROSA DE GOIÁS,2718,1386,1332
Centro-Oeste,GO,Goiás,95877,SANTA TEREZA DE GOIÁS,2959,1498,1461
Centro-Oeste,GO,Goiás,95893,SANTA TEREZINHA DE GOIÁS,6869,3583,3286
Centro-Oeste,GO,Goiás,93203,SANTO ANTÔNIO DA BARRA,3726,1767,1959
Centro-Oeste,GO,Goiás,92908,SANTO ANTÔNIO DE GOIÁS,5559,2821,2738
Centro-Oeste,GO,Goiás,96776,SANTO ANTÔNIO DO DESCOBERTO,39482,21037,18445
Centro-Oeste,GO,Goiás,92703,SENADOR CANEDO,71061,37350,33711
Centro-Oeste,GO,Goiás,96075,SERRANÓPOLIS,5920,2800,3120
Centro-Oeste,GO,Goiás,96091,SILVÂNIA,14817,7460,7357
Centro-Oeste,GO,Goiás,92720,SIMOLÂNDIA,5378,2728,2650
Centro-Oeste,GO,Goiás,95915,SÃO DOMINGOS,6589,3206,3383
Centro-Oeste,GO,Goiás,95931,SÃO FRANCISCO DE GOIÁS,4149,2133,2016
Centro-Oeste,GO,Goiás,95974,SÃO JOÃO D'ALIANÇA,6046,2998,3048
Centro-Oeste,GO,Goiás,92622,SÃO JOÃO DA PARAÚNA,1825,931,894
Centro-Oeste,GO,Goiás,92649,SÃO LUIZ DO NORTE,3907,1948,1959
Centro-Oeste,GO,Goiás,95990,SÃO LUÍS DE MONTES BELOS,22789,12114,10675
Centro-Oeste,GO,Goiás,96016,SÃO MIGUEL DO ARAGUAIA,16982,8694,8288
Centro-Oeste,GO,Goiás,92665,SÃO MIGUEL DO PASSA QUATRO,3174,1558,1616
Centro-Oeste,GO,Goiás,93483,SÃO PATRÍCIO,2185,1076,1109
Centro-Oeste,GO,Goiás,96059,SÃO SIMÃO,13489,6876,6613
Centro-Oeste,GO,Goiás,96113,SÍTIO D'ABADIA,2821,1329,1492
Centro-Oeste,GO,Goiás,96172,TAQUARAL DE GOIÁS,4349,2154,2195
Centro-Oeste,GO,Goiás,92762,TERESINA DE GOIÁS,2295,1126,1169
Centro-Oeste,GO,Goiás,93220,TEREZÓPOLIS DE GOIÁS,5871,2990,2881
Centro-Oeste,GO,Goiás,96253,TRINDADE,81150,43068,38082
Centro-Oeste,GO,Goiás,92789,TROMBAS,2742,1356,1386
Centro-Oeste,GO,Goiás,96237,TRÊS RANCHOS,3499,1666,1833
Centro-Oeste,GO,Goiás,92800,TURVELÂNDIA,3680,1785,1895
Centro-Oeste,GO,Goiás,96318,TURVÂNIA,4496,2230,2266
Centro-Oeste,GO,Goiás,93246,UIRAPURU,2264,1095,1169
Centro-Oeste,GO,Goiás,96350,URUANA,9328,4829,4499
Centro-Oeste,GO,Goiás,96334,URUAÇU,27362,14304,13058
Centro-Oeste,GO,Goiás,96377,URUTAÍ,2799,1381,1418
Centro-Oeste,GO,Goiás,93300,VALPARAÍSO DE GOIÁS,77029,41902,35127
Centro-Oeste,GO,Goiás,96393,VARJÃO,3573,1801,1772
Centro-Oeste,GO,Goiás,96415,VIANÓPOLIS,10006,5129,4877
Centro-Oeste,GO,Goiás,96571,VICENTINÓPOLIS,5599,2787,2812
Centro-Oeste,GO,Goiás,93289,VILA BOA,3559,1720,1839
Centro-Oeste,GO,Goiás,93505,VILA PROPÍCIO,4678,2248,2430
Centro-Oeste,GO,Goiás,96938,ÁGUA FRIA DE GOIÁS,4333,1960,2373
Centro-Oeste,GO,Goiás,92037,ÁGUA LIMPA,2208,1062,1146
Centro-Oeste,GO,Goiás,93343,ÁGUAS LINDAS DE GOIÁS,85376,46331,39045
Nordeste,MA,Maranhão,7013,AFONSO CUNHA,6177,2912,3264
Nordeste,MA,Maranhão,7030,ALCÂNTARA,17688,8505,9181
Nordeste,MA,Maranhão,7056,ALDEIAS ALTAS,17538,8745,8791
Nordeste,MA,Maranhão,7072,ALTAMIRA DO MARANHÃO,5384,2680,2703
Nordeste,MA,Maranhão,7021,ALTO ALEGRE DO MARANHÃO,17472,9071,8389
Nordeste,MA,Maranhão,7048,ALTO ALEGRE DO PINDARÉ,20816,10275,10533
Nordeste,MA,Maranhão,7099,ALTO PARNAÍBA,8040,3841,4198
Nordeste,MA,Maranhão,7080,AMAPÁ DO MARANHÃO,5190,2464,2726
Nordeste,MA,Maranhão,7110,AMARANTE DO MARANHÃO,25497,12550,12941
Nordeste,MA,Maranhão,7137,ANAJATUBA,16029,8319,7710
Nordeste,MA,Maranhão,7153,ANAPURUS,12479,6143,6333
Nordeste,MA,Maranhão,7064,APICUM-AÇU,11972,5958,6009
Nordeste,MA,Maranhão,7102,ARAGUANÃ,7708,3774,3925
Nordeste,MA,Maranhão,7170,ARAIOSES,32866,16379,16479
Nordeste,MA,Maranhão,9679,ARAME,21284,10277,11002
Nordeste,MA,Maranhão,7196,ARARI,23012,11689,11319
Nordeste,MA,Maranhão,7218,AXIXÁ,7968,4166,3802
Nordeste,MA,Maranhão,9610,AÇAILÂNDIA,70283,36048,34235
Nordeste,MA,Maranhão,7234,BACABAL,58494,32274,26220
Nordeste,MA,Maranhão,7129,BACABEIRA,12601,6649,5952
Nordeste,MA,Maranhão,7250,BACURI,13595,6935,6649
Nordeste,MA,Maranhão,7145,BACURITUBA,4985,2466,2519
Nordeste,MA,Maranhão,7277,BALSAS,57270,29466,27804
Nordeste,MA,Maranhão,7315,BARRA DO CORDA,55959,28961,26998
Nordeste,MA,Maranhão,7331,BARREIRINHAS,37470,19115,18355
Nordeste,MA,Maranhão,7293,BARÃO DE GRAJAÚ,14089,7126,6958
Nordeste,MA,Maranhão,7188,BELA VISTA DO MARANHÃO,9304,4658,4641
Nordeste,MA,Maranhão,7161,BELÁGUA,5913,2921,2992
Nordeste,MA,Maranhão,7358,BENEDITO LEITE,3907,1879,2028
Nordeste,MA,Maranhão,7374,BEQUIMÃO,17448,8729,8713
Nordeste,MA,Maranhão,7200,BERNARDO DO MEARIM,5142,2603,2538
Nordeste,MA,Maranhão,7323,BOA VISTA DO GURUPI,5435,2772,2663
Nordeste,MA,Maranhão,9555,BOM JARDIM,27100,13583,13513
Nordeste,MA,Maranhão,7269,BOM JESUS DAS SELVAS,19206,9071,10132
Nordeste,MA,Maranhão,7285,BOM LUGAR,8646,4376,4270
Nordeste,MA,Maranhão,7390,BREJO,20505,10950,9555
Nordeste,MA,Maranhão,7307,BREJO DE AREIA,7055,3255,3798
Nordeste,MA,Maranhão,7412,BURITI,20914,10399,10506
Nordeste,MA,Maranhão,7439,BURITI BRAVO,17900,9159,8731
Nordeste,MA,Maranhão,7340,BURITICUPU,35607,18402,17205
Nordeste,MA,Maranhão,7366,BURITIRANA,11016,5384,5625
Nordeste,MA,Maranhão,7226,CACHOEIRA GRANDE,7762,3731,4029
Nordeste,MA,Maranhão,7455,CAJAPIÓ,9084,4619,4465
Nordeste,MA,Maranhão,7471,CAJARI,13949,6825,7121
Nordeste,MA,Maranhão,7382,CAMPESTRE DO MARANHÃO,9640,4672,4967
Nordeste,MA,Maranhão,7510,CANTANHEDE,13030,6605,6422
Nordeste,MA,Maranhão,7404,CAPINZAL DO NORTE,8715,4419,4289
Nordeste,MA,Maranhão,7536,CAROLINA,17509,8606,8896
Nordeste,MA,Maranhão,7552,CARUTAPERA,17358,8600,8757
Nordeste,MA,Maranhão,7579,CAXIAS,96420,52308,44112
Nordeste,MA,Maranhão,7595,CEDRAL,8708,4226,4481
Nordeste,MA,Maranhão,7420,CENTRAL DO MARANHÃO,6995,3397,3593
Nordeste,MA,Maranhão,7447,CENTRO DO GUILHERME,6839,3206,3633
Nordeste,MA,Maranhão,7463,CENTRO NOVO DO MARANHÃO,10896,5155,5740
Nordeste,MA,Maranhão,7617,CHAPADINHA,46865,25282,21583
Nordeste,MA,Maranhão,7480,CIDELÂNDIA,10718,5198,5508
Nordeste,MA,Maranhão,7633,CODÓ,70422,38153,32269
Nordeste,MA,Maranhão,7650,COELHO NETO,28603,15076,13527
Nordeste,MA,Maranhão,7676,COLINAS,23395,12441,10954
Nordeste,MA,Maranhão,7501,CONCEIÇÃO DO LAGO-AÇU,10602,5096,5506
Nordeste,MA,Maranhão,7692,COROATÁ,40772,21699,19073
Nordeste,MA,Maranhão,7714,CURURUPU,25217,12886,12325
Nordeste,MA,Maranhão,7498,CÂNDIDO MENDES,15335,7271,8064
Nordeste,MA,Maranhão,7242,DAVINÓPOLIS,11485,5736,5747
Nordeste,MA,Maranhão,7730,DOM PEDRO,18142,9643,8493
Nordeste,MA,Maranhão,7757,DUQUE BACELAR,9349,4662,4678
Nordeste,MA,Maranhão,7773,ESPERANTINÓPOLIS,12849,6683,6166
Nordeste,MA,Maranhão,9636,ESTREITO,20339,10496,9843
Nordeste,MA,Maranhão,7528,FEIRA NOVA DO MARANHÃO,5672,2619,3053
Nordeste,MA,Maranhão,7544,FERNANDO FALCÃO,7454,3509,3945
Nordeste,MA,Maranhão,7560,FORMOSA DA SERRA NEGRA,11160,5324,5836
Nordeste,MA,Maranhão,7790,FORTALEZA DOS NOGUEIRAS,9026,4361,4665
Nordeste,MA,Maranhão,7811,FORTUNA,12203,6151,6044
Nordeste,MA,Maranhão,7838,GODOFREDO VIANA,7869,3729,4140
Nordeste,MA,Maranhão,7854,GONÇALVES DIAS,12854,6542,6308
Nordeste,MA,Maranhão,7870,GOVERNADOR ARCHER,8297,4290,4001
Nordeste,MA,Maranhão,7609,GOVERNADOR EDISON LOBÃO,13891,6694,7195
Nordeste,MA,Maranhão,7897,GOVERNADOR EUGÊNIO BARROS,11520,5833,5680
Nordeste,MA,Maranhão,7625,GOVERNADOR LUIZ ROCHA,6085,2980,3099
Nordeste,MA,Maranhão,7641,GOVERNADOR NEWTON BELLO,7790,3822,3966
Nordeste,MA,Maranhão,7668,GOVERNADOR NUNES FREIRE,16970,8597,8372
Nordeste,MA,Maranhão,7935,GRAJAÚ,39100,20209,18891
Nordeste,MA,Maranhão,7919,GRAÇA ARANHA,5734,2960,2769
Nordeste,MA,Maranhão,7951,GUIMARÃES,8864,4631,4233
Nordeste,MA,Maranhão,7978,HUMBERTO DE CAMPOS,21541,10562,10973
Nordeste,MA,Maranhão,7994,ICATU,17155,8849,8306
Nordeste,MA,Maranhão,7684,IGARAPÉ DO MEIO,11438,5688,5750
Nordeste,MA,Maranhão,8010,IGARAPÉ GRANDE,7179,3701,3478
Nordeste,MA,Maranhão,8036,IMPERATRIZ,162477,87599,74878
Nordeste,MA,Maranhão,7706,ITAIPAVA DO GRAJAÚ,8090,4016,4074
Nordeste,MA,Maranhão,8079,ITAPECURU MIRIM,39957,21308,18649
Nordeste,MA,Maranhão,7722,ITINGA DO MARANHÃO,17191,8556,8620
Nordeste,MA,Maranhão,7749,JATOBÁ,6562,3207,3350
Nordeste,MA,Maranhão,7765,JENIPAPO DOS VIEIRAS,10949,5299,5650
Nordeste,MA,Maranhão,8117,JOSELÂNDIA,9546,4885,4661
Nordeste,MA,Maranhão,8095,JOÃO LISBOA,16784,8743,8041
Nordeste,MA,Maranhão,7781,JUNCO DO MARANHÃO,4635,2282,2353
Nordeste,MA,Maranhão,8133,LAGO DA PEDRA,28342,15338,13004
Nordeste,MA,Maranhão,8150,LAGO DO JUNCO,8357,4225,4127
Nordeste,MA,Maranhão,7803,LAGO DOS RODRIGUES,8033,4042,3990
Nordeste,MA,Maranhão,8176,LAGO VERDE,12140,6114,6025
Nordeste,MA,Maranhão,7820,LAGOA DO MATO,8354,4147,4204
Nordeste,MA,Maranhão,7846,LAGOA GRANDE DO MARANHÃO,8833,4206,4624
Nordeste,MA,Maranhão,7862,LAJEADO NOVO,5339,2584,2755
Nordeste,MA,Maranhão,8192,LIMA CAMPOS,9905,5121,4783
Nordeste,MA,Maranhão,8214,LORETO,8400,4049,4350
Nordeste,MA,Maranhão,8230,LUÍS DOMINGUES,5717,2773,2943
Nordeste,MA,Maranhão,8257,MAGALHÃES DE ALMEIDA,12718,6202,6512
Nordeste,MA,Maranhão,7889,MARACAÇUMÉ,12717,6601,6116
Nordeste,MA,Maranhão,7900,MARAJÁ DO SENA,6416,2789,3625
Nordeste,MA,Maranhão,7927,MARANHÃOZINHO,7475,3756,3718
Nordeste,MA,Maranhão,8273,MATA ROMA,12682,6539,6143
Nordeste,MA,Maranhão,8290,MATINHA,16952,8834,8118
Nordeste,MA,Maranhão,8311,MATÕES,22383,11548,10835
Nordeste,MA,Maranhão,7943,MATÕES DO NORTE,5478,2740,2738
Nordeste,MA,Maranhão,7960,MILAGRES DO MARANHÃO,5742,2710,3032
Nordeste,MA,Maranhão,8338,MIRADOR,13584,6846,6738
Nordeste,MA,Maranhão,9695,MIRANDA DO NORTE,15767,8133,7633
Nordeste,MA,Maranhão,8354,MIRINZAL,9653,4954,4699
Nordeste,MA,Maranhão,8397,MONTES ALTOS,6096,3083,3013
Nordeste,MA,Maranhão,8370,MONÇÃO,18204,9487,8717
Nordeste,MA,Maranhão,8419,MORROS,14847,7248,7592
Nordeste,MA,Maranhão,8435,NINA RODRIGUES,8925,4422,4502
Nordeste,MA,Maranhão,7986,NOVA COLINAS,4181,1938,2243
Nordeste,MA,Maranhão,8451,NOVA IORQUE,3689,1825,1864
Nordeste,MA,Maranhão,8001,NOVA OLINDA DO MARANHÃO,12882,6400,6475
Nordeste,MA,Maranhão,8478,OLHO D'ÁGUA DAS CUNHÃS,14993,7775,7214
Nordeste,MA,Maranhão,8028,OLINDA NOVA DO MARANHÃO,10166,5260,4902
Nordeste,MA,Maranhão,8516,PALMEIRÂNDIA,16216,8390,7820
Nordeste,MA,Maranhão,8532,PARAIBANO,13295,6945,6350
Nordeste,MA,Maranhão,8559,PARNARAMA,26373,13149,13223
Nordeste,MA,Maranhão,8575,PASSAGEM FRANCA,12108,6329,5779
Nordeste,MA,Maranhão,8591,PASTOS BONS,12994,6479,6515
Nordeste,MA,Maranhão,8044,PAULINO NEVES,13285,6492,6791
Nordeste,MA,Maranhão,9598,PAULO RAMOS,14121,7234,6887
Nordeste,MA,Maranhão,8494,PAÇO DO LUMIAR,62922,34449,28473
Nordeste,MA,Maranhão,8613,PEDREIRAS,29627,15967,13651
Nordeste,MA,Maranhão,8060,PEDRO DO ROSÁRIO,16901,8328,8570
Nordeste,MA,Maranhão,8630,PENALVA,25895,13466,12423
Nordeste,MA,Maranhão,8656,PERI MIRIM,11460,5772,5673
Nordeste,MA,Maranhão,8087,PERITORÓ,14034,7414,6620
Nordeste,MA,Maranhão,8672,PINDARÉ-MIRIM,22697,12032,10665
Nordeste,MA,Maranhão,8699,PINHEIRO,48380,26375,22005
Nordeste,MA,Maranhão,8710,PIO XII,19951,10292,9655
Nordeste,MA,Maranhão,8737,PIRAPEMAS,11262,5793,5469
Nordeste,MA,Maranhão,8770,PORTO FRANCO,15545,7993,7552
Nordeste,MA,Maranhão,8109,PORTO RICO DO MARANHÃO,6496,3175,3320
Nordeste,MA,Maranhão,8753,POÇÃO DE PEDRAS,13577,6943,6634
Nordeste,MA,Maranhão,8796,PRESIDENTE DUTRA,24875,13500,11375
Nordeste,MA,Maranhão,8818,PRESIDENTE JUSCELINO,9385,4586,4796
Nordeste,MA,Maranhão,8125,PRESIDENTE MÉDICI,5245,2579,2663
Nordeste,MA,Maranhão,8141,PRESIDENTE SARNEY,14223,7078,7139
Nordeste,MA,Maranhão,8834,PRESIDENTE VARGAS,9546,4634,4912
Nordeste,MA,Maranhão,8850,PRIMEIRA CRUZ,10167,4883,5281
Nordeste,MA,Maranhão,8168,RAPOSA,18090,9693,8397
Nordeste,MA,Maranhão,8877,RIACHÃO,14402,7095,7307
Nordeste,MA,Maranhão,8184,RIBAMAR FIQUENE,6377,3137,3234
Nordeste,MA,Maranhão,8915,ROSÁRIO,26149,14207,11942
Nordeste,MA,Maranhão,8931,SAMBAÍBA,5184,2453,2730
Nordeste,MA,Maranhão,8206,SANTA FILOMENA DO MARANHÃO,4720,2252,2468
Nordeste,MA,Maranhão,8958,SANTA HELENA,19760,10694,9066
Nordeste,MA,Maranhão,9571,SANTA INÊS,53059,28803,24256
Nordeste,MA,Maranhão,8974,SANTA LUZIA,38445,20022,18423
Nordeste,MA,Maranhão,9652,SANTA LUZIA DO PARUÁ,16882,8636,8240
Nordeste,MA,Maranhão,8990,SANTA QUITÉRIA DO MARANHÃO,20875,10598,10274
Nordeste,MA,Maranhão,9016,SANTA RITA,21784,11385,10399
Nordeste,MA,Maranhão,8222,SANTANA DO MARANHÃO,8291,4048,4237
Nordeste,MA,Maranhão,8249,SANTO AMARO DO MARANHÃO,9665,4607,5056
Nordeste,MA,Maranhão,9032,SANTO ANTÔNIO DOS LOPES,13707,6868,6833
Nordeste,MA,Maranhão,8460,SATUBINHA,5760,2837,2923
Nordeste,MA,Maranhão,8486,SENADOR ALEXANDRE COSTA,7602,3852,3745
Nordeste,MA,Maranhão,8508,SENADOR LA ROCQUE,12149,6134,6002
Nordeste,MA,Maranhão,8524,SERRANO DO MARANHÃO,8281,4077,4201
Nordeste,MA,Maranhão,9318,SUCUPIRA DO NORTE,8432,4125,4303
Nordeste,MA,Maranhão,8540,SUCUPIRA DO RIACHÃO,4285,2072,2212
Nordeste,MA,Maranhão,9059,SÃO BENEDITO DO RIO PRETO,12530,6372,6158
Nordeste,MA,Maranhão,9075,SÃO BENTO,25880,13853,12027
Nordeste,MA,Maranhão,9091,SÃO BERNARDO,20981,10686,10291
Nordeste,MA,Maranhão,8265,SÃO DOMINGOS DO AZEITÃO,5525,2703,2822
Nordeste,MA,Maranhão,9113,SÃO DOMINGOS DO MARANHÃO,27657,13988,13651
Nordeste,MA,Maranhão,8281,SÃO FRANCISCO DO BREJÃO,7027,3447,3579
Nordeste,MA,Maranhão,9156,SÃO FRANCISCO DO MARANHÃO,9441,4671,4762
Nordeste,MA,Maranhão,9130,SÃO FÉLIX DE BALSAS,3932,1846,2082
Nordeste,MA,Maranhão,8893,SÃO JOSÉ DE RIBAMAR,100253,54099,46154
Nordeste,MA,Maranhão,8362,SÃO JOSÉ DOS BASÍLIOS,5171,2640,2531
Nordeste,MA,Maranhão,9172,SÃO JOÃO BATISTA,18773,9720,9053
Nordeste,MA,Maranhão,8303,SÃO JOÃO DO CARÚ,10015,4733,5278
Nordeste,MA,Maranhão,8320,SÃO JOÃO DO PARAÍSO,8186,3804,4382
Nordeste,MA,Maranhão,8346,SÃO JOÃO DO SOTER,11286,5841,5445
Nordeste,MA,Maranhão,9199,SÃO JOÃO DOS PATOS,19958,10487,9468
Nordeste,MA,Maranhão,9210,SÃO LUÍS,692497,378505,313992
Nordeste,MA,Maranhão,8052,SÃO LUÍS GONZAGA DO MARANHÃO,15742,8328,7414
Nordeste,MA,Maranhão,9237,SÃO MATEUS DO MARANHÃO,22842,12354,10488
Nordeste,MA,Maranhão,8389,SÃO PEDRO DA ÁGUA BRANCA,9314,4622,4676
Nordeste,MA,Maranhão,8400,SÃO PEDRO DOS CRENTES,3890,1756,2133
Nordeste,MA,Maranhão,9253,SÃO RAIMUNDO DAS MANGABEIRAS,14837,7367,7466
Nordeste,MA,Maranhão,8427,SÃO RAIMUNDO DO DOCA BEZERRA,5292,2514,2776
Nordeste,MA,Maranhão,8443,SÃO ROBERTO,4542,2197,2340
Nordeste,MA,Maranhão,9270,SÃO VICENTE FERRER,15451,8086,7365
Nordeste,MA,Maranhão,9296,SÍTIO NOVO,11992,5752,6240
Nordeste,MA,Maranhão,9334,TASSO FRAGOSO,6532,3120,3412
Nordeste,MA,Maranhão,9350,TIMBIRAS,18658,9664,8994
Nordeste,MA,Maranhão,9377,TIMON,104287,56055,48232
Nordeste,MA,Maranhão,8567,TRIZIDELA DO VALE,15309,8206,7101
Nordeste,MA,Maranhão,8583,TUFILÂNDIA,5635,2716,2919
Nordeste,MA,Maranhão,9393,TUNTUM,23062,11822,11240
Nordeste,MA,Maranhão,9415,TURIAÇU,27060,13195,13855
Nordeste,MA,Maranhão,8605,TURILÂNDIA,14784,7577,7203
Nordeste,MA,Maranhão,9431,TUTÓIA,31183,16573,14610
Nordeste,MA,Maranhão,9458,URBANO SANTOS,20291,10493,9798
Nordeste,MA,Maranhão,9474,VARGEM GRANDE,26739,14189,12550
Nordeste,MA,Maranhão,9490,VIANA,34491,18192,16299
Nordeste,MA,Maranhão,8621,VILA NOVA DOS MARTÍRIOS,7507,3601,3900
Nordeste,MA,Maranhão,9539,VITORINO FREIRE,24513,12668,11837
Nordeste,MA,Maranhão,9512,VITÓRIA DO MEARIM,25789,13103,12679
Nordeste,MA,Maranhão,9717,ZÉ DOCA,27771,14713,13058
Nordeste,MA,Maranhão,7005,ÁGUA DOCE DO MARANHÃO,11208,5533,5669
Sudeste,MG,Minas Gerais,40010,ABADIA DOS DOURADOS,5769,2816,2952
Sudeste,MG,Minas Gerais,40037,ABAETÉ,18619,9605,9006
Sudeste,MG,Minas Gerais,40053,ABRE CAMPO,10636,5468,5168
Sudeste,MG,Minas Gerais,40070,ACAIACA,3547,1800,1727
Sudeste,MG,Minas Gerais,40150,AGUANIL,3976,1925,2047
Sudeste,MG,Minas Gerais,40215,AIMORÉS,19377,10105,9257
Sudeste,MG,Minas Gerais,40231,AIURUOCA,5143,2491,2651
Sudeste,MG,Minas Gerais,40258,ALAGOA,2499,1182,1307
Sudeste,MG,Minas Gerais,40274,ALBERTINA,2633,1279,1353
Sudeste,MG,Minas Gerais,40312,ALFENAS,59594,31134,28421
Sudeste,MG,Minas Gerais,40002,ALFREDO VASCONCELOS,5491,2743,2745
Sudeste,MG,Minas Gerais,40339,ALMENARA,29763,15407,14349
Sudeste,MG,Minas Gerais,40355,ALPERCATA,6354,3147,3194
Sudeste,MG,Minas Gerais,40371,ALPINÓPOLIS,15481,7594,7880
Sudeste,MG,Minas Gerais,40398,ALTEROSA,11861,5863,5992
Sudeste,MG,Minas Gerais,41661,ALTO CAPARAÓ,4164,2092,2068
Sudeste,MG,Minas Gerais,50695,ALTO JEQUITIBÁ,6927,3457,3465
Sudeste,MG,Minas Gerais,40410,ALTO RIO DOCE,10356,5179,5158
Sudeste,MG,Minas Gerais,40436,ALVARENGA,4428,2101,2323
Sudeste,MG,Minas Gerais,40452,ALVINÓPOLIS,13224,6725,6483
Sudeste,MG,Minas Gerais,40479,ALVORADA DE MINAS,4141,2035,2106
Sudeste,MG,Minas Gerais,40290,ALÉM PARAÍBA,28486,14961,13498
Sudeste,MG,Minas Gerais,40495,AMPARO DO SERRA,4645,2364,2277
Sudeste,MG,Minas Gerais,40517,ANDRADAS,29799,15220,14557
Sudeste,MG,Minas Gerais,40550,ANDRELÂNDIA,9870,5030,4835
Sudeste,MG,Minas Gerais,41688,ANGELÂNDIA,6593,3363,3222
Sudeste,MG,Minas Gerais,40576,ANTÔNIO CARLOS,9557,4807,4734
Sudeste,MG,Minas Gerais,40592,ANTÔNIO DIAS,8845,4275,4564
Sudeste,MG,Minas Gerais,40614,ANTÔNIO PRADO DE MINAS,1969,981,988
Sudeste,MG,Minas Gerais,40657,ARACITABA,2352,1143,1207
Sudeste,MG,Minas Gerais,40690,ARAGUARI,88211,45879,42210
Sudeste,MG,Minas Gerais,40711,ARANTINA,2561,1293,1268
Sudeste,MG,Minas Gerais,40738,ARAPONGA,6676,3237,3430
Sudeste,MG,Minas Gerais,40029,ARAPORÃ,5727,2914,2813
Sudeste,MG,Minas Gerais,40754,ARAPUÁ,3162,1539,1623
Sudeste,MG,Minas Gerais,40797,ARAXÁ,76841,40151,36677
Sudeste,MG,Minas Gerais,40630,ARAÇAÍ,2754,1389,1365
Sudeste,MG,Minas Gerais,40673,ARAÇUAÍ,28221,14654,13546
Sudeste,MG,Minas Gerais,40770,ARAÚJOS,6402,3195,3201
Sudeste,MG,Minas Gerais,40819,ARCEBURGO,7193,3550,3641
Sudeste,MG,Minas Gerais,40835,ARCOS,31590,16144,15409
Sudeste,MG,Minas Gerais,40851,AREADO,11659,5854,5801
Sudeste,MG,Minas Gerais,40878,ARGIRITA,2818,1396,1422
Sudeste,MG,Minas Gerais,41700,ARICANDUVA,4659,2221,2412
Sudeste,MG,Minas Gerais,40894,ARINOS,13563,6665,6893
Sudeste,MG,Minas Gerais,40916,ASTOLFO DUTRA,10841,5480,5355
Sudeste,MG,Minas Gerais,40932,ATALÉIA,11421,5799,5604
Sudeste,MG,Minas Gerais,40959,AUGUSTO DE LIMA,4349,2106,2243
Sudeste,MG,Minas Gerais,40096,AÇUCENA,8765,4281,4482
Sudeste,MG,Minas Gerais,40975,BAEPENDI,15583,7872,7709
Sudeste,MG,Minas Gerais,40991,BALDIM,6931,3508,3409
Sudeste,MG,Minas Gerais,41017,BAMBUÍ,19176,9889,9270
Sudeste,MG,Minas Gerais,41033,BANDEIRA,4327,2046,2272
Sudeste,MG,Minas Gerais,41050,BANDEIRA DO SUL,5305,2589,2711
Sudeste,MG,Minas Gerais,41114,BARBACENA,98685,52390,46171
Sudeste,MG,Minas Gerais,41130,BARRA LONGA,5620,2790,2821
Sudeste,MG,Minas Gerais,41173,BARROSO,17314,8858,8437
Sudeste,MG,Minas Gerais,41076,BARÃO DE COCAIS,23602,12048,11537
Sudeste,MG,Minas Gerais,41092,BARÃO DE MONTE ALTO,5527,2763,2759
Sudeste,MG,Minas Gerais,41190,BELA VISTA DE MINAS,7791,4146,3640
Sudeste,MG,Minas Gerais,41211,BELMIRO BRAGA,2998,1463,1531
Sudeste,MG,Minas Gerais,41238,BELO HORIZONTE,1956410,1062196,893298
Sudeste,MG,Minas Gerais,41254,BELO ORIENTE,19173,9749,9412
Sudeste,MG,Minas Gerais,41270,BELO VALE,7689,3794,3895
Sudeste,MG,Minas Gerais,41297,BERILO,9420,4760,4649
Sudeste,MG,Minas Gerais,41726,BERIZAL,3780,1878,1900
Sudeste,MG,Minas Gerais,41319,BERTÓPOLIS,4089,1910,2178
Sudeste,MG,Minas Gerais,41335,BETIM,259410,139045,120364
Sudeste,MG,Minas Gerais,41351,BIAS FORTES,3618,1690,1924
Sudeste,MG,Minas Gerais,41378,BICAS,11595,6048,5540
Sudeste,MG,Minas Gerais,41394,BIQUINHAS,2970,1476,1489
Sudeste,MG,Minas Gerais,41416,BOA ESPERANÇA,31761,16213,15535
Sudeste,MG,Minas Gerais,41432,BOCAINA DE MINAS,4487,2074,2407
Sudeste,MG,Minas Gerais,41459,BOCAIÚVA,36023,18351,17654
Sudeste,MG,Minas Gerais,41475,BOM DESPACHO,38235,19803,18426
Sudeste,MG,Minas Gerais,41491,BOM JARDIM DE MINAS,5816,2894,2915
Sudeste,MG,Minas Gerais,41513,BOM JESUS DA PENHA,3421,1653,1764
Sudeste,MG,Minas Gerais,41530,BOM JESUS DO AMPARO,4859,2482,2377
Sudeste,MG,Minas Gerais,41556,BOM JESUS DO GALHO,12112,5996,6104
Sudeste,MG,Minas Gerais,41572,BOM REPOUSO,8612,4218,4390
Sudeste,MG,Minas Gerais,41599,BOM SUCESSO,15417,7786,7625
Sudeste,MG,Minas Gerais,41610,BONFIM,6851,3379,3468
Sudeste,MG,Minas Gerais,41637,BONFINÓPOLIS DE MINAS,5114,2500,2612
Sudeste,MG,Minas Gerais,41742,BONITO DE MINAS,7673,3700,3969
Sudeste,MG,Minas Gerais,41653,BORDA DA MATA,13371,6661,6699
Sudeste,MG,Minas Gerais,41670,BOTELHOS,12757,6376,6364
Sudeste,MG,Minas Gerais,41696,BOTUMIRIM,5250,2512,2736
Sudeste,MG,Minas Gerais,40045,BRASILÂNDIA DE MINAS,11212,5477,5725
Sudeste,MG,Minas Gerais,41718,BRASÍLIA DE MINAS,26720,13485,13220
Sudeste,MG,Minas Gerais,41777,BRAZÓPOLIS,13061,6436,6603
Sudeste,MG,Minas Gerais,41750,BRAÚNAS,4313,2130,2177
Sudeste,MG,Minas Gerais,41793,BRUMADINHO,28170,14147,14019
Sudeste,MG,Minas Gerais,41734,BRÁS PIRES,4494,2171,2323
Sudeste,MG,Minas Gerais,41815,BUENO BRANDÃO,8943,4406,4526
Sudeste,MG,Minas Gerais,41831,BUENÓPOLIS,8540,4243,4293
Sudeste,MG,Minas Gerais,41769,BUGRE,4222,2083,2137
Sudeste,MG,Minas Gerais,41858,BURITIS,18521,9178,9328
Sudeste,MG,Minas Gerais,41874,BURITIZEIRO,19107,9546,9552
Sudeste,MG,Minas Gerais,41785,CABECEIRA GRANDE,5348,2586,2754
Sudeste,MG,Minas Gerais,41890,CABO VERDE,9717,4785,4923
Sudeste,MG,Minas Gerais,41912,CACHOEIRA DA PRATA,3514,1860,1653
Sudeste,MG,Minas Gerais,41939,CACHOEIRA DE MINAS,9427,4606,4812
Sudeste,MG,Minas Gerais,40533,CACHOEIRA DE PAJEÚ,6894,3429,3457
Sudeste,MG,Minas Gerais,41955,CACHOEIRA DOURADA,2202,1116,1086
Sudeste,MG,Minas Gerais,41971,CAETANÓPOLIS,8371,4246,4120
Sudeste,MG,Minas Gerais,41998,CAETÉ,33679,17465,16184
Sudeste,MG,Minas Gerais,42013,CAIANA,3914,1903,2009
Sudeste,MG,Minas Gerais,42030,CAJURI,4216,2064,2146
Sudeste,MG,Minas Gerais,42056,CALDAS,11047,5504,5539
Sudeste,MG,Minas Gerais,42072,CAMACHO,3418,1569,1846
Sudeste,MG,Minas Gerais,42099,CAMANDUCAIA,17215,8519,8688
Sudeste,MG,Minas Gerais,42137,CAMBUQUIRA,10319,5255,5059
Sudeste,MG,Minas Gerais,42110,CAMBUÍ,21379,10877,10498
Sudeste,MG,Minas Gerais,42170,CAMPANHA,12188,6260,5916
Sudeste,MG,Minas Gerais,42153,CAMPANÁRIO,3394,1733,1659
Sudeste,MG,Minas Gerais,42196,CAMPESTRE,16623,8100,8505
Sudeste,MG,Minas Gerais,42218,CAMPINA VERDE,15209,7569,7637
Sudeste,MG,Minas Gerais,41807,CAMPO AZUL,3960,1879,2079
Sudeste,MG,Minas Gerais,42234,CAMPO BELO,40114,21104,18978
Sudeste,MG,Minas Gerais,42250,CAMPO DO MEIO,10112,5012,5083
Sudeste,MG,Minas Gerais,42277,CAMPO FLORIDO,5769,2680,3089
Sudeste,MG,Minas Gerais,42293,CAMPOS ALTOS,10448,5270,5172
Sudeste,MG,Minas Gerais,42315,CAMPOS GERAIS,20723,10316,10374
Sudeste,MG,Minas Gerais,42374,CANA VERDE,4711,2289,2418
Sudeste,MG,Minas Gerais,42331,CANAÃ,4199,2029,2164
Sudeste,MG,Minas Gerais,42390,CANDEIAS,12148,5899,6249
Sudeste,MG,Minas Gerais,41823,CANTAGALO,3862,1888,1974
Sudeste,MG,Minas Gerais,42358,CANÁPOLIS,8927,4418,4508
Sudeste,MG,Minas Gerais,42412,CAPARAÓ,4318,2079,2231
Sudeste,MG,Minas Gerais,42439,CAPELA NOVA,4347,2177,2169
Sudeste,MG,Minas Gerais,42455,CAPELINHA,27826,14609,13181
Sudeste,MG,Minas Gerais,42471,CAPETINGA,5841,2868,2961
Sudeste,MG,Minas Gerais,42498,CAPIM BRANCO,7912,4015,3882
Sudeste,MG,Minas Gerais,42510,CAPINÓPOLIS,11311,5699,5610
Sudeste,MG,Minas Gerais,40061,CAPITÃO ANDRADE,4135,2123,2008
Sudeste,MG,Minas Gerais,42536,CAPITÃO ENÉAS,12395,6129,6241
Sudeste,MG,Minas Gerais,42552,CAPITÓLIO,7465,3687,3777
Sudeste,MG,Minas Gerais,42579,CAPUTIRA,7812,3832,3975
Sudeste,MG,Minas Gerais,42617,CARANAÍBA,3132,1517,1615
Sudeste,MG,Minas Gerais,42633,CARANDAÍ,19984,10162,9810
Sudeste,MG,Minas Gerais,42650,CARANGOLA,25175,13345,11823
Sudeste,MG,Minas Gerais,42676,CARATINGA,61849,32709,29047
Sudeste,MG,Minas Gerais,42595,CARAÍ,14831,7522,7294
Sudeste,MG,Minas Gerais,42692,CARBONITA,7924,3851,4053
Sudeste,MG,Minas Gerais,42714,CAREAÇU,4963,2428,2534
Sudeste,MG,Minas Gerais,42730,CARLOS CHAGAS,16585,8362,8181
Sudeste,MG,Minas Gerais,42773,CARMO DA CACHOEIRA,9628,4793,4828
Sudeste,MG,Minas Gerais,42790,CARMO DA MATA,10056,5027,5028
Sudeste,MG,Minas Gerais,42811,CARMO DE MINAS,9988,5036,4948
Sudeste,MG,Minas Gerais,42838,CARMO DO CAJURU,17938,8946,8980
Sudeste,MG,Minas Gerais,42854,CARMO DO PARANAÍBA,22464,11504,10957
Sudeste,MG,Minas Gerais,42870,CARMO DO RIO CLARO,15667,7824,7820
Sudeste,MG,Minas Gerais,42757,CARMÉSIA,2218,1125,1093
Sudeste,MG,Minas Gerais,42897,CARMÓPOLIS DE MINAS,13235,6638,6596
Sudeste,MG,Minas Gerais,40088,CARNEIRINHO,7700,3728,3972
Sudeste,MG,Minas Gerais,42919,CARRANCAS,3296,1622,1674
Sudeste,MG,Minas Gerais,42951,CARVALHOS,3982,1919,2058
Sudeste,MG,Minas Gerais,42935,CARVALHÓPOLIS,3088,1509,1579
Sudeste,MG,Minas Gerais,42978,CASA GRANDE,2518,1215,1303
Sudeste,MG,Minas Gerais,42994,CASCALHO RICO,3164,1483,1681
Sudeste,MG,Minas Gerais,43052,CATAGUASES,54268,28597,25615
Sudeste,MG,Minas Gerais,41840,CATAS ALTAS,4629,2327,2291
Sudeste,MG,Minas Gerais,43079,CATAS ALTAS DA NORUEGA,3776,1840,1935
Sudeste,MG,Minas Gerais,40100,CATUJI,7642,3863,3774
Sudeste,MG,Minas Gerais,41866,CATUTI,4303,2159,2137
Sudeste,MG,Minas Gerais,43095,CAXAMBU,18200,9572,8616
Sudeste,MG,Minas Gerais,43117,CEDRO DO ABAETÉ,1275,630,645
Sudeste,MG,Minas Gerais,43133,CENTRAL DE MINAS,5919,3092,2823
Sudeste,MG,Minas Gerais,43150,CENTRALINA,7030,3529,3498
Sudeste,MG,Minas Gerais,43192,CHALÉ,4959,2457,2499
Sudeste,MG,Minas Gerais,43214,CHAPADA DO NORTE,9796,5122,4663
Sudeste,MG,Minas Gerais,41882,CHAPADA GAÚCHA,8194,3961,4232
Sudeste,MG,Minas Gerais,43230,CHIADOR,2689,1362,1327
Sudeste,MG,Minas Gerais,43176,CHÁCARA,2649,1331,1318
Sudeste,MG,Minas Gerais,43257,CIPOTÂNEA,5764,2794,2959
Sudeste,MG,Minas Gerais,43273,CLARAVAL,4626,2244,2379
Sudeste,MG,Minas Gerais,43290,CLARO DOS POÇÕES,6961,3497,3464
Sudeste,MG,Minas Gerais,43311,CLÁUDIO,20612,10490,10117
Sudeste,MG,Minas Gerais,43338,COIMBRA,6098,3030,3068
Sudeste,MG,Minas Gerais,43354,COLUNA,6958,3500,3455
Sudeste,MG,Minas Gerais,43370,COMENDADOR GOMES,2569,1169,1398
Sudeste,MG,Minas Gerais,43397,COMERCINHO,6862,3337,3519
Sudeste,MG,Minas Gerais,43419,CONCEIÇÃO DA APARECIDA,7951,3902,4045
Sudeste,MG,Minas Gerais,43036,CONCEIÇÃO DA BARRA DE MINAS,3592,1743,1849
Sudeste,MG,Minas Gerais,43451,CONCEIÇÃO DAS ALAGOAS,19467,9623,9834
Sudeste,MG,Minas Gerais,43435,CONCEIÇÃO DAS PEDRAS,2638,1228,1410
Sudeste,MG,Minas Gerais,43478,CONCEIÇÃO DE IPANEMA,3860,1920,1940
Sudeste,MG,Minas Gerais,43494,CONCEIÇÃO DO MATO DENTRO,16343,8156,8180
Sudeste,MG,Minas Gerais,43516,CONCEIÇÃO DO PARÁ,5066,2440,2622
Sudeste,MG,Minas Gerais,43532,CONCEIÇÃO DO RIO VERDE,10452,5288,5159
Sudeste,MG,Minas Gerais,43559,CONCEIÇÃO DOS OUROS,8173,4034,4139
Sudeste,MG,Minas Gerais,41920,CONFINS,6142,3074,3064
Sudeste,MG,Minas Gerais,43575,CONGONHAL,8622,4267,4355
Sudeste,MG,Minas Gerais,43591,CONGONHAS,40791,20909,19866
Sudeste,MG,Minas Gerais,43613,CONGONHAS DO NORTE,4151,2108,2040
Sudeste,MG,Minas Gerais,43630,CONQUISTA,5309,2598,2711
Sudeste,MG,Minas Gerais,43656,CONSELHEIRO LAFAIETE,93099,49119,43939
Sudeste,MG,Minas Gerais,43672,CONSELHEIRO PENA,17130,8925,8198
Sudeste,MG,Minas Gerais,43699,CONSOLAÇÃO,1865,863,1002
Sudeste,MG,Minas Gerais,43710,CONTAGEM,400069,218901,181168
Sudeste,MG,Minas Gerais,43737,COQUEIRAL,7780,3882,3896
Sudeste,MG,Minas Gerais,43753,CORAÇÃO DE JESUS,21332,10612,10707
Sudeste,MG,Minas Gerais,43770,CORDISBURGO,7178,3547,3622
Sudeste,MG,Minas Gerais,43796,CORDISLÂNDIA,2688,1321,1367
Sudeste,MG,Minas Gerais,43818,CORINTO,19995,10213,9774
Sudeste,MG,Minas Gerais,43834,COROACI,9329,4498,4826
Sudeste,MG,Minas Gerais,43850,COROMANDEL,23596,11801,11783
Sudeste,MG,Minas Gerais,43877,CORONEL FABRICIANO,81021,43021,37942
Sudeste,MG,Minas Gerais,43893,CORONEL MURTA,6998,3486,3509
Sudeste,MG,Minas Gerais,43915,CORONEL PACHECO,2667,1311,1354
Sudeste,MG,Minas Gerais,43931,CORONEL XAVIER CHAVES,2875,1425,1450
Sudeste,MG,Minas Gerais,44016,COUTO DE MAGALHÃES DE MINAS,3856,1999,1854
Sudeste,MG,Minas Gerais,44032,CRISTAIS,8264,4108,4152
Sudeste,MG,Minas Gerais,44075,CRISTIANO OTONI,4352,2196,2154
Sudeste,MG,Minas Gerais,44091,CRISTINA,8295,4051,4236
Sudeste,MG,Minas Gerais,44059,CRISTÁLIA,5151,2553,2586
Sudeste,MG,Minas Gerais,41963,CRISÓLITA,4887,2351,2535
Sudeste,MG,Minas Gerais,44113,CRUCILÂNDIA,5087,2416,2656
Sudeste,MG,Minas Gerais,44130,CRUZEIRO DA FORTALEZA,4063,1976,2085
Sudeste,MG,Minas Gerais,44156,CRUZÍLIA,12638,6399,6236
Sudeste,MG,Minas Gerais,41980,CUPARAQUE,4205,2145,2058
Sudeste,MG,Minas Gerais,42005,CURRAL DE DENTRO,6072,3045,3024
Sudeste,MG,Minas Gerais,44172,CURVELO,58048,30635,27413
Sudeste,MG,Minas Gerais,43010,CÁSSIA,14276,7228,7011
Sudeste,MG,Minas Gerais,43958,CÓRREGO DANTA,3006,1423,1579
Sudeste,MG,Minas Gerais,43974,CÓRREGO DO BOM JESUS,3975,1890,2085
Sudeste,MG,Minas Gerais,41947,CÓRREGO FUNDO,5171,2517,2654
Sudeste,MG,Minas Gerais,43990,CÓRREGO NOVO,3133,1563,1570
Sudeste,MG,Minas Gerais,41904,CÔNEGO MARINHO,5915,2904,3008
Sudeste,MG,Minas Gerais,44199,DATAS,4771,2429,2333
Sudeste,MG,Minas Gerais,44210,DELFIM MOREIRA,6811,3254,3552
Sudeste,MG,Minas Gerais,44237,DELFINÓPOLIS,6146,2971,3166
Sudeste,MG,Minas Gerais,42021,DELTA,6092,2913,3173
Sudeste,MG,Minas Gerais,44253,DESCOBERTO,4500,2190,2308
Sudeste,MG,Minas Gerais,44270,DESTERRO DE ENTRE RIOS,5915,2832,3076
Sudeste,MG,Minas Gerais,44296,DESTERRO DO MELO,3262,1585,1674
Sudeste,MG,Minas Gerais,44318,DIAMANTINA,36508,19292,17170
Sudeste,MG,Minas Gerais,44334,DIOGO DE VASCONCELOS,3616,1768,1848
Sudeste,MG,Minas Gerais,44350,DIONÍSIO,7113,3579,3530
Sudeste,MG,Minas Gerais,44393,DIVINO,15672,7881,7782
Sudeste,MG,Minas Gerais,44415,DIVINO DAS LARANJEIRAS,4722,2383,2335
Sudeste,MG,Minas Gerais,44431,DIVINOLÂNDIA DE MINAS,6327,3187,3140
Sudeste,MG,Minas Gerais,44377,DIVINÉSIA,4026,1970,2056
Sudeste,MG,Minas Gerais,44458,DIVINÓPOLIS,163331,86652,76679
Sudeste,MG,Minas Gerais,40126,DIVISA ALEGRE,4874,2488,2385
Sudeste,MG,Minas Gerais,44474,DIVISA NOVA,4931,2409,2521
Sudeste,MG,Minas Gerais,40142,DIVISÓPOLIS,6327,3122,3200
Sudeste,MG,Minas Gerais,42048,DOM BOSCO,3401,1581,1815
Sudeste,MG,Minas Gerais,44490,DOM CAVATI,4777,2460,2317
Sudeste,MG,Minas Gerais,44512,DOM JOAQUIM,3955,2007,1948
Sudeste,MG,Minas Gerais,44539,DOM SILVÉRIO,4571,2384,2186
Sudeste,MG,Minas Gerais,44555,DOM VIÇOSO,2825,1356,1463
Sudeste,MG,Minas Gerais,44571,DONA EUSÉBIA,5349,2679,2668
Sudeste,MG,Minas Gerais,44598,DORES DE CAMPOS,7640,3911,3727
Sudeste,MG,Minas Gerais,44610,DORES DE GUANHÃES,5034,2434,2596
Sudeste,MG,Minas Gerais,44636,DORES DO INDAIÁ,11487,6005,5475
Sudeste,MG,Minas Gerais,44652,DORES DO TURVO,5063,2483,2580
Sudeste,MG,Minas Gerais,44679,DORESÓPOLIS,1910,913,997
Sudeste,MG,Minas Gerais,44695,DOURADOQUARA,1856,890,966
Sudeste,MG,Minas Gerais,40169,DURANDÉ,6533,3232,3300
Sudeste,MG,Minas Gerais,44717,ELÓI MENDES,20074,10342,9708
Sudeste,MG,Minas Gerais,44733,ENGENHEIRO CALDAS,7739,4084,3653
Sudeste,MG,Minas Gerais,44750,ENGENHEIRO NAVARRO,6210,3105,3103
Sudeste,MG,Minas Gerais,40185,ENTRE FOLHAS,5729,2843,2871
Sudeste,MG,Minas Gerais,44776,ENTRE RIOS DE MINAS,12204,6143,6040
Sudeste,MG,Minas Gerais,44792,ERVÁLIA,16487,8214,8261
Sudeste,MG,Minas Gerais,44814,ESMERALDAS,47557,24269,23272
Sudeste,MG,Minas Gerais,44830,ESPERA FELIZ,17036,8880,8152
Sudeste,MG,Minas Gerais,44857,ESPINOSA,22209,11639,10570
Sudeste,MG,Minas Gerais,44873,ESPÍRITO SANTO DO DOURADO,4552,2128,2424
Sudeste,MG,Minas Gerais,44890,ESTIVA,8885,4286,4581
Sudeste,MG,Minas Gerais,44911,ESTRELA DALVA,2584,1284,1300
Sudeste,MG,Minas Gerais,44938,ESTRELA DO INDAIÁ,2959,1511,1447
Sudeste,MG,Minas Gerais,44954,ESTRELA DO SUL,5776,2746,3024
Sudeste,MG,Minas Gerais,44970,EUGENÓPOLIS,8645,4322,4321
Sudeste,MG,Minas Gerais,44997,EWBANK DA CÂMARA,4013,1976,2037
Sudeste,MG,Minas Gerais,45012,EXTREMA,30017,15209,14788
Sudeste,MG,Minas Gerais,45039,FAMA,2882,1380,1494
Sudeste,MG,Minas Gerais,45055,FARIA LEMOS,3090,1529,1561
Sudeste,MG,Minas Gerais,45110,FELISBURGO,5495,2721,2764
Sudeste,MG,Minas Gerais,45136,FELIXLÂNDIA,11897,5947,5939
Sudeste,MG,Minas Gerais,45071,FELÍCIO DOS SANTOS,4890,2524,2357
Sudeste,MG,Minas Gerais,45152,FERNANDES TOURINHO,2841,1417,1424
Sudeste,MG,Minas Gerais,45179,FERROS,8781,4430,4346
Sudeste,MG,Minas Gerais,40207,FERVEDOURO,8482,4111,4366
Sudeste,MG,Minas Gerais,45195,FLORESTAL,6224,3128,3096
Sudeste,MG,Minas Gerais,45217,FORMIGA,54620,28431,26173
Sudeste,MG,Minas Gerais,45233,FORMOSO,5809,2754,3054
Sudeste,MG,Minas Gerais,45250,FORTALEZA DE MINAS,3423,1659,1763
Sudeste,MG,Minas Gerais,45276,FORTUNA DE MINAS,2825,1345,1480
Sudeste,MG,Minas Gerais,45292,FRANCISCO BADARÓ,7319,3548,3765
Sudeste,MG,Minas Gerais,45314,FRANCISCO DUMONT,4558,2198,2360
Sudeste,MG,Minas Gerais,45330,FRANCISCO SÁ,19115,9545,9552
Sudeste,MG,Minas Gerais,40223,FRANCISCÓPOLIS,5029,2453,2570
Sudeste,MG,Minas Gerais,45357,FREI GASPAR,5107,2539,2568
Sudeste,MG,Minas Gerais,45373,FREI INOCÊNCIO,7002,3665,3331
Sudeste,MG,Minas Gerais,42064,FREI LAGONEGRO,3233,1568,1665
Sudeste,MG,Minas Gerais,45390,FRONTEIRA,10029,4964,5059
Sudeste,MG,Minas Gerais,49352,FRONTEIRA DOS VALES,4186,1997,2183
Sudeste,MG,Minas Gerais,42080,FRUTA DE LEITE,5047,2519,2528
Sudeste,MG,Minas Gerais,45411,FRUTAL,41407,21477,19908
Sudeste,MG,Minas Gerais,45438,FUNILÂNDIA,4391,2120,2269
Sudeste,MG,Minas Gerais,45454,GALILÉIA,5403,2811,2592
Sudeste,MG,Minas Gerais,42102,GAMELEIRAS,4333,2134,2197
Sudeste,MG,Minas Gerais,42129,GLAUCILÂNDIA,3662,1760,1899
Sudeste,MG,Minas Gerais,42145,GOIABEIRA,3031,1540,1489
Sudeste,MG,Minas Gerais,42161,GOIANÁ,3871,1931,1938
Sudeste,MG,Minas Gerais,45497,GONZAGA,4804,2402,2402
Sudeste,MG,Minas Gerais,45470,GONÇALVES,3942,1844,2095
Sudeste,MG,Minas Gerais,45519,GOUVEIA,10434,5336,5089
Sudeste,MG,Minas Gerais,45535,GOVERNADOR VALADARES,205896,111859,93732
Sudeste,MG,Minas Gerais,45578,GRUPIARA,1609,751,858
Sudeste,MG,Minas Gerais,45551,GRÃO MOGOL,12084,5912,6167
Sudeste,MG,Minas Gerais,45594,GUANHÃES,25038,13148,11864
Sudeste,MG,Minas Gerais,45616,GUAPÉ,10709,5173,5534
Sudeste,MG,Minas Gerais,45632,GUARACIABA,8341,4107,4230
Sudeste,MG,Minas Gerais,42188,GUARACIAMA,4674,2257,2417
Sudeste,MG,Minas Gerais,45675,GUARANI,7164,3579,3580
Sudeste,MG,Minas Gerais,45659,GUARANÉSIA,15296,7640,7641
Sudeste,MG,Minas Gerais,45691,GUARARÁ,3547,1776,1768
Sudeste,MG,Minas Gerais,45713,GUARDA-MOR,5847,2802,3043
Sudeste,MG,Minas Gerais,45730,GUAXUPÉ,38604,19977,18605
Sudeste,MG,Minas Gerais,45756,GUIDOVAL,5993,3030,2963
Sudeste,MG,Minas Gerais,45772,GUIMARÂNIA,6558,3215,3340
Sudeste,MG,Minas Gerais,45799,GUIRICEMA,7086,3501,3579
Sudeste,MG,Minas Gerais,45810,GURINHATÃ,5050,2329,2717
Sudeste,MG,Minas Gerais,45837,HELIODORA,5163,2516,2644
Sudeste,MG,Minas Gerais,45853,IAPU,8468,4319,4140
Sudeste,MG,Minas Gerais,45870,IBERTIOGA,4778,2370,2399
Sudeste,MG,Minas Gerais,45918,IBIAÍ,6447,3190,3254
Sudeste,MG,Minas Gerais,42200,IBIRACATU,5968,2878,3077
Sudeste,MG,Minas Gerais,45934,IBIRACI,9042,4495,4542
Sudeste,MG,Minas Gerais,45950,IBIRITÉ,115497,60025,55409
Sudeste,MG,Minas Gerais,45977,IBITIÚRA DE MINAS,3208,1566,1642
Sudeste,MG,Minas Gerais,45993,IBITURUNA,2535,1257,1278
Sudeste,MG,Minas Gerais,45896,IBIÁ,17263,8611,8637
Sudeste,MG,Minas Gerais,40240,ICARAÍ DE MINAS,7834,3818,4015
Sudeste,MG,Minas Gerais,46019,IGARAPÉ,29134,14953,14164
Sudeste,MG,Minas Gerais,46035,IGARATINGA,7427,3662,3765
Sudeste,MG,Minas Gerais,46051,IGUATAMA,6626,3329,3295
Sudeste,MG,Minas Gerais,46078,IJACI,5195,2616,2576
Sudeste,MG,Minas Gerais,46094,ILICÍNEA,9654,4751,4903
Sudeste,MG,Minas Gerais,42226,IMBÉ DE MINAS,5984,2892,3075
Sudeste,MG,Minas Gerais,46116,INCONFIDENTES,6391,3065,3323
Sudeste,MG,Minas Gerais,42242,INDAIABIRA,6235,3075,3160
Sudeste,MG,Minas Gerais,46132,INDIANÓPOLIS,4650,2228,2418
Sudeste,MG,Minas Gerais,46159,INGAÍ,2955,1444,1510
Sudeste,MG,Minas Gerais,46175,INHAPIM,19813,9995,9805
Sudeste,MG,Minas Gerais,46191,INHAÚMA,5353,2612,2734
Sudeste,MG,Minas Gerais,46213,INIMUTABA,6042,3029,3007
Sudeste,MG,Minas Gerais,40266,IPABA,13960,7088,6857
Sudeste,MG,Minas Gerais,46230,IPANEMA,15101,7924,7175
Sudeste,MG,Minas Gerais,46256,IPATINGA,183677,96877,86579
Sudeste,MG,Minas Gerais,46272,IPIAÇU,3446,1671,1773
Sudeste,MG,Minas Gerais,46299,IPUIÚNA,7748,3808,3928
Sudeste,MG,Minas Gerais,46310,IRAÍ DE MINAS,5643,2744,2899
Sudeste,MG,Minas Gerais,46337,ITABIRA,90150,47555,42545
Sudeste,MG,Minas Gerais,46353,ITABIRINHA,8645,4466,4174
Sudeste,MG,Minas Gerais,46370,ITABIRITO,40716,20902,19792
Sudeste,MG,Minas Gerais,46396,ITACAMBIRA,4889,2341,2547
Sudeste,MG,Minas Gerais,46418,ITACARAMBI,13607,6869,6721
Sudeste,MG,Minas Gerais,46434,ITAGUARA,10416,5153,5263
Sudeste,MG,Minas Gerais,46450,ITAIPÉ,8837,4513,4317
Sudeste,MG,Minas Gerais,46477,ITAJUBÁ,72708,37904,34784
Sudeste,MG,Minas Gerais,46493,ITAMARANDIBA,24783,12742,12012
Sudeste,MG,Minas Gerais,46515,ITAMARATI DE MINAS,3685,1794,1890
Sudeste,MG,Minas Gerais,46531,ITAMBACURI,18269,9657,8599
Sudeste,MG,Minas Gerais,46558,ITAMBÉ DO MATO DENTRO,2552,1208,1344
Sudeste,MG,Minas Gerais,46574,ITAMOGI,9440,4635,4804
Sudeste,MG,Minas Gerais,46590,ITAMONTE,11514,5781,5725
Sudeste,MG,Minas Gerais,46612,ITANHANDU,12242,6369,5856
Sudeste,MG,Minas Gerais,46639,ITANHOMI,10028,5211,4809
Sudeste,MG,Minas Gerais,46655,ITAOBIM,16540,8456,8069
Sudeste,MG,Minas Gerais,46671,ITAPAGIPE,10273,5109,5157
Sudeste,MG,Minas Gerais,46698,ITAPECERICA,17681,8966,8704
Sudeste,MG,Minas Gerais,46710,ITAPEVA,7313,3660,3653
Sudeste,MG,Minas Gerais,46736,ITATIAIUÇU,9598,4696,4896
Sudeste,MG,Minas Gerais,46779,ITAVERAVA,5711,2806,2902
Sudeste,MG,Minas Gerais,54453,ITAÚ DE MINAS,12556,6361,6184
Sudeste,MG,Minas Gerais,46752,ITAÚNA,69448,36023,33357
Sudeste,MG,Minas Gerais,46795,ITINGA,11203,5511,5685
Sudeste,MG,Minas Gerais,46817,ITUETA,4693,2369,2324
Sudeste,MG,Minas Gerais,46833,ITUIUTABA,77181,40637,36466
Sudeste,MG,Minas Gerais,46850,ITUMIRIM,5955,2974,2971
Sudeste,MG,Minas Gerais,46876,ITURAMA,29461,14881,14577
Sudeste,MG,Minas Gerais,46892,ITUTINGA,3739,1774,1962
Sudeste,MG,Minas Gerais,46914,JABOTICATUBAS,14267,7118,7135
Sudeste,MG,Minas Gerais,46930,JACINTO,8974,4426,4540
Sudeste,MG,Minas Gerais,46973,JACUTINGA,18094,9214,8877
Sudeste,MG,Minas Gerais,46957,JACUÍ,6500,3166,3331
Sudeste,MG,Minas Gerais,46990,JAGUARAÇU,3126,1581,1543
Sudeste,MG,Minas Gerais,40304,JAMPRUCA,4195,2059,2133
Sudeste,MG,Minas Gerais,47015,JANAÚBA,51820,26993,24753
Sudeste,MG,Minas Gerais,47031,JANUÁRIA,49524,25492,24003
Sudeste,MG,Minas Gerais,47058,JAPARAÍBA,3348,1716,1631
Sudeste,MG,Minas Gerais,42269,JAPONVAR,8025,3844,4172
Sudeste,MG,Minas Gerais,40282,JAÍBA,23280,11614,11647
Sudeste,MG,Minas Gerais,47074,JECEABA,5809,2806,2998
Sudeste,MG,Minas Gerais,42285,JENIPAPO DE MINAS,5698,2806,2878
Sudeste,MG,Minas Gerais,47090,JEQUERI,10293,5166,5125
Sudeste,MG,Minas Gerais,47112,JEQUITAÍ,6641,3279,3352
Sudeste,MG,Minas Gerais,47139,JEQUITIBÁ,5646,2668,2974
Sudeste,MG,Minas Gerais,47155,JEQUITINHONHA,17862,9067,8768
Sudeste,MG,Minas Gerais,47171,JESUÂNIA,4216,2062,2152
Sudeste,MG,Minas Gerais,47210,JOANÉSIA,4949,2431,2516
Sudeste,MG,Minas Gerais,47279,JOAQUIM FELÍCIO,3359,1656,1703
Sudeste,MG,Minas Gerais,47198,JOAÍMA,10867,5552,5304
Sudeste,MG,Minas Gerais,47295,JORDÂNIA,7923,3925,3992
Sudeste,MG,Minas Gerais,40924,JOSENÓPOLIS,3653,1810,1843
Sudeste,MG,Minas Gerais,42307,JOSÉ GONÇALVES DE MINAS,3903,1931,1970
Sudeste,MG,Minas Gerais,42323,JOSÉ RAYDAN,4308,2122,2186
Sudeste,MG,Minas Gerais,47236,JOÃO MONLEVADE,59679,31851,27803
Sudeste,MG,Minas Gerais,47252,JOÃO PINHEIRO,37008,18466,18516
Sudeste,MG,Minas Gerais,40320,JUATUBA,20981,10727,10245
Sudeste,MG,Minas Gerais,47333,JUIZ DE FORA,397841,216255,181411
Sudeste,MG,Minas Gerais,47350,JURAMENTO,4280,2102,2178
Sudeste,MG,Minas Gerais,47376,JURUAIA,8078,3975,4094
Sudeste,MG,Minas Gerais,40940,JUVENÍLIA,5644,2687,2951
Sudeste,MG,Minas Gerais,47392,LADAINHA,12129,6129,5987
Sudeste,MG,Minas Gerais,47414,LAGAMAR,6465,3096,3353
Sudeste,MG,Minas Gerais,47430,LAGOA DA PRATA,35210,18522,16654
Sudeste,MG,Minas Gerais,47457,LAGOA DOS PATOS,3879,1895,1982
Sudeste,MG,Minas Gerais,47473,LAGOA DOURADA,9758,4719,5028
Sudeste,MG,Minas Gerais,47490,LAGOA FORMOSA,14011,7049,6952
Sudeste,MG,Minas Gerais,40347,LAGOA GRANDE,7122,3419,3699
Sudeste,MG,Minas Gerais,47511,LAGOA SANTA,44906,23425,21445
Sudeste,MG,Minas Gerais,47538,LAJINHA,16087,8209,7869
Sudeste,MG,Minas Gerais,47554,LAMBARI,16602,8417,8159
Sudeste,MG,Minas Gerais,47570,LAMIM,3395,1672,1721
Sudeste,MG,Minas Gerais,47597,LARANJAL,5612,2838,2761
Sudeste,MG,Minas Gerais,47619,LASSANCE,5745,2799,2943
Sudeste,MG,Minas Gerais,47635,LAVRAS,72499,38278,34177
Sudeste,MG,Minas Gerais,47651,LEANDRO FERREIRA,3203,1564,1638
Sudeste,MG,Minas Gerais,40967,LEME DO PRADO,4075,2028,2042
Sudeste,MG,Minas Gerais,47678,LEOPOLDINA,40840,21585,19243
Sudeste,MG,Minas Gerais,47694,LIBERDADE,4363,2126,2232
Sudeste,MG,Minas Gerais,47716,LIMA DUARTE,14180,7088,7088
Sudeste,MG,Minas Gerais,40363,LIMEIRA DO OESTE,5666,2752,2914
Sudeste,MG,Minas Gerais,40380,LONTRA,7930,3837,4083
Sudeste,MG,Minas Gerais,40983,LUISBURGO,5451,2649,2801
Sudeste,MG,Minas Gerais,41009,LUISLÂNDIA,6180,2996,3180
Sudeste,MG,Minas Gerais,47732,LUMINÁRIAS,4394,2184,2204
Sudeste,MG,Minas Gerais,47759,LUZ,14775,7486,7282
Sudeste,MG,Minas Gerais,47775,MACHACALIS,5801,2799,2999
Sudeste,MG,Minas Gerais,47791,MACHADO,29849,15271,14533
Sudeste,MG,Minas Gerais,47813,MADRE DE DEUS DE MINAS,4144,2094,2050
Sudeste,MG,Minas Gerais,47830,MALACACHETA,15592,8095,7479
Sudeste,MG,Minas Gerais,40401,MAMONAS,5778,2876,2895
Sudeste,MG,Minas Gerais,47856,MANGA,16131,8189,7926
Sudeste,MG,Minas Gerais,47872,MANHUAÇU,58088,30179,27873
Sudeste,MG,Minas Gerais,47899,MANHUMIRIM,16906,8798,8101
Sudeste,MG,Minas Gerais,47910,MANTENA,20087,10694,9384
Sudeste,MG,Minas Gerais,47953,MAR DE ESPANHA,9707,5153,4554
Sudeste,MG,Minas Gerais,47937,MARAVILHAS,6140,3084,3055
Sudeste,MG,Minas Gerais,47970,MARIA DA FÉ,12321,6063,6244
Sudeste,MG,Minas Gerais,47996,MARIANA,48022,24989,22989
Sudeste,MG,Minas Gerais,48011,MARILAC,4009,2070,1936
Sudeste,MG,Minas Gerais,48038,MARIPÁ DE MINAS,2981,1460,1521
Sudeste,MG,Minas Gerais,48054,MARLIÉRIA,4186,2094,2092
Sudeste,MG,Minas Gerais,48070,MARMELÓPOLIS,2806,1357,1449
Sudeste,MG,Minas Gerais,48097,MARTINHO CAMPOS,11365,5595,5769
Sudeste,MG,Minas Gerais,41041,MARTINS SOARES,6934,3454,3480
Sudeste,MG,Minas Gerais,40428,MATA VERDE,6180,3026,3154
Sudeste,MG,Minas Gerais,48119,MATERLÂNDIA,4365,2146,2212
Sudeste,MG,Minas Gerais,48135,MATEUS LEME,25039,12721,12308
Sudeste,MG,Minas Gerais,54313,MATHIAS LOBATO,3000,1519,1477
Sudeste,MG,Minas Gerais,48151,MATIAS BARBOSA,11794,6015,5769
Sudeste,MG,Minas Gerais,40444,MATIAS CARDOSO,6615,3243,3360
Sudeste,MG,Minas Gerais,48178,MATIPÓ,15075,7663,7392
Sudeste,MG,Minas Gerais,48194,MATO VERDE,10451,5365,5072
Sudeste,MG,Minas Gerais,48216,MATOZINHOS,29412,15245,14143
Sudeste,MG,Minas Gerais,48232,MATUTINA,3440,1744,1695
Sudeste,MG,Minas Gerais,48259,MEDEIROS,3059,1445,1613
Sudeste,MG,Minas Gerais,48275,MEDINA,16282,8278,7988
Sudeste,MG,Minas Gerais,48291,MENDES PIMENTEL,5298,2666,2625
Sudeste,MG,Minas Gerais,48313,MERCÊS,8594,4371,4219
Sudeste,MG,Minas Gerais,48330,MESQUITA,5501,2741,2757
Sudeste,MG,Minas Gerais,48356,MINAS NOVAS,22541,11568,10948
Sudeste,MG,Minas Gerais,48372,MINDURI,3322,1658,1662
Sudeste,MG,Minas Gerais,48399,MIRABELA,10978,5475,5482
Sudeste,MG,Minas Gerais,48410,MIRADOURO,7825,3906,3919
Sudeste,MG,Minas Gerais,41068,MIRAVÂNIA,3912,1941,1971
Sudeste,MG,Minas Gerais,48437,MIRAÍ,10593,5356,5234
Sudeste,MG,Minas Gerais,48453,MOEDA,5347,2623,2720
Sudeste,MG,Minas Gerais,48470,MOEMA,6461,3292,3168
Sudeste,MG,Minas Gerais,48496,MONJOLOS,2321,1106,1210
Sudeste,MG,Minas Gerais,48518,MONSENHOR PAULO,6696,3236,3448
Sudeste,MG,Minas Gerais,48534,MONTALVÂNIA,12890,6529,6331
Sudeste,MG,Minas Gerais,48550,MONTE ALEGRE DE MINAS,15448,7743,7694
Sudeste,MG,Minas Gerais,48577,MONTE AZUL,17747,9207,8530
Sudeste,MG,Minas Gerais,48593,MONTE BELO,10951,5361,5579
Sudeste,MG,Minas Gerais,48615,MONTE CARMELO,36020,18325,17686
Sudeste,MG,Minas Gerais,41084,MONTE FORMOSO,4464,2142,2317
Sudeste,MG,Minas Gerais,48631,MONTE SANTO DE MINAS,17310,8705,8596
Sudeste,MG,Minas Gerais,48674,MONTE SIÃO,17869,9111,8745
Sudeste,MG,Minas Gerais,48658,MONTES CLAROS,269226,144349,124639
Sudeste,MG,Minas Gerais,40460,MONTEZUMA,5632,2831,2801
Sudeste,MG,Minas Gerais,48690,MORADA NOVA DE MINAS,7424,3601,3815
Sudeste,MG,Minas Gerais,48712,MORRO DA GARÇA,2650,1294,1356
Sudeste,MG,Minas Gerais,48739,MORRO DO PILAR,3377,1678,1698
Sudeste,MG,Minas Gerais,48755,MUNHOZ,6020,2802,3213
Sudeste,MG,Minas Gerais,48771,MURIAÉ,77325,41216,35969
Sudeste,MG,Minas Gerais,48798,MUTUM,21210,10771,10411
Sudeste,MG,Minas Gerais,48810,MUZAMBINHO,17885,9018,8849
Sudeste,MG,Minas Gerais,41025,MÁRIO CAMPOS,11146,5644,5499
Sudeste,MG,Minas Gerais,48836,NACIP RAYDAN,3033,1488,1540
Sudeste,MG,Minas Gerais,48852,NANUQUE,30511,16160,14320
Sudeste,MG,Minas Gerais,40487,NAQUE,5321,2688,2630
Sudeste,MG,Minas Gerais,41106,NATALÂNDIA,2958,1402,1551
Sudeste,MG,Minas Gerais,48879,NATÉRCIA,4197,2038,2159
Sudeste,MG,Minas Gerais,48895,NAZARENO,6324,3150,3171
Sudeste,MG,Minas Gerais,48917,NEPOMUCENO,20760,10505,10234
Sudeste,MG,Minas Gerais,41122,NINHEIRA,7822,3876,3945
Sudeste,MG,Minas Gerais,41149,NOVA BELÉM,3408,1688,1720
Sudeste,MG,Minas Gerais,48933,NOVA ERA,15165,7934,7217
Sudeste,MG,Minas Gerais,48950,NOVA LIMA,69598,36556,32976
Sudeste,MG,Minas Gerais,48976,NOVA MÓDICA,3440,1727,1713
Sudeste,MG,Minas Gerais,48992,NOVA PONTE,11420,5559,5861
Sudeste,MG,Minas Gerais,41165,NOVA PORTEIRINHA,5359,2695,2664
Sudeste,MG,Minas Gerais,49018,NOVA RESENDE,12535,6081,6443
Sudeste,MG,Minas Gerais,49034,NOVA SERRANA,54050,27605,26432
Sudeste,MG,Minas Gerais,47317,NOVA UNIÃO,5439,2702,2734
Sudeste,MG,Minas Gerais,49050,NOVO CRUZEIRO,24572,12515,12036
Sudeste,MG,Minas Gerais,40509,NOVO ORIENTE DE MINAS,8842,4328,4513
Sudeste,MG,Minas Gerais,41181,NOVORIZONTE,4471,2205,2264
Sudeste,MG,Minas Gerais,49077,OLARIA,2154,995,1158
Sudeste,MG,Minas Gerais,41203,OLHOS D'ÁGUA,5062,2371,2691
Sudeste,MG,Minas Gerais,49115,OLIVEIRA,32885,17011,15861
Sudeste,MG,Minas Gerais,49131,OLIVEIRA FORTES,2143,1034,1108
Sudeste,MG,Minas Gerais,49093,OLÍMPIO NORONHA,2543,1258,1285
Sudeste,MG,Minas Gerais,49158,ONÇA DE PITANGUI,3194,1522,1672
Sudeste,MG,Minas Gerais,41220,ORATÓRIOS,4324,2144,2171
Sudeste,MG,Minas Gerais,41246,ORIZÂNIA,6459,3158,3294
Sudeste,MG,Minas Gerais,49174,OURO BRANCO,29959,15199,14743
Sudeste,MG,Minas Gerais,49190,OURO FINO,25086,12722,12343
Sudeste,MG,Minas Gerais,49212,OURO PRETO,60957,31243,29638
Sudeste,MG,Minas Gerais,49239,OURO VERDE DE MINAS,6467,3191,3265
Sudeste,MG,Minas Gerais,41262,PADRE CARVALHO,4854,2412,2439
Sudeste,MG,Minas Gerais,49255,PADRE PARAÍSO,13903,7136,6751
Sudeste,MG,Minas Gerais,41289,PAI PEDRO,5030,2526,2502
Sudeste,MG,Minas Gerais,49271,PAINEIRAS,4187,2099,2082
Sudeste,MG,Minas Gerais,49298,PAINS,6775,3444,3326
Sudeste,MG,Minas Gerais,49310,PAIVA,1686,852,834
Sudeste,MG,Minas Gerais,49336,PALMA,5384,2705,2669
Sudeste,MG,Minas Gerais,40525,PALMÓPOLIS,6144,3019,3121
Sudeste,MG,Minas Gerais,49379,PAPAGAIOS,11353,5739,5605
Sudeste,MG,Minas Gerais,49395,PARACATU,64469,32794,31657
Sudeste,MG,Minas Gerais,49433,PARAGUAÇU,16935,8539,8374
Sudeste,MG,Minas Gerais,49450,PARAISÓPOLIS,16518,8296,8209
Sudeste,MG,Minas Gerais,49476,PARAOPEBA,19424,10065,9343
Sudeste,MG,Minas Gerais,49417,PARÁ DE MINAS,62901,32943,29958
Sudeste,MG,Minas Gerais,49514,PASSA QUATRO,13271,6680,6569
Sudeste,MG,Minas Gerais,49530,PASSA TEMPO,7566,3754,3804
Sudeste,MG,Minas Gerais,49557,PASSA VINTE,2095,1000,1092
Sudeste,MG,Minas Gerais,49492,PASSABÉM,1733,866,867
Sudeste,MG,Minas Gerais,49573,PASSOS,79983,41937,37968
Sudeste,MG,Minas Gerais,41300,PATIS,4983,2404,2577
Sudeste,MG,Minas Gerais,49590,PATOS DE MINAS,110852,58153,52640
Sudeste,MG,Minas Gerais,49611,PATROCÍNIO,64198,32578,31585
Sudeste,MG,Minas Gerais,49638,PATROCÍNIO DO MURIAÉ,5288,2616,2655
Sudeste,MG,Minas Gerais,49654,PAULA CÂNDIDO,7696,3825,3868
Sudeste,MG,Minas Gerais,49670,PAULISTAS,4189,2144,2043
Sudeste,MG,Minas Gerais,49697,PAVÃO,5934,2968,2962
Sudeste,MG,Minas Gerais,49735,PEDRA AZUL,18868,9866,8992
Sudeste,MG,Minas Gerais,41327,PEDRA BONITA,5243,2603,2640
Sudeste,MG,Minas Gerais,49751,PEDRA DO ANTA,3593,1802,1791
Sudeste,MG,Minas Gerais,49778,PEDRA DO INDAIÁ,3505,1692,1813
Sudeste,MG,Minas Gerais,49794,PEDRA DOURADA,2708,1317,1391
Sudeste,MG,Minas Gerais,49816,PEDRALVA,9647,4750,4888
Sudeste,MG,Minas Gerais,40541,PEDRAS DE MARIA DA CRUZ,7840,3882,3952
Sudeste,MG,Minas Gerais,49832,PEDRINÓPOLIS,3152,1553,1599
Sudeste,MG,Minas Gerais,49859,PEDRO LEOPOLDO,47323,24715,22547
Sudeste,MG,Minas Gerais,49875,PEDRO TEIXEIRA,2116,1012,1103
Sudeste,MG,Minas Gerais,49891,PEQUERI,3179,1618,1560
Sudeste,MG,Minas Gerais,49913,PEQUI,3613,1833,1779
Sudeste,MG,Minas Gerais,49930,PERDIGÃO,7869,3919,3947
Sudeste,MG,Minas Gerais,49956,PERDIZES,12526,5955,6565
Sudeste,MG,Minas Gerais,49972,PERDÕES,17092,8764,8312
Sudeste,MG,Minas Gerais,40568,PERIQUITO,6375,3304,3069
Sudeste,MG,Minas Gerais,49999,PESCADOR,3508,1725,1775
Sudeste,MG,Minas Gerais,49719,PEÇANHA,13396,6926,6456
Sudeste,MG,Minas Gerais,50016,PIAU,2779,1287,1492
Sudeste,MG,Minas Gerais,41343,PIEDADE DE CARATINGA,7324,3725,3595
Sudeste,MG,Minas Gerais,50032,PIEDADE DE PONTE NOVA,3843,1959,1876
Sudeste,MG,Minas Gerais,50059,PIEDADE DO RIO GRANDE,4015,2020,1995
Sudeste,MG,Minas Gerais,50075,PIEDADE DOS GERAIS,4693,2220,2472
Sudeste,MG,Minas Gerais,50091,PIMENTA,6958,3410,3545
Sudeste,MG,Minas Gerais,41360,PINGO D'ÁGUA,4155,2038,2113
Sudeste,MG,Minas Gerais,41386,PINTÓPOLIS,6291,2976,3313
Sudeste,MG,Minas Gerais,50113,PIRACEMA,5922,2922,2993
Sudeste,MG,Minas Gerais,50130,PIRAJUBA,4101,1957,2143
Sudeste,MG,Minas Gerais,50156,PIRANGA,13635,6630,6981
Sudeste,MG,Minas Gerais,50199,PIRANGUINHO,6944,3401,3534
Sudeste,MG,Minas Gerais,50172,PIRANGUÇU,4774,2319,2451
Sudeste,MG,Minas Gerais,50210,PIRAPETINGA,9672,4972,4695
Sudeste,MG,Minas Gerais,50237,PIRAPORA,40723,21497,19210
Sudeste,MG,Minas Gerais,50253,PIRAÚBA,9528,4810,4701
Sudeste,MG,Minas Gerais,50270,PITANGUI,20886,10686,10192
Sudeste,MG,Minas Gerais,50296,PIUMHI,25519,13349,12157
Sudeste,MG,Minas Gerais,50318,PLANURA,8192,3900,4278
Sudeste,MG,Minas Gerais,50377,POCRANE,7506,3795,3708
Sudeste,MG,Minas Gerais,50393,POMPÉU,23674,12148,11517
Sudeste,MG,Minas Gerais,50415,PONTE NOVA,43634,23450,20184
Sudeste,MG,Minas Gerais,41408,PONTO CHIQUE,3784,1825,1954
Sudeste,MG,Minas Gerais,40584,PONTO DOS VOLANTES,8771,4393,4373
Sudeste,MG,Minas Gerais,50431,PORTEIRINHA,31305,16019,15249
Sudeste,MG,Minas Gerais,50458,PORTO FIRME,8919,4510,4402
Sudeste,MG,Minas Gerais,50474,POTÉ,12405,6368,6022
Sudeste,MG,Minas Gerais,50490,POUSO ALEGRE,102711,53494,49124
Sudeste,MG,Minas Gerais,50512,POUSO ALTO,5614,2781,2825
Sudeste,MG,Minas Gerais,50334,POÇO FUNDO,12824,6359,6460
Sudeste,MG,Minas Gerais,50350,POÇOS DE CALDAS,118425,63043,55272
Sudeste,MG,Minas Gerais,50539,PRADOS,6941,3490,3445
Sudeste,MG,Minas Gerais,50555,PRATA,21402,10434,10950
Sudeste,MG,Minas Gerais,50598,PRATINHA,2870,1387,1481
Sudeste,MG,Minas Gerais,50571,PRATÁPOLIS,7555,3784,3769
Sudeste,MG,Minas Gerais,50610,PRESIDENTE BERNARDES,5472,2639,2828
Sudeste,MG,Minas Gerais,50636,PRESIDENTE JUSCELINO,4206,1997,2207
Sudeste,MG,Minas Gerais,50652,PRESIDENTE KUBITSCHEK,2718,1326,1389
Sudeste,MG,Minas Gerais,50679,PRESIDENTE OLEGÁRIO,16539,8059,8465
Sudeste,MG,Minas Gerais,50717,PRUDENTE DE MORAIS,7587,3945,3642
Sudeste,MG,Minas Gerais,50733,QUARTEL GERAL,3306,1651,1654
Sudeste,MG,Minas Gerais,50750,QUELUZITO,2425,1193,1231
Sudeste,MG,Minas Gerais,50776,RAPOSOS,12753,6636,6098
Sudeste,MG,Minas Gerais,50792,RAUL SOARES,17958,9265,8686
Sudeste,MG,Minas Gerais,50814,RECREIO,7737,4053,3682
Sudeste,MG,Minas Gerais,41424,REDUTO,5711,2842,2867
Sudeste,MG,Minas Gerais,50830,RESENDE COSTA,9172,4729,4442
Sudeste,MG,Minas Gerais,50857,RESPLENDOR,13267,6965,6298
Sudeste,MG,Minas Gerais,50873,RESSAQUINHA,4130,2087,2036
Sudeste,MG,Minas Gerais,40606,RIACHINHO,5411,2589,2812
Sudeste,MG,Minas Gerais,50890,RIACHO DOS MACHADOS,7587,3748,3837
Sudeste,MG,Minas Gerais,50911,RIBEIRÃO DAS NEVES,202801,106692,96029
Sudeste,MG,Minas Gerais,50938,RIBEIRÃO VERMELHO,3254,1675,1575
Sudeste,MG,Minas Gerais,50954,RIO ACIMA,8156,4186,3964
Sudeste,MG,Minas Gerais,50970,RIO CASCA,11565,5968,5592
Sudeste,MG,Minas Gerais,51012,RIO DO PRADO,4285,2083,2200
Sudeste,MG,Minas Gerais,50997,RIO DOCE,2330,1154,1173
Sudeste,MG,Minas Gerais,51039,RIO ESPERA,5318,2630,2685
Sudeste,MG,Minas Gerais,51055,RIO MANSO,4583,2201,2380
Sudeste,MG,Minas Gerais,51071,RIO NOVO,7274,3647,3622
Sudeste,MG,Minas Gerais,51098,RIO PARANAÍBA,10326,5084,5239
Sudeste,MG,Minas Gerais,51110,RIO PARDO DE MINAS,21374,10714,10657
Sudeste,MG,Minas Gerais,51136,RIO PIRACICABA,12557,6391,6162
Sudeste,MG,Minas Gerais,51152,RIO POMBA,14203,7275,6919
Sudeste,MG,Minas Gerais,51179,RIO PRETO,5206,2630,2574
Sudeste,MG,Minas Gerais,51195,RIO VERMELHO,11115,5610,5501
Sudeste,MG,Minas Gerais,51217,RITÁPOLIS,4539,2308,2231
Sudeste,MG,Minas Gerais,51233,ROCHEDO DE MINAS,2354,1165,1189
Sudeste,MG,Minas Gerais,51250,RODEIRO,6392,3188,3200
Sudeste,MG,Minas Gerais,51276,ROMARIA,2970,1417,1553
Sudeste,MG,Minas Gerais,40622,ROSÁRIO DA LIMEIRA,4959,2378,2569
Sudeste,MG,Minas Gerais,51292,RUBELITA,7582,3633,3945
Sudeste,MG,Minas Gerais,51314,RUBIM,6533,3303,3223
Sudeste,MG,Minas Gerais,51330,SABARÁ,92227,48559,43551
Sudeste,MG,Minas Gerais,51357,SABINÓPOLIS,12724,6525,6189
Sudeste,MG,Minas Gerais,51373,SACRAMENTO,19443,9782,9650
Sudeste,MG,Minas Gerais,51390,SALINAS,31724,16335,15381
Sudeste,MG,Minas Gerais,51411,SALTO DA DIVISA,4829,2414,2411
Sudeste,MG,Minas Gerais,51438,SANTA BÁRBARA,23164,11996,11120
Sudeste,MG,Minas Gerais,40649,SANTA BÁRBARA DO LESTE,7044,3493,3544
Sudeste,MG,Minas Gerais,41440,SANTA BÁRBARA DO MONTE VERDE,3059,1467,1592
Sudeste,MG,Minas Gerais,51454,SANTA BÁRBARA DO TUGÚRIO,4306,2097,2203
Sudeste,MG,Minas Gerais,41467,SANTA CRUZ DE MINAS,6566,3516,3047
Sudeste,MG,Minas Gerais,41483,SANTA CRUZ DE SALINAS,4364,2132,2232
Sudeste,MG,Minas Gerais,51470,SANTA CRUZ DO ESCALVADO,4830,2389,2432
Sudeste,MG,Minas Gerais,51497,SANTA EFIGÊNIA DE MINAS,4120,2085,2035
Sudeste,MG,Minas Gerais,51519,SANTA FÉ DE MINAS,3390,1571,1817
Sudeste,MG,Minas Gerais,41505,SANTA HELENA DE MINAS,5007,2446,2556
Sudeste,MG,Minas Gerais,51535,SANTA JULIANA,9109,4458,4651
Sudeste,MG,Minas Gerais,51551,SANTA LUZIA,159377,84267,74999
Sudeste,MG,Minas Gerais,51578,SANTA MARGARIDA,12441,6142,6287
Sudeste,MG,Minas Gerais,51594,SANTA MARIA DE ITABIRA,8776,4445,4327
Sudeste,MG,Minas Gerais,51616,SANTA MARIA DO SALTO,4367,2108,2251
Sudeste,MG,Minas Gerais,51632,SANTA MARIA DO SUAÇUÍ,12571,6436,6134
Sudeste,MG,Minas Gerais,51837,SANTA RITA DE CALDAS,7169,3569,3590
Sudeste,MG,Minas Gerais,51870,SANTA RITA DE IBITIPOCA,3261,1578,1680
Sudeste,MG,Minas Gerais,51853,SANTA RITA DE JACUTINGA,4147,2061,2086
Sudeste,MG,Minas Gerais,40665,SANTA RITA DE MINAS,5904,2968,2929
Sudeste,MG,Minas Gerais,51896,SANTA RITA DO ITUETO,4896,2434,2462
Sudeste,MG,Minas Gerais,51918,SANTA RITA DO SAPUCAÍ,29994,15434,14505
Sudeste,MG,Minas Gerais,51934,SANTA ROSA DA SERRA,3306,1554,1748
Sudeste,MG,Minas Gerais,51950,SANTA VITÓRIA,16990,8279,8702
Sudeste,MG,Minas Gerais,51659,SANTANA DA VARGEM,5907,2938,2962
Sudeste,MG,Minas Gerais,51675,SANTANA DE CATAGUASES,3068,1534,1534
Sudeste,MG,Minas Gerais,51691,SANTANA DE PIRAPAMA,7395,3517,3866
Sudeste,MG,Minas Gerais,51713,SANTANA DO DESERTO,3359,1631,1726
Sudeste,MG,Minas Gerais,51730,SANTANA DO GARAMBÉU,2182,1038,1143
Sudeste,MG,Minas Gerais,51756,SANTANA DO JACARÉ,3956,1998,1958
Sudeste,MG,Minas Gerais,51772,SANTANA DO MANHUAÇU,7090,3498,3589
Sudeste,MG,Minas Gerais,40681,SANTANA DO PARAÍSO,20863,10572,10284
Sudeste,MG,Minas Gerais,51799,SANTANA DO RIACHO,5035,2404,2629
Sudeste,MG,Minas Gerais,51810,SANTANA DOS MONTES,3789,1848,1938
Sudeste,MG,Minas Gerais,51977,SANTO ANTÔNIO DO AMPARO,13587,6895,6681
Sudeste,MG,Minas Gerais,51993,SANTO ANTÔNIO DO AVENTUREIRO,3577,1717,1858
Sudeste,MG,Minas Gerais,52019,SANTO ANTÔNIO DO GRAMA,3967,1982,1981
Sudeste,MG,Minas Gerais,52035,SANTO ANTÔNIO DO ITAMBÉ,3846,1877,1967
Sudeste,MG,Minas Gerais,52051,SANTO ANTÔNIO DO JACINTO,9148,4543,4592
Sudeste,MG,Minas Gerais,52078,SANTO ANTÔNIO DO MONTE,19724,10147,9575
Sudeste,MG,Minas Gerais,41521,SANTO ANTÔNIO DO RETIRO,5984,2978,3006
Sudeste,MG,Minas Gerais,52094,SANTO ANTÔNIO DO RIO ABAIXO,2038,1013,1025
Sudeste,MG,Minas Gerais,52116,SANTO HIPÓLITO,2854,1431,1423
Sudeste,MG,Minas Gerais,52132,SANTOS DUMONT,39141,20485,18628
Sudeste,MG,Minas Gerais,53074,SAPUCAÍ-MIRIM,5402,2633,2767
Sudeste,MG,Minas Gerais,53090,SARDOÁ,4832,2414,2417
Sudeste,MG,Minas Gerais,40800,SARZEDO,20888,10833,10051
Sudeste,MG,Minas Gerais,40827,SEM PEIXE,3512,1777,1730
Sudeste,MG,Minas Gerais,40843,SENADOR AMARAL,5125,2477,2647
Sudeste,MG,Minas Gerais,53112,SENADOR CORTES,2388,1201,1187
Sudeste,MG,Minas Gerais,53139,SENADOR FIRMINO,6563,3326,3237
Sudeste,MG,Minas Gerais,53155,SENADOR JOSÉ BENTO,2168,1021,1147
Sudeste,MG,Minas Gerais,53171,SENADOR MODESTINO GONÇALVES,4546,2178,2363
Sudeste,MG,Minas Gerais,53198,SENHORA DE OLIVEIRA,5473,2736,2737
Sudeste,MG,Minas Gerais,53210,SENHORA DO PORTO,3246,1610,1633
Sudeste,MG,Minas Gerais,53236,SENHORA DOS REMÉDIOS,7939,3962,3964
Sudeste,MG,Minas Gerais,53252,SERICITA,6571,3170,3394
Sudeste,MG,Minas Gerais,53279,SERITINGA,1797,886,911
Sudeste,MG,Minas Gerais,53295,SERRA AZUL DE MINAS,3684,1826,1857
Sudeste,MG,Minas Gerais,53317,SERRA DA SAUDADE,941,441,499
Sudeste,MG,Minas Gerais,53350,SERRA DO SALITRE,8675,4156,4516
Sudeste,MG,Minas Gerais,53333,SERRA DOS AIMORÉS,5591,2860,2731
Sudeste,MG,Minas Gerais,53376,SERRANIA,6560,3259,3298
Sudeste,MG,Minas Gerais,53392,SERRANOS,1970,993,977
Sudeste,MG,Minas Gerais,42382,SERRANÓPOLIS DE MINAS,3900,1933,1965
Sudeste,MG,Minas Gerais,53414,SERRO,16991,8522,8468
Sudeste,MG,Minas Gerais,53430,SETE LAGOAS,163539,86663,76760
Sudeste,MG,Minas Gerais,42404,SETUBINHA,8510,4360,4145
Sudeste,MG,Minas Gerais,53457,SILVEIRÂNIA,2653,1231,1421
Sudeste,MG,Minas Gerais,53473,SILVIANÓPOLIS,4905,2359,2540
Sudeste,MG,Minas Gerais,53511,SIMONÉSIA,14942,7310,7617
Sudeste,MG,Minas Gerais,53490,SIMÃO PEREIRA,2747,1374,1373
Sudeste,MG,Minas Gerais,53538,SOBRÁLIA,4516,2308,2204
Sudeste,MG,Minas Gerais,53554,SOLEDADE DE MINAS,5018,2494,2516
Sudeste,MG,Minas Gerais,52159,SÃO BENTO ABADE,3957,1945,2012
Sudeste,MG,Minas Gerais,52175,SÃO BRÁS DO SUAÇUÍ,3453,1746,1702
Sudeste,MG,Minas Gerais,41548,SÃO DOMINGOS DAS DORES,4941,2443,2498
Sudeste,MG,Minas Gerais,52191,SÃO DOMINGOS DO PRATA,13958,7122,6824
Sudeste,MG,Minas Gerais,52213,SÃO FRANCISCO,40595,20583,20005
Sudeste,MG,Minas Gerais,52230,SÃO FRANCISCO DE PAULA,5861,2895,2962
Sudeste,MG,Minas Gerais,52256,SÃO FRANCISCO DE SALES,4703,2260,2442
Sudeste,MG,Minas Gerais,52272,SÃO FRANCISCO DO GLÓRIA,4265,2052,2198
Sudeste,MG,Minas Gerais,41564,SÃO FÉLIX DE MINAS,3546,1742,1800
Sudeste,MG,Minas Gerais,52299,SÃO GERALDO,6659,3386,3270
Sudeste,MG,Minas Gerais,52310,SÃO GERALDO DA PIEDADE,3928,1983,1943
Sudeste,MG,Minas Gerais,41580,SÃO GERALDO DO BAIXIO,3149,1571,1578
Sudeste,MG,Minas Gerais,52337,SÃO GONÇALO DO ABAETÉ,4866,2351,2513
Sudeste,MG,Minas Gerais,52353,SÃO GONÇALO DO PARÁ,8262,4169,4093
Sudeste,MG,Minas Gerais,52370,SÃO GONÇALO DO RIO ABAIXO,10561,5295,5258
Sudeste,MG,Minas Gerais,45098,SÃO GONÇALO DO RIO PRETO,2973,1512,1455
Sudeste,MG,Minas Gerais,52396,SÃO GONÇALO DO SAPUCAÍ,18871,9612,9234
Sudeste,MG,Minas Gerais,52418,SÃO GOTARDO,26244,13305,12920
Sudeste,MG,Minas Gerais,41629,SÃO JOAQUIM DE BICAS,19236,9744,9483
Sudeste,MG,Minas Gerais,41645,SÃO JOSÉ DA BARRA,6220,2981,3233
Sudeste,MG,Minas Gerais,40789,SÃO JOSÉ DA LAPA,18006,9271,8728
Sudeste,MG,Minas Gerais,52590,SÃO JOSÉ DA SAFIRA,3988,1939,2049
Sudeste,MG,Minas Gerais,52612,SÃO JOSÉ DA VARGINHA,3570,1728,1840
Sudeste,MG,Minas Gerais,52639,SÃO JOSÉ DO ALEGRE,3731,1864,1858
Sudeste,MG,Minas Gerais,52655,SÃO JOSÉ DO DIVINO,3310,1708,1596
Sudeste,MG,Minas Gerais,52671,SÃO JOSÉ DO GOIABAL,4715,2418,2285
Sudeste,MG,Minas Gerais,52698,SÃO JOSÉ DO JACURI,5111,2515,2590
Sudeste,MG,Minas Gerais,52710,SÃO JOSÉ DO MANTIMENTO,2810,1381,1427
Sudeste,MG,Minas Gerais,52434,SÃO JOÃO BATISTA DO GLÓRIA,6112,3045,3054
Sudeste,MG,Minas Gerais,40703,SÃO JOÃO DA LAGOA,4733,2262,2469
Sudeste,MG,Minas Gerais,52450,SÃO JOÃO DA MATA,3127,1488,1636
Sudeste,MG,Minas Gerais,52477,SÃO JOÃO DA PONTE,22613,10978,11586
Sudeste,MG,Minas Gerais,41602,SÃO JOÃO DAS MISSÕES,8887,4368,4517
Sudeste,MG,Minas Gerais,52493,SÃO JOÃO DEL REI,67429,35821,31608
Sudeste,MG,Minas Gerais,40720,SÃO JOÃO DO MANHUAÇU,8541,4266,4271
Sudeste,MG,Minas Gerais,40746,SÃO JOÃO DO MANTENINHA,5004,2532,2471
Sudeste,MG,Minas Gerais,52515,SÃO JOÃO DO ORIENTE,7085,3604,3480
Sudeste,MG,Minas Gerais,40762,SÃO JOÃO DO PACUÍ,3832,1846,1985
Sudeste,MG,Minas Gerais,52531,SÃO JOÃO DO PARAÍSO,17022,8687,8332
Sudeste,MG,Minas Gerais,52558,SÃO JOÃO EVANGELISTA,12567,6554,6011
Sudeste,MG,Minas Gerais,52574,SÃO JOÃO NEPOMUCENO,20446,10784,9649
Sudeste,MG,Minas Gerais,52736,SÃO LOURENÇO,33710,18196,15495
Sudeste,MG,Minas Gerais,52752,SÃO MIGUEL DO ANTA,6007,3002,3003
Sudeste,MG,Minas Gerais,52779,SÃO PEDRO DA UNIÃO,4281,2056,2225
Sudeste,MG,Minas Gerais,52817,SÃO PEDRO DO SUAÇUÍ,4583,2326,2252
Sudeste,MG,Minas Gerais,52795,SÃO PEDRO DOS FERROS,6739,3429,3305
Sudeste,MG,Minas Gerais,52833,SÃO ROMÃO,6901,3420,3476
Sudeste,MG,Minas Gerais,52850,SÃO ROQUE DE MINAS,5699,2770,2927
Sudeste,MG,Minas Gerais,52876,SÃO SEBASTIÃO DA BELA VISTA,5298,2472,2824
Sudeste,MG,Minas Gerais,42340,SÃO SEBASTIÃO DA VARGEM ALEGRE,2509,1212,1297
Sudeste,MG,Minas Gerais,42366,SÃO SEBASTIÃO DO ANTA,5402,2679,2722
Sudeste,MG,Minas Gerais,52892,SÃO SEBASTIÃO DO MARANHÃO,8836,4291,4543
Sudeste,MG,Minas Gerais,52914,SÃO SEBASTIÃO DO OESTE,6948,3240,3706
Sudeste,MG,Minas Gerais,52930,SÃO SEBASTIÃO DO PARAÍSO,50334,26300,24011
Sudeste,MG,Minas Gerais,52957,SÃO SEBASTIÃO DO RIO PRETO,1597,809,787
Sudeste,MG,Minas Gerais,52973,SÃO SEBASTIÃO DO RIO VERDE,1977,988,988
Sudeste,MG,Minas Gerais,53031,SÃO THOMÉ DAS LETRAS,4459,2132,2327
Sudeste,MG,Minas Gerais,52990,SÃO TIAGO,8867,4488,4373
Sudeste,MG,Minas Gerais,53015,SÃO TOMÁS DE AQUINO,5904,2937,2965
Sudeste,MG,Minas Gerais,53058,SÃO VICENTE DE MINAS,5756,2966,2789
Sudeste,MG,Minas Gerais,53570,TABULEIRO,4360,2125,2233
Sudeste,MG,Minas Gerais,53597,TAIOBEIRAS,25562,13408,12141
Sudeste,MG,Minas Gerais,42420,TAPARUBA,3257,1635,1622
Sudeste,MG,Minas Gerais,53619,TAPIRA,4232,1989,2243
Sudeste,MG,Minas Gerais,53635,TAPIRAÍ,1685,792,893
Sudeste,MG,Minas Gerais,53651,TAQUARAÇU DE MINAS,4353,2021,2331
Sudeste,MG,Minas Gerais,53678,TARUMIRIM,10575,5374,5198
Sudeste,MG,Minas Gerais,53694,TEIXEIRAS,10280,5308,4961
Sudeste,MG,Minas Gerais,53716,TEÓFILO OTONI,104153,56172,47904
Sudeste,MG,Minas Gerais,53732,TIMÓTEO,61309,32343,28918
Sudeste,MG,Minas Gerais,53759,TIRADENTES,6377,3270,3105
Sudeste,MG,Minas Gerais,53775,TIROS,6009,2952,3051
Sudeste,MG,Minas Gerais,53791,TOCANTINS,13283,6753,6525
Sudeste,MG,Minas Gerais,42587,TOCOS DO MOJI,3872,1784,2082
Sudeste,MG,Minas Gerais,53813,TOLEDO,5771,2757,3006
Sudeste,MG,Minas Gerais,53830,TOMBOS,7149,3641,3485
Sudeste,MG,Minas Gerais,53856,TRÊS CORAÇÕES,56068,28808,27181
Sudeste,MG,Minas Gerais,41157,TRÊS MARIAS,23372,11876,11485
Sudeste,MG,Minas Gerais,53872,TRÊS PONTAS,44070,22673,21367
Sudeste,MG,Minas Gerais,53899,TUMIRITINGA,5414,2711,2697
Sudeste,MG,Minas Gerais,53910,TUPACIGUARA,19821,10093,9715
Sudeste,MG,Minas Gerais,53937,TURMALINA,15100,7567,7523
Sudeste,MG,Minas Gerais,53953,TURVOLÂNDIA,4094,1989,2098
Sudeste,MG,Minas Gerais,40860,UBAPORANGA,10165,5143,5007
Sudeste,MG,Minas Gerais,53996,UBAÍ,9062,4464,4590
Sudeste,MG,Minas Gerais,54011,UBERABA,217575,118396,99179
Sudeste,MG,Minas Gerais,54038,UBERLÂNDIA,465767,250865,214901
Sudeste,MG,Minas Gerais,53970,UBÁ,70582,37204,33325
Sudeste,MG,Minas Gerais,54054,UMBURATIBA,2597,1239,1358
Sudeste,MG,Minas Gerais,54070,UNAÍ,61085,30965,30077
Sudeste,MG,Minas Gerais,42447,UNIÃO DE MINAS,2904,1359,1545
Sudeste,MG,Minas Gerais,42463,URUANA DE MINAS,3213,1609,1604
Sudeste,MG,Minas Gerais,40886,URUCUIA,7332,3555,3777
Sudeste,MG,Minas Gerais,54097,URUCÂNIA,8615,4377,4215
Sudeste,MG,Minas Gerais,40908,VARGEM ALEGRE,6444,3187,3243
Sudeste,MG,Minas Gerais,54119,VARGEM BONITA,2321,1078,1240
Sudeste,MG,Minas Gerais,42480,VARGEM GRANDE DO RIO PARDO,4036,1970,2065
Sudeste,MG,Minas Gerais,54135,VARGINHA,98704,51316,47315
Sudeste,MG,Minas Gerais,42501,VARJÃO DE MINAS,5629,2675,2946
Sudeste,MG,Minas Gerais,54178,VARZELÂNDIA,15772,7804,7953
Sudeste,MG,Minas Gerais,54194,VAZANTE,16389,8195,8185
Sudeste,MG,Minas Gerais,42528,VERDELÂNDIA,6754,3320,3424
Sudeste,MG,Minas Gerais,42544,VEREDINHA,4946,2420,2521
Sudeste,MG,Minas Gerais,42560,VERMELHO NOVO,4718,2255,2461
Sudeste,MG,Minas Gerais,54232,VERÍSSIMO,2768,1297,1471
Sudeste,MG,Minas Gerais,54259,VESPASIANO,81120,42841,38243
Sudeste,MG,Minas Gerais,54291,VIEIRAS,3429,1667,1762
Sudeste,MG,Minas Gerais,54330,VIRGEM DA LAPA,10160,5343,4798
Sudeste,MG,Minas Gerais,54372,VIRGINÓPOLIS,8809,4497,4311
Sudeste,MG,Minas Gerais,54399,VIRGOLÂNDIA,4276,2184,2086
Sudeste,MG,Minas Gerais,54356,VIRGÍNIA,7323,3622,3689
Sudeste,MG,Minas Gerais,54410,VISCONDE DO RIO BRANCO,30106,15707,14368
Sudeste,MG,Minas Gerais,54275,VIÇOSA,57142,30317,26737
Sudeste,MG,Minas Gerais,54437,VOLTA GRANDE,4585,2308,2274
Sudeste,MG,Minas Gerais,54151,VÁRZEA DA PALMA,26880,13559,13304
Sudeste,MG,Minas Gerais,54216,WENCESLAU BRAZ,2882,1378,1504
Sudeste,MG,Minas Gerais,40118,ÁGUA BOA,12109,5973,6112
Sudeste,MG,Minas Gerais,40134,ÁGUA COMPRIDA,2377,1118,1258
Sudeste,MG,Minas Gerais,40177,ÁGUAS FORMOSAS,15408,7840,7554
Sudeste,MG,Minas Gerais,40193,ÁGUAS VERMELHAS,10312,5178,5119
Centro-Oeste,MS,Mato Grosso do Sul,55018,ALCINÓPOLIS,3502,1661,1841
Centro-Oeste,MS,Mato Grosso do Sul,90115,AMAMBAI,25222,13300,11922
Centro-Oeste,MS,Mato Grosso do Sul,90131,ANASTÁCIO,18198,9275,8923
Centro-Oeste,MS,Mato Grosso do Sul,90158,ANAURILÂNDIA,6280,3061,3219
Centro-Oeste,MS,Mato Grosso do Sul,91693,ANGÉLICA,8276,4075,4201
Centro-Oeste,MS,Mato Grosso do Sul,90174,ANTÔNIO JOÃO,6787,3520,3267
Centro-Oeste,MS,Mato Grosso do Sul,90190,APARECIDA DO TABOADO,18314,9403,8911
Centro-Oeste,MS,Mato Grosso do Sul,90212,AQUIDAUANA,33863,17315,16548
Centro-Oeste,MS,Mato Grosso do Sul,91715,ARAL MOREIRA,6675,3399,3276
Centro-Oeste,MS,Mato Grosso do Sul,90298,BANDEIRANTES,5856,2818,3038
Centro-Oeste,MS,Mato Grosso do Sul,90379,BATAGUASSU,17767,8941,8826
Centro-Oeste,MS,Mato Grosso do Sul,90395,BATAYPORÃ,8544,4332,4212
Centro-Oeste,MS,Mato Grosso do Sul,90417,BELA VISTA,16287,8130,8157
Centro-Oeste,MS,Mato Grosso do Sul,98019,BODOQUENA,6618,3235,3383
Centro-Oeste,MS,Mato Grosso do Sul,90433,BONITO,16684,8518,8166
Centro-Oeste,MS,Mato Grosso do Sul,90450,BRASILÂNDIA,9714,4774,4940
Centro-Oeste,MS,Mato Grosso do Sul,90557,CAARAPÓ,20409,10433,9976
Centro-Oeste,MS,Mato Grosso do Sul,90492,CAMAPUÃ,11215,5466,5749
Centro-Oeste,MS,Mato Grosso do Sul,90514,CAMPO GRANDE,591374,320987,270387
Centro-Oeste,MS,Mato Grosso do Sul,90530,CARACOL,4527,2185,2342
Centro-Oeste,MS,Mato Grosso do Sul,90573,CASSILÂNDIA,16471,8428,8043
Centro-Oeste,MS,Mato Grosso do Sul,91782,CHAPADÃO DO SUL,17319,8513,8806
Centro-Oeste,MS,Mato Grosso do Sul,90611,CORGUINHO,3662,1734,1928
Centro-Oeste,MS,Mato Grosso do Sul,98590,CORONEL SAPUCAIA,10342,5633,4709
Centro-Oeste,MS,Mato Grosso do Sul,90638,CORUMBÁ,69302,35804,33498
Centro-Oeste,MS,Mato Grosso do Sul,98035,COSTA RICA,20380,9941,10439
Centro-Oeste,MS,Mato Grosso do Sul,90654,COXIM,25232,12767,12465
Centro-Oeste,MS,Mato Grosso do Sul,91758,DEODÁPOLIS,10216,5208,5008
Centro-Oeste,MS,Mato Grosso do Sul,91804,DOIS IRMÃOS DO BURITI,7982,3900,4082
Centro-Oeste,MS,Mato Grosso do Sul,98051,DOURADINA,4177,2109,2068
Centro-Oeste,MS,Mato Grosso do Sul,90735,DOURADOS,156373,83169,73204
Centro-Oeste,MS,Mato Grosso do Sul,91731,ELDORADO,8894,4691,4203
Centro-Oeste,MS,Mato Grosso do Sul,55069,FIGUEIRÃO,2342,1089,1253
Centro-Oeste,MS,Mato Grosso do Sul,90751,FÁTIMA DO SUL,16269,8580,7689
Centro-Oeste,MS,Mato Grosso do Sul,90794,GLÓRIA DE DOURADOS,7652,3963,3689
Centro-Oeste,MS,Mato Grosso do Sul,90816,GUIA LOPES DA LAGUNA,7521,3847,3674
Centro-Oeste,MS,Mato Grosso do Sul,90859,IGUATEMI,10536,5374,5162
Centro-Oeste,MS,Mato Grosso do Sul,90875,INOCÊNCIA,6505,3085,3420
Centro-Oeste,MS,Mato Grosso do Sul,90891,ITAPORÃ,13321,6734,6587
Centro-Oeste,MS,Mato Grosso do Sul,98078,ITAQUIRAÍ,13793,6764,7029
Centro-Oeste,MS,Mato Grosso do Sul,90930,IVINHEMA,19044,9627,9417
Centro-Oeste,MS,Mato Grosso do Sul,55034,JAPORÃ,5600,2848,2752
Centro-Oeste,MS,Mato Grosso do Sul,90972,JARAGUARI,4804,2271,2533
Centro-Oeste,MS,Mato Grosso do Sul,90999,JARDIM,18227,9429,8798
Centro-Oeste,MS,Mato Grosso do Sul,91014,JATEÍ,3827,1891,1936
Centro-Oeste,MS,Mato Grosso do Sul,91820,JUTI,5180,2596,2584
Centro-Oeste,MS,Mato Grosso do Sul,91030,LADÁRIO,13404,6777,6627
Centro-Oeste,MS,Mato Grosso do Sul,55026,LAGUNA CARAPÃ,4721,2350,2371
Centro-Oeste,MS,Mato Grosso do Sul,91073,MARACAJU,27441,13816,13625
Centro-Oeste,MS,Mato Grosso do Sul,91111,MIRANDA,19171,9585,9586
Centro-Oeste,MS,Mato Grosso do Sul,91790,MUNDO NOVO,13917,7518,6399
Centro-Oeste,MS,Mato Grosso do Sul,91138,NAVIRAÍ,36133,18757,17376
Centro-Oeste,MS,Mato Grosso do Sul,91154,NIOAQUE,10469,5025,5444
Centro-Oeste,MS,Mato Grosso do Sul,55000,NOVA ALVORADA DO SUL,15013,7392,7621
Centro-Oeste,MS,Mato Grosso do Sul,91235,NOVA ANDRADINA,33942,17522,16420
Centro-Oeste,MS,Mato Grosso do Sul,55042,NOVO HORIZONTE DO SUL,3897,1904,1993
Centro-Oeste,MS,Mato Grosso do Sul,91251,PARANAÍBA,30760,15913,14847
Centro-Oeste,MS,Mato Grosso do Sul,91847,PARANHOS,7963,4201,3762
Centro-Oeste,MS,Mato Grosso do Sul,55050,PARAÍSO DAS ÁGUAS,3734,1741,1993
Centro-Oeste,MS,Mato Grosso do Sul,91278,PEDRO GOMES,5988,2904,3084
Centro-Oeste,MS,Mato Grosso do Sul,91316,PONTA PORÃ,63352,33606,29746
Centro-Oeste,MS,Mato Grosso do Sul,91375,PORTO MURTINHO,8322,3985,4337
Centro-Oeste,MS,Mato Grosso do Sul,91413,RIBAS DO RIO PARDO,14335,7037,7298
Centro-Oeste,MS,Mato Grosso do Sul,91430,RIO BRILHANTE,25126,12604,12522
Centro-Oeste,MS,Mato Grosso do Sul,91456,RIO NEGRO,3925,1906,2019
Centro-Oeste,MS,Mato Grosso do Sul,91472,RIO VERDE DE MATO GROSSO,14170,7191,6979
Centro-Oeste,MS,Mato Grosso do Sul,91499,ROCHEDO,4039,1972,2067
Centro-Oeste,MS,Mato Grosso do Sul,91863,SANTA RITA DO PARDO,4658,2231,2427
Centro-Oeste,MS,Mato Grosso do Sul,98116,SELVÍRIA,6054,3010,3044
Centro-Oeste,MS,Mato Grosso do Sul,98132,SETE QUEDAS,7050,3704,3346
Centro-Oeste,MS,Mato Grosso do Sul,91570,SIDROLÂNDIA,30804,15551,15253
Centro-Oeste,MS,Mato Grosso do Sul,91880,SONORA,11071,5370,5701
Centro-Oeste,MS,Mato Grosso do Sul,98094,SÃO GABRIEL DO OESTE,19657,10068,9589
Centro-Oeste,MS,Mato Grosso do Sul,98159,TACURU,7096,3583,3513
Centro-Oeste,MS,Mato Grosso do Sul,98175,TAQUARUSSU,3198,1588,1610
Centro-Oeste,MS,Mato Grosso do Sul,91596,TERENOS,12638,6143,6495
Centro-Oeste,MS,Mato Grosso do Sul,91650,TRÊS LAGOAS,77800,40775,37024
Centro-Oeste,MS,Mato Grosso do Sul,91901,VICENTINA,5435,2717,2718
Centro-Oeste,MS,Mato Grosso do Sul,90034,ÁGUA CLARA,11616,5564,6052
Centro-Oeste,MT,Mato Grosso,90018,ACORIZAL,5986,2823,3163
Centro-Oeste,MT,Mato Grosso,89877,ALTA FLORESTA,38667,19307,19357
Centro-Oeste,MT,Mato Grosso,90050,ALTO ARAGUAIA,12160,6198,5961
Centro-Oeste,MT,Mato Grosso,90042,ALTO BOA VISTA,3605,1661,1944
Centro-Oeste,MT,Mato Grosso,90077,ALTO GARÇAS,7323,3552,3767
Centro-Oeste,MT,Mato Grosso,90093,ALTO PARAGUAI,6242,2904,3337
Centro-Oeste,MT,Mato Grosso,98612,ALTO TAQUARI,6890,3281,3608
Centro-Oeste,MT,Mato Grosso,90263,APIACÁS,5262,2345,2916
Centro-Oeste,MT,Mato Grosso,98639,ARAGUAIANA,2839,1379,1460
Centro-Oeste,MT,Mato Grosso,90239,ARAGUAINHA,948,440,508
Centro-Oeste,MT,Mato Grosso,89893,ARAPUTANGA,11916,6071,5842
Centro-Oeste,MT,Mato Grosso,90255,ARENÁPOLIS,7803,3912,3889
Centro-Oeste,MT,Mato Grosso,90271,ARIPUANÃ,12407,5852,6550
Centro-Oeste,MT,Mato Grosso,90336,BARRA DO BUGRES,23247,11208,12037
Centro-Oeste,MT,Mato Grosso,90352,BARRA DO GARÇAS,43161,22596,20552
Centro-Oeste,MT,Mato Grosso,90310,BARÃO DE MELGAÇO,5297,2483,2814
Centro-Oeste,MT,Mato Grosso,90905,BOM JESUS DO ARAGUAIA,4633,2148,2485
Centro-Oeste,MT,Mato Grosso,90468,BRASNORTE,11480,5382,6098
Centro-Oeste,MT,Mato Grosso,98655,CAMPINÁPOLIS,9496,4600,4895
Centro-Oeste,MT,Mato Grosso,90484,CAMPO NOVO DO PARECIS,22019,10668,11351
Centro-Oeste,MT,Mato Grosso,90506,CAMPO VERDE,28928,14531,14397
Centro-Oeste,MT,Mato Grosso,90743,CAMPOS DE JÚLIO,4291,2059,2232
Centro-Oeste,MT,Mato Grosso,90085,CANABRAVA DO NORTE,3791,1684,2107
Centro-Oeste,MT,Mato Grosso,91936,CANARANA,14744,7176,7567
Centro-Oeste,MT,Mato Grosso,90760,CARLINDA,7401,3578,3821
Centro-Oeste,MT,Mato Grosso,90549,CASTANHEIRA,5790,2794,2994
Centro-Oeste,MT,Mato Grosso,90590,CHAPADA DOS GUIMARÃES,15364,7638,7726
Centro-Oeste,MT,Mato Grosso,90522,CLÁUDIA,7755,3726,4029
Centro-Oeste,MT,Mato Grosso,98671,COCALINHO,4341,2013,2328
Centro-Oeste,MT,Mato Grosso,89788,COLNIZA,17207,8145,9062
Centro-Oeste,MT,Mato Grosso,89796,COLÍDER,23244,11717,11522
Centro-Oeste,MT,Mato Grosso,99015,COMODORO,13817,6707,7107
Centro-Oeste,MT,Mato Grosso,90280,CONFRESA,18703,8982,9721
Centro-Oeste,MT,Mato Grosso,91006,CONQUISTA D'OESTE,2851,1410,1441
Centro-Oeste,MT,Mato Grosso,90425,COTRIGUAÇU,8305,3858,4447
Centro-Oeste,MT,Mato Grosso,90670,CUIABÁ,440338,233826,206435
Centro-Oeste,MT,Mato Grosso,89800,CURVELÂNDIA,3923,1918,2004
Centro-Oeste,MT,Mato Grosso,90476,CÁCERES,61684,31897,29768
Centro-Oeste,MT,Mato Grosso,98337,DENISE,5559,2672,2887
Centro-Oeste,MT,Mato Grosso,90697,DIAMANTINO,15578,7631,7947
Centro-Oeste,MT,Mato Grosso,90719,DOM AQUINO,6454,3209,3241
Centro-Oeste,MT,Mato Grosso,90786,FELIZ NATAL,6100,2874,3226
Centro-Oeste,MT,Mato Grosso,99031,FIGUEIRÓPOLIS D'OESTE,3099,1511,1586
Centro-Oeste,MT,Mato Grosso,90824,GAÚCHA DO NORTE,4928,2338,2590
Centro-Oeste,MT,Mato Grosso,90778,GENERAL CARNEIRO,3919,1835,2084
Centro-Oeste,MT,Mato Grosso,90204,GLÓRIA D'OESTE,2603,1284,1317
Centro-Oeste,MT,Mato Grosso,99058,GUARANTÃ DO NORTE,21406,10414,10982
Centro-Oeste,MT,Mato Grosso,90832,GUIRATINGA,8416,4206,4206
Centro-Oeste,MT,Mato Grosso,99074,INDIAVAÍ,1865,946,919
Centro-Oeste,MT,Mato Grosso,91081,IPIRANGA DO NORTE,3997,1893,2104
Centro-Oeste,MT,Mato Grosso,91103,ITANHANGÁ,4421,1996,2424
Centro-Oeste,MT,Mato Grosso,98698,ITAÚBA,4138,1971,2167
Centro-Oeste,MT,Mato Grosso,90913,ITIQUIRA,8657,4121,4534
Centro-Oeste,MT,Mato Grosso,90956,JACIARA,19246,9907,9339
Centro-Oeste,MT,Mato Grosso,90565,JANGADA,6377,3004,3373
Centro-Oeste,MT,Mato Grosso,89915,JAURU,8059,4046,4010
Centro-Oeste,MT,Mato Grosso,98191,JUARA,23474,11560,11909
Centro-Oeste,MT,Mato Grosso,90581,JURUENA,6062,2893,3168
Centro-Oeste,MT,Mato Grosso,91898,JUSCIMEIRA,8903,4311,4591
Centro-Oeste,MT,Mato Grosso,98310,JUÍNA,31487,15565,15917
Centro-Oeste,MT,Mato Grosso,90301,LAMBARI D'OESTE,4664,2161,2494
Centro-Oeste,MT,Mato Grosso,90603,LUCAS DO RIO VERDE,42603,21369,21234
Centro-Oeste,MT,Mato Grosso,91057,LUCIARA,1946,910,1036
Centro-Oeste,MT,Mato Grosso,98710,MARCELÂNDIA,9054,4244,4809
Centro-Oeste,MT,Mato Grosso,90620,MATUPÁ,11482,5658,5823
Centro-Oeste,MT,Mato Grosso,91774,MIRASSOL D'OESTE,19548,10063,9482
Centro-Oeste,MT,Mato Grosso,91170,NOBRES,11003,5376,5627
Centro-Oeste,MT,Mato Grosso,91197,NORTELÂNDIA,4583,2282,2301
Centro-Oeste,MT,Mato Grosso,91219,NOSSA SENHORA DO LIVRAMENTO,11241,5207,6034
Centro-Oeste,MT,Mato Grosso,90387,NOVA BANDEIRANTES,9003,3985,5013
Centro-Oeste,MT,Mato Grosso,89818,NOVA BRASILÂNDIA,3299,1562,1737
Centro-Oeste,MT,Mato Grosso,98752,NOVA CANAÃ DO NORTE,10183,4768,5408
Centro-Oeste,MT,Mato Grosso,90140,NOVA GUARITA,3800,1813,1987
Centro-Oeste,MT,Mato Grosso,90867,NOVA LACERDA,4478,2108,2370
Centro-Oeste,MT,Mato Grosso,90166,NOVA MARILÂNDIA,2634,1245,1389
Centro-Oeste,MT,Mato Grosso,90123,NOVA MARINGÁ,4083,1887,2196
Centro-Oeste,MT,Mato Grosso,90360,NOVA MONTE VERDE,5714,2664,3049
Centro-Oeste,MT,Mato Grosso,90646,NOVA MUTUM,26941,13434,13507
Centro-Oeste,MT,Mato Grosso,90964,NOVA NAZARÉ,2392,1129,1263
Centro-Oeste,MT,Mato Grosso,98736,NOVA OLÍMPIA,11686,5569,6117
Centro-Oeste,MT,Mato Grosso,89826,NOVA SANTA HELENA,2582,1267,1315
Centro-Oeste,MT,Mato Grosso,90883,NOVA UBIRATÃ,6370,2862,3507
Centro-Oeste,MT,Mato Grosso,91952,NOVA XAVANTINA,15078,7527,7543
Centro-Oeste,MT,Mato Grosso,98795,NOVO HORIZONTE DO NORTE,3146,1457,1688
Centro-Oeste,MT,Mato Grosso,90808,NOVO MUNDO,5064,2240,2824
Centro-Oeste,MT,Mato Grosso,90948,NOVO SANTO ANTÔNIO,1701,746,955
Centro-Oeste,MT,Mato Grosso,98779,NOVO SÃO JOAQUIM,5066,2398,2664
Centro-Oeste,MT,Mato Grosso,89834,PARANATINGA,14827,7003,7821
Centro-Oeste,MT,Mato Grosso,98833,PARANAÍTA,8708,4107,4600
Centro-Oeste,MT,Mato Grosso,91812,PEDRA PRETA,12733,6215,6508
Centro-Oeste,MT,Mato Grosso,98817,PEIXOTO DE AZEVEDO,19699,9558,10134
Centro-Oeste,MT,Mato Grosso,90344,PLANALTO DA SERRA,2495,1180,1315
Centro-Oeste,MT,Mato Grosso,91294,POCONÉ,22902,11453,11449
Centro-Oeste,MT,Mato Grosso,90700,PONTAL DO ARAGUAIA,5002,2512,2490
Centro-Oeste,MT,Mato Grosso,91332,PONTE BRANCA,1776,814,962
Centro-Oeste,MT,Mato Grosso,89990,PONTES E LACERDA,29437,15117,14320
Centro-Oeste,MT,Mato Grosso,98850,PORTO ALEGRE DO NORTE,7403,3471,3932
Centro-Oeste,MT,Mato Grosso,91359,PORTO DOS GAÚCHOS,4077,1964,2112
Centro-Oeste,MT,Mato Grosso,98876,PORTO ESPERIDIÃO,7799,3736,4063
Centro-Oeste,MT,Mato Grosso,90182,PORTO ESTRELA,3212,1495,1717
Centro-Oeste,MT,Mato Grosso,91391,POXORÉU,13227,6188,7028
Centro-Oeste,MT,Mato Grosso,98892,PRIMAVERA DO LESTE,43809,22541,21268
Centro-Oeste,MT,Mato Grosso,90069,QUERÊNCIA,12073,5681,6392
Centro-Oeste,MT,Mato Grosso,98914,RESERVA DO CABAÇAL,2000,985,1009
Centro-Oeste,MT,Mato Grosso,90662,RIBEIRÃO CASCALHEIRA,6658,3192,3465
Centro-Oeste,MT,Mato Grosso,90441,RIBEIRÃOZINHO,1936,949,987
Centro-Oeste,MT,Mato Grosso,89958,RIO BRANCO,4031,2037,1993
Centro-Oeste,MT,Mato Grosso,89960,RONDOLÂNDIA,2465,1143,1321
Centro-Oeste,MT,Mato Grosso,91510,RONDONÓPOLIS,150813,78633,72180
Centro-Oeste,MT,Mato Grosso,91537,ROSÁRIO OESTE,12546,6030,6516
Centro-Oeste,MT,Mato Grosso,89974,SALTO DO CÉU,2973,1482,1491
Centro-Oeste,MT,Mato Grosso,90107,SANTA CARMEM,3398,1605,1793
Centro-Oeste,MT,Mato Grosso,90980,SANTA CRUZ DO XINGU,1571,676,895
Centro-Oeste,MT,Mato Grosso,91049,SANTA RITA DO TRIVELATO,2036,933,1102
Centro-Oeste,MT,Mato Grosso,91979,SANTA TEREZINHA,4894,2273,2621
Centro-Oeste,MT,Mato Grosso,90328,SANTO AFONSO,2404,1110,1294
Centro-Oeste,MT,Mato Grosso,89843,SANTO ANTÔNIO DO LESTE,2423,1155,1266
Centro-Oeste,MT,Mato Grosso,91553,SANTO ANTÔNIO DO LEVERGER,15258,7352,7906
Centro-Oeste,MT,Mato Grosso,90727,SAPEZAL,14773,7008,7765
Centro-Oeste,MT,Mato Grosso,90921,SERRA NOVA DOURADA,1379,608,771
Centro-Oeste,MT,Mato Grosso,89850,SINOP,86946,45579,41367
Centro-Oeste,MT,Mato Grosso,98930,SORRISO,55226,27948,27270
Centro-Oeste,MT,Mato Grosso,91839,SÃO FÉLIX DO ARAGUAIA,7063,3317,3746
Centro-Oeste,MT,Mato Grosso,90026,SÃO JOSÉ DO POVO,2921,1341,1576
Centro-Oeste,MT,Mato Grosso,91995,SÃO JOSÉ DO RIO CLARO,11239,5364,5874
Centro-Oeste,MT,Mato Grosso,90247,SÃO JOSÉ DO XINGU,4343,1969,2373
Centro-Oeste,MT,Mato Grosso,89931,SÃO JOSÉ DOS QUATRO MARCOS,14335,7306,7024
Centro-Oeste,MT,Mato Grosso,90409,SÃO PEDRO DA CIPA,3414,1670,1744
Centro-Oeste,MT,Mato Grosso,90220,TABAPORÃ,6864,3174,3690
Centro-Oeste,MT,Mato Grosso,91855,TANGARÁ DA SERRA,65681,33722,31958
Centro-Oeste,MT,Mato Grosso,90689,TAPURAH,7926,3730,4196
Centro-Oeste,MT,Mato Grosso,98957,TERRA NOVA DO NORTE,8679,4179,4499
Centro-Oeste,MT,Mato Grosso,91618,TESOURO,2540,1145,1395
Centro-Oeste,MT,Mato Grosso,91634,TORIXORÉU,3087,1506,1581
Centro-Oeste,MT,Mato Grosso,90840,UNIÃO DO SUL,2541,1141,1400
Centro-Oeste,MT,Mato Grosso,91022,VALE DE SÃO DOMINGOS,2592,1219,1373
Centro-Oeste,MT,Mato Grosso,98973,VERA,6292,2982,3309
Centro-Oeste,MT,Mato Grosso,91090,VILA BELA DA SANTÍSSIMA TRINDADE,9996,4777,5217
Centro-Oeste,MT,Mato Grosso,98990,VILA RICA,13220,6169,7050
Centro-Oeste,MT,Mato Grosso,91677,VÁRZEA GRANDE,189781,100232,89535
Centro-Oeste,MT,Mato Grosso,91910,ÁGUA BOA,16908,8313,8592
Norte,PA,Pará,4014,ABAETETUBA,107335,54550,52761
Norte,PA,Pará,4502,ABEL FIGUEIREDO,5005,2421,2584
Norte,PA,Pará,4030,ACARÁ,38347,19288,19059
Norte,PA,Pará,4057,AFUÁ,24079,11575,12504
Norte,PA,Pará,4073,ALENQUER,35785,17791,17994
Norte,PA,Pará,4090,ALMEIRIM,22090,10621,11467
Norte,PA,Pará,4111,ALTAMIRA,79834,39694,40139
Norte,PA,Pará,4138,ANAJÁS,19034,8917,10107
Norte,PA,Pará,4154,ANANINDEUA,322428,174512,147916
Norte,PA,Pará,4723,ANAPU,17144,7829,9314
Norte,PA,Pará,4170,AUGUSTO CORRÊA,31370,15806,15564
Norte,PA,Pará,4340,AURORA DO PARÁ,17790,8477,9304
Norte,PA,Pará,4197,AVEIRO,10423,4773,5650
Norte,PA,Pará,4219,BAGRE,13642,6504,7138
Norte,PA,Pará,4235,BAIÃO,23547,11444,12093
Norte,PA,Pará,4588,BANNACH,2393,1107,1286
Norte,PA,Pará,4251,BARCARENA,84369,42153,42215
Norte,PA,Pará,4804,BELTERRA,13757,6781,6976
Norte,PA,Pará,4278,BELÉM,990866,536938,453928
Norte,PA,Pará,4294,BENEVIDES,40098,20404,19688
Norte,PA,Pará,4049,BOM JESUS DO TOCANTINS,9491,4625,4866
Norte,PA,Pará,4316,BONITO,10941,5343,5598
Norte,PA,Pará,4332,BRAGANÇA,80857,41468,39389
Norte,PA,Pará,4227,BRASIL NOVO,13794,6722,7072
Norte,PA,Pará,5932,BREJO GRANDE DO ARAGUAIA,5308,2588,2720
Norte,PA,Pará,4448,BREU BRANCO,32489,16028,16461
Norte,PA,Pará,4359,BREVES,62720,31594,31112
Norte,PA,Pará,4375,BUJARU,19445,9498,9937
Norte,PA,Pará,4391,CACHOEIRA DO ARARI,17250,8414,8832
Norte,PA,Pará,4766,CACHOEIRA DO PIRIÁ,13331,5987,7342
Norte,PA,Pará,4413,CAMETÁ,89067,43940,45112
Norte,PA,Pará,4707,CANAÃ DOS CARAJÁS,39855,18886,20969
Norte,PA,Pará,4430,CAPANEMA,50068,25788,24280
Norte,PA,Pará,4456,CAPITÃO POÇO,38234,19306,18928
Norte,PA,Pará,4472,CASTANHAL,128121,67744,60377
Norte,PA,Pará,4499,CHAVES,12360,5871,6489
Norte,PA,Pará,4510,COLARES,10062,5004,5053
Norte,PA,Pará,4537,CONCEIÇÃO DO ARAGUAIA,31508,15769,15739
Norte,PA,Pará,5819,CONCÓRDIA DO PARÁ,21291,10392,10890
Norte,PA,Pará,4529,CUMARU DO NORTE,4899,2324,2575
Norte,PA,Pará,5851,CURIONÓPOLIS,16180,7463,8716
Norte,PA,Pará,4553,CURRALINHO,20334,9784,10546
Norte,PA,Pará,4740,CURUÁ,8765,4138,4627
Norte,PA,Pará,4570,CURUÇÁ,30324,15143,15181
Norte,PA,Pará,5975,DOM ELISEU,30549,15299,15240
Norte,PA,Pará,4120,ELDORADO DOS CARAJÁS,19174,9088,10086
Norte,PA,Pará,4596,FARO,5857,2773,3084
Norte,PA,Pará,4561,FLORESTA DO ARAGUAIA,12795,5989,6806
Norte,PA,Pará,5878,GARRAFÃO DO NORTE,21107,9975,11128
Norte,PA,Pará,4006,GOIANÉSIA DO PARÁ,22305,10546,11755
Norte,PA,Pará,4618,GURUPÁ,18033,8667,9363
Norte,PA,Pará,4634,IGARAPÉ-AÇU,29482,14940,14533
Norte,PA,Pará,4650,IGARAPÉ-MIRI,46539,23099,23435
Norte,PA,Pará,4677,INHANGAPI,8198,4108,4090
Norte,PA,Pará,4189,IPIXUNA DO PARÁ,19296,9250,10040
Norte,PA,Pará,4693,IRITUIA,24850,12093,12740
Norte,PA,Pará,4715,ITAITUBA,77134,37688,39415
Norte,PA,Pará,4731,ITUPIRANGA,32458,15548,16903
Norte,PA,Pará,4200,JACAREACANGA,10276,4718,5556
Norte,PA,Pará,4758,JACUNDÁ,34284,17010,17272
Norte,PA,Pará,4774,JURUTI,31773,15026,16741
Norte,PA,Pará,4790,LIMOEIRO DO AJURU,19536,9266,10266
Norte,PA,Pará,4812,MAGALHÃES BARATA,7833,3726,4103
Norte,PA,Pará,4839,MARABÁ,162409,81567,80758
Norte,PA,Pará,4855,MARACANÃ,22422,10913,11509
Norte,PA,Pará,4871,MARAPANIM,20641,10210,10431
Norte,PA,Pará,4642,MARITUBA,73289,38841,34448
Norte,PA,Pará,5770,MEDICILÂNDIA,17622,8248,9371
Norte,PA,Pará,4898,MELGAÇO,15903,7267,8634
Norte,PA,Pará,4910,MOCAJUBA,23775,11823,11945
Norte,PA,Pará,4936,MOJU,50504,24430,26056
Norte,PA,Pará,4863,MOJUÍ DOS CAMPOS,18259,8815,9444
Norte,PA,Pará,4952,MONTE ALEGRE,45557,22504,23034
Norte,PA,Pará,4979,MUANÁ,24199,11789,12410
Norte,PA,Pará,4103,MÃE DO RIO,24804,12583,12201
Norte,PA,Pará,4480,NOVA ESPERANÇA DO PIRIÁ,14402,6816,7580
Norte,PA,Pará,4600,NOVA IPIXUNA,9059,4417,4642
Norte,PA,Pará,4995,NOVA TIMBOTEUA,9957,5007,4950
Norte,PA,Pará,4383,NOVO PROGRESSO,19910,9240,10670
Norte,PA,Pará,4421,NOVO REPARTIMENTO,40473,19368,21104
Norte,PA,Pará,5037,OEIRAS DO PARÁ,21001,10205,10796
Norte,PA,Pará,5053,ORIXIMINÁ,43627,21527,22091
Norte,PA,Pará,5959,OURILÂNDIA DO NORTE,22423,10833,11588
Norte,PA,Pará,5070,OURÉM,15185,7532,7648
Norte,PA,Pará,5916,PACAJÁ,26774,12437,14337
Norte,PA,Pará,4162,PALESTINA DO PARÁ,4938,2404,2534
Norte,PA,Pará,5096,PARAGOMINAS,70774,35667,35107
Norte,PA,Pará,5835,PARAUAPEBAS,156301,76869,79432
Norte,PA,Pará,4308,PAU D'ARCO,7055,3141,3912
Norte,PA,Pará,5118,PEIXE-BOI,8184,4009,4175
Norte,PA,Pará,4782,PIÇARRA,9165,4253,4912
Norte,PA,Pará,4626,PLACAS,11571,5273,6298
Norte,PA,Pará,5134,PONTA DE PEDRAS,19684,9723,9961
Norte,PA,Pará,5150,PORTEL,33569,16659,16910
Norte,PA,Pará,5177,PORTO DE MOZ,19363,9152,10211
Norte,PA,Pará,5193,PRAINHA,22510,10572,11930
Norte,PA,Pará,5215,PRIMAVERA,9982,4951,5031
Norte,PA,Pará,4685,QUATIPURU,9414,4671,4743
Norte,PA,Pará,5673,REDENÇÃO,58850,29751,29098
Norte,PA,Pará,5690,RIO MARIA,13899,6721,7177
Norte,PA,Pará,5738,RONDON DO PARÁ,29617,14325,15268
Norte,PA,Pará,5894,RURÓPOLIS,17655,8352,9303
Norte,PA,Pará,5231,SALINÓPOLIS,29542,14648,14894
Norte,PA,Pará,5258,SALVATERRA,17495,8905,8579
Norte,PA,Pará,4243,SANTA BÁRBARA DO PARÁ,16064,8088,7976
Norte,PA,Pará,5274,SANTA CRUZ DO ARARI,6431,3304,3121
Norte,PA,Pará,5290,SANTA ISABEL DO PARÁ,44061,22292,21763
Norte,PA,Pará,4146,SANTA LUZIA DO PARÁ,16162,7864,8293
Norte,PA,Pará,5991,SANTA MARIA DAS BARREIRAS,11265,5220,6045
Norte,PA,Pará,5312,SANTA MARIA DO PARÁ,18667,9640,9027
Norte,PA,Pará,5339,SANTANA DO ARAGUAIA,22172,10440,11730
Norte,PA,Pará,5355,SANTARÉM,218296,112998,105298
Norte,PA,Pará,5371,SANTARÉM NOVO,5853,2813,3040
Norte,PA,Pará,5398,SANTO ANTÔNIO DO TAUÁ,22610,11428,11171
Norte,PA,Pará,4847,SAPUCAIA,3917,1884,2033
Norte,PA,Pará,5550,SENADOR JOSÉ PORFÍRIO,9762,4598,5164
Norte,PA,Pará,5576,SOURE,19980,10305,9662
Norte,PA,Pará,5410,SÃO CAETANO DE ODIVELAS,14665,7058,7601
Norte,PA,Pará,4464,SÃO DOMINGOS DO ARAGUAIA,15788,7742,8041
Norte,PA,Pará,5436,SÃO DOMINGOS DO CAPIM,20233,9997,10236
Norte,PA,Pará,5479,SÃO FRANCISCO DO PARÁ,13732,6821,6911
Norte,PA,Pará,5452,SÃO FÉLIX DO XINGU,36370,16592,19778
Norte,PA,Pará,5797,SÃO GERALDO DO ARAGUAIA,20547,9920,10627
Norte,PA,Pará,4820,SÃO JOÃO DA PONTA,5203,2562,2641
Norte,PA,Pará,4065,SÃO JOÃO DE PIRABAS,16297,8237,8060
Norte,PA,Pará,5495,SÃO JOÃO DO ARAGUAIA,11056,5232,5824
Norte,PA,Pará,5517,SÃO MIGUEL DO GUAMÁ,37683,19095,18549
Norte,PA,Pará,5533,SÃO SEBASTIÃO DA BOA VISTA,19672,9544,10125
Norte,PA,Pará,4022,TAILÂNDIA,47134,22744,24382
Norte,PA,Pará,4545,TERRA ALTA,10159,5017,5142
Norte,PA,Pará,4367,TERRA SANTA,13206,6381,6825
Norte,PA,Pará,5592,TOMÉ-AÇU,47000,23040,23956
Norte,PA,Pará,4669,TRACUATEUA,22802,11381,11421
Norte,PA,Pará,4286,TRAIRÃO,10383,4785,5596
Norte,PA,Pará,4081,TUCUMÃ,26774,12964,13810
Norte,PA,Pará,5614,TUCURUÍ,75205,37276,37925
Norte,PA,Pará,4324,ULIANÓPOLIS,17066,8026,9039
Norte,PA,Pará,5754,URUARÁ,28564,13523,15036
Norte,PA,Pará,5630,VIGIA,36798,18599,18188
Norte,PA,Pará,5657,VISEU,40765,19582,21144
Norte,PA,Pará,4405,VITÓRIA DO XINGU,11828,5715,6113
Norte,PA,Pará,5711,XINGUARA,33711,16664,17047
Norte,PA,Pará,4260,ÁGUA AZUL DO NORTE,7467,3573,3894
Norte,PA,Pará,5010,ÓBIDOS,34663,16810,17828
Nordeste,PB,Paraíba,19038,AGUIAR,4479,2298,2181
Nordeste,PB,Paraíba,19054,ALAGOA GRANDE,20641,10836,9805
Nordeste,PB,Paraíba,19070,ALAGOA NOVA,14833,7818,7015
Nordeste,PB,Paraíba,19097,ALAGOINHA,10676,5548,5128
Nordeste,PB,Paraíba,19763,ALCANTIL,4236,2175,2061
Nordeste,PB,Paraíba,19925,ALGODÃO DE JANDAÍRA,2798,1368,1430
Nordeste,PB,Paraíba,19119,ALHANDRA,16889,8790,8099
Nordeste,PB,Paraíba,19585,AMPARO,2274,1103,1171
Nordeste,PB,Paraíba,19844,APARECIDA,6469,3287,3182
Nordeste,PB,Paraíba,19178,ARARA,8362,4502,3860
Nordeste,PB,Paraíba,19194,ARARUNA,12191,6355,5836
Nordeste,PB,Paraíba,19151,ARAÇAGI,13094,6743,6351
Nordeste,PB,Paraíba,19216,AREIA,17753,9278,8475
Nordeste,PB,Paraíba,19909,AREIA DE BARAÚNAS,1886,954,932
Nordeste,PB,Paraíba,19232,AREIAL,5534,2945,2589
Nordeste,PB,Paraíba,19259,AROEIRAS,14473,7578,6895
Nordeste,PB,Paraíba,19321,ASSUNÇÃO,3610,1830,1780
Nordeste,PB,Paraíba,19313,BANANEIRAS,16761,8716,8045
Nordeste,PB,Paraíba,19305,BARAÚNA,3976,2028,1948
Nordeste,PB,Paraíba,19330,BARRA DE SANTA ROSA,9997,5025,4972
Nordeste,PB,Paraíba,19780,BARRA DE SANTANA,7036,3492,3544
Nordeste,PB,Paraíba,19356,BARRA DE SÃO MIGUEL,4832,2374,2458
Nordeste,PB,Paraíba,19372,BAYEUX,69692,37277,32415
Nordeste,PB,Paraíba,19291,BAÍA DA TRAIÇÃO,6194,3194,3000
Nordeste,PB,Paraíba,19399,BELÉM,12712,6744,5968
Nordeste,PB,Paraíba,19410,BELÉM DO BREJO DO CRUZ,5484,2834,2650
Nordeste,PB,Paraíba,19500,BERNARDINO BATISTA,2518,1293,1225
Nordeste,PB,Paraíba,19437,BOA VENTURA,5006,2533,2473
Nordeste,PB,Paraíba,19941,BOA VISTA,5615,2831,2784
Nordeste,PB,Paraíba,19453,BOM JESUS,2793,1381,1412
Nordeste,PB,Paraíba,19470,BOM SUCESSO,4106,2131,1975
Nordeste,PB,Paraíba,19496,BONITO DE SANTA FÉ,7112,3702,3410
Nordeste,PB,Paraíba,19518,BOQUEIRÃO,13737,7034,6703
Nordeste,PB,Paraíba,19550,BORBOREMA,4227,2146,2081
Nordeste,PB,Paraíba,19577,BREJO DO CRUZ,9400,5027,4373
Nordeste,PB,Paraíba,19593,BREJO DOS SANTOS,5402,2772,2630
Nordeste,PB,Paraíba,19615,CAAPORÃ,15160,7897,7263
Nordeste,PB,Paraíba,19631,CABACEIRAS,4469,2300,2169
Nordeste,PB,Paraíba,19658,CABEDELO,46699,24979,21720
Nordeste,PB,Paraíba,19674,CACHOEIRA DOS ÍNDIOS,7295,3712,3583
Nordeste,PB,Paraíba,19690,CACIMBA DE AREIA,3426,1707,1719
Nordeste,PB,Paraíba,19712,CACIMBA DE DENTRO,12412,6368,6044
Nordeste,PB,Paraíba,19364,CACIMBAS,5516,2851,2665
Nordeste,PB,Paraíba,19739,CAIÇARA,6107,3113,2994
Nordeste,PB,Paraíba,19755,CAJAZEIRAS,43650,23405,20245
Nordeste,PB,Paraíba,19380,CAJAZEIRINHAS,3429,1705,1724
Nordeste,PB,Paraíba,19771,CALDAS BRANDÃO,4877,2519,2358
Nordeste,PB,Paraíba,19798,CAMALAÚ,5320,2674,2646
Nordeste,PB,Paraíba,19810,CAMPINA GRANDE,285487,155665,129822
Nordeste,PB,Paraíba,19062,CAPIM,5598,2754,2844
Nordeste,PB,Paraíba,19240,CARAÚBAS,3927,1971,1956
Nordeste,PB,Paraíba,19836,CARRAPATEIRA,2017,961,1056
Nordeste,PB,Paraíba,19607,CASSERENGUE,5384,2719,2665
Nordeste,PB,Paraíba,19852,CATINGUEIRA,4527,2317,2210
Nordeste,PB,Paraíba,19879,CATOLÉ DO ROCHA,19951,10704,9247
Nordeste,PB,Paraíba,19801,CATURITÉ,4438,2260,2178
Nordeste,PB,Paraíba,19895,CONCEIÇÃO,13180,6784,6396
Nordeste,PB,Paraíba,19917,CONDADO,5140,2709,2431
Nordeste,PB,Paraíba,19933,CONDE,18326,9575,8751
Nordeste,PB,Paraíba,19950,CONGO,4671,2378,2293
Nordeste,PB,Paraíba,19976,COREMAS,11342,5923,5419
Nordeste,PB,Paraíba,19704,COXIXOLA,1756,879,877
Nordeste,PB,Paraíba,19992,CRUZ DO ESPÍRITO SANTO,14338,7284,7054
Nordeste,PB,Paraíba,20010,CUBATI,6069,3159,2910
Nordeste,PB,Paraíba,20052,CUITEGI,5493,2817,2676
Nordeste,PB,Paraíba,20036,CUITÉ,15606,8157,7449
Nordeste,PB,Paraíba,19089,CUITÉ DE MAMANGUAPE,6601,3231,3370
Nordeste,PB,Paraíba,19100,CURRAL DE CIMA,4896,2421,2475
Nordeste,PB,Paraíba,20079,CURRAL VELHO,2244,1074,1170
Nordeste,PB,Paraíba,19275,DAMIÃO,4082,2028,2054
Nordeste,PB,Paraíba,20095,DESTERRO,6594,3425,3169
Nordeste,PB,Paraíba,20133,DIAMANTE,5321,2686,2635
Nordeste,PB,Paraíba,20150,DONA INÊS,8317,4142,4175
Nordeste,PB,Paraíba,20176,DUAS ESTRADAS,3229,1692,1537
Nordeste,PB,Paraíba,20192,EMAS,3035,1538,1497
Nordeste,PB,Paraíba,20214,ESPERANÇA,23698,12441,11257
Nordeste,PB,Paraíba,20230,FAGUNDES,9039,4631,4408
Nordeste,PB,Paraíba,20257,FREI MARTINHO,2591,1300,1291
Nordeste,PB,Paraíba,19623,GADO BRAVO,6731,3422,3309
Nordeste,PB,Paraíba,20273,GUARABIRA,40210,21718,18492
Nordeste,PB,Paraíba,20290,GURINHÉM,10750,5531,5219
Nordeste,PB,Paraíba,20311,GURJÃO,2961,1506,1455
Nordeste,PB,Paraíba,20338,IBIARA,5002,2504,2498
Nordeste,PB,Paraíba,19534,IGARACY,5359,2748,2611
Nordeste,PB,Paraíba,20354,IMACULADA,8192,4151,4041
Nordeste,PB,Paraíba,20370,INGÁ,13316,6948,6368
Nordeste,PB,Paraíba,20397,ITABAIANA,18074,9604,8470
Nordeste,PB,Paraíba,20419,ITAPORANGA,16386,8532,7854
Nordeste,PB,Paraíba,20435,ITAPOROROCA,12202,6261,5941
Nordeste,PB,Paraíba,20451,ITATUBA,7786,4035,3751
Nordeste,PB,Paraíba,20478,JACARAÚ,12872,6611,6261
Nordeste,PB,Paraíba,20494,JERICÓ,6098,3195,2903
Nordeste,PB,Paraíba,19666,JOCA CLAUDINO,2509,1286,1223
Nordeste,PB,Paraíba,20516,JOÃO PESSOA,517607,286730,230877
Nordeste,PB,Paraíba,20532,JUAREZ TÁVORA,6487,3329,3158
Nordeste,PB,Paraíba,20559,JUAZEIRINHO,12533,6469,6064
Nordeste,PB,Paraíba,20575,JUNCO DO SERIDÓ,5120,2601,2519
Nordeste,PB,Paraíba,20591,JURIPIRANGA,8855,4590,4265
Nordeste,PB,Paraíba,20613,JURU,7039,3617,3422
Nordeste,PB,Paraíba,20630,LAGOA,4431,2241,2190
Nordeste,PB,Paraíba,20656,LAGOA DE DENTRO,6241,3222,3019
Nordeste,PB,Paraíba,20672,LAGOA SECA,19214,10021,9193
Nordeste,PB,Paraíba,20699,LASTRO,3605,1785,1820
Nordeste,PB,Paraíba,20710,LIVRAMENTO,5567,2884,2683
Nordeste,PB,Paraíba,19160,LOGRADOURO,3381,1727,1654
Nordeste,PB,Paraíba,20737,LUCENA,11135,5654,5481
Nordeste,PB,Paraíba,20770,MALTA,4592,2382,2210
Nordeste,PB,Paraíba,20796,MAMANGUAPE,30876,16094,14782
Nordeste,PB,Paraíba,20818,MANAÍRA,7686,3889,3797
Nordeste,PB,Paraíba,19968,MARCAÇÃO,6012,3095,2917
Nordeste,PB,Paraíba,20834,MARI,15235,7977,7258
Nordeste,PB,Paraíba,19461,MARIZÓPOLIS,5373,2744,2629
Nordeste,PB,Paraíba,20850,MASSARANDUBA,10784,5638,5146
Nordeste,PB,Paraíba,20877,MATARACA,7332,3633,3699
Nordeste,PB,Paraíba,19143,MATINHAS,4087,2078,2009
Nordeste,PB,Paraíba,19488,MATO GROSSO,2576,1351,1225
Nordeste,PB,Paraíba,19984,MATURÉIA,5100,2593,2507
Nordeste,PB,Paraíba,20893,MOGEIRO,10042,5175,4867
Nordeste,PB,Paraíba,20915,MONTADAS,4294,2155,2139
Nordeste,PB,Paraíba,20931,MONTE HOREBE,3637,1855,1782
Nordeste,PB,Paraíba,20958,MONTEIRO,23932,12508,11424
Nordeste,PB,Paraíba,20974,MULUNGU,8152,4186,3966
Nordeste,PB,Paraíba,20753,MÃE D'ÁGUA,3706,1900,1806
Nordeste,PB,Paraíba,20990,NATUBA,5699,3099,2600
Nordeste,PB,Paraíba,21016,NAZAREZINHO,6065,2981,3084
Nordeste,PB,Paraíba,21032,NOVA FLORESTA,7471,3997,3474
Nordeste,PB,Paraíba,21059,NOVA OLINDA,4981,2548,2433
Nordeste,PB,Paraíba,21075,NOVA PALMEIRA,3107,1552,1555
Nordeste,PB,Paraíba,21091,OLHO D'ÁGUA,6657,3415,3242
Nordeste,PB,Paraíba,21113,OLIVEDOS,3555,1741,1814
Nordeste,PB,Paraíba,21130,OURO VELHO,2600,1352,1248
Nordeste,PB,Paraíba,19720,PARARI,2114,1062,1052
Nordeste,PB,Paraíba,21156,PASSAGEM,2305,1165,1140
Nordeste,PB,Paraíba,21172,PATOS,63697,35180,28517
Nordeste,PB,Paraíba,21199,PAULISTA,9520,4887,4633
Nordeste,PB,Paraíba,21210,PEDRA BRANCA,3752,1920,1832
Nordeste,PB,Paraíba,21237,PEDRA LAVRADA,5558,2795,2763
Nordeste,PB,Paraíba,21253,PEDRAS DE FOGO,21941,11331,10610
Nordeste,PB,Paraíba,19747,PEDRO RÉGIS,4644,2281,2363
Nordeste,PB,Paraíba,21270,PIANCÓ,12272,6611,5661
Nordeste,PB,Paraíba,21296,PICUÍ,13831,7207,6624
Nordeste,PB,Paraíba,21318,PILAR,9189,4738,4451
Nordeste,PB,Paraíba,21334,PILÕES,6562,3358,3204
Nordeste,PB,Paraíba,21350,PILÕEZINHOS,4862,2462,2400
Nordeste,PB,Paraíba,21377,PIRPIRITUBA,7177,3734,3443
Nordeste,PB,Paraíba,21393,PITIMBU,10490,5385,5105
Nordeste,PB,Paraíba,21415,POCINHOS,12991,6742,6249
Nordeste,PB,Paraíba,21431,POMBAL,24276,13097,11179
Nordeste,PB,Paraíba,19640,POÇO DANTAS,3293,1631,1662
Nordeste,PB,Paraíba,19526,POÇO DE JOSÉ DE MOURA,3714,1894,1820
Nordeste,PB,Paraíba,21458,PRATA,3587,1796,1791
Nordeste,PB,Paraíba,21474,PRINCESA ISABEL,14839,7941,6898
Nordeste,PB,Paraíba,21490,PUXINANÃ,10986,5770,5216
Nordeste,PB,Paraíba,21512,QUEIMADAS,31884,16667,15217
Nordeste,PB,Paraíba,21539,QUIXABA,1970,968,1002
Nordeste,PB,Paraíba,21555,REMÍGIO,13317,7143,6174
Nordeste,PB,Paraíba,19828,RIACHO DE SANTO ANTÔNIO,2090,1027,1063
Nordeste,PB,Paraíba,21571,RIACHO DOS CAVALOS,7252,3659,3593
Nordeste,PB,Paraíba,19208,RIACHÃO,3023,1555,1468
Nordeste,PB,Paraíba,19127,RIACHÃO DO BACAMARTE,3955,2015,1940
Nordeste,PB,Paraíba,19003,RIACHÃO DO POÇO,3927,1998,1929
Nordeste,PB,Paraíba,21598,RIO TINTO,16827,8621,8206
Nordeste,PB,Paraíba,21610,SALGADINHO,3034,1513,1521
Nordeste,PB,Paraíba,21636,SALGADO DE SÃO FÉLIX,8975,4630,4345
Nordeste,PB,Paraíba,20001,SANTA CECÍLIA,5680,2821,2859
Nordeste,PB,Paraíba,21652,SANTA CRUZ,5303,2648,2655
Nordeste,PB,Paraíba,21679,SANTA HELENA,5147,2659,2488
Nordeste,PB,Paraíba,19569,SANTA INÊS,3300,1626,1674
Nordeste,PB,Paraíba,21695,SANTA LUZIA,11153,5852,5301
Nordeste,PB,Paraíba,21750,SANTA RITA,92936,49296,43640
Nordeste,PB,Paraíba,21776,SANTA TERESINHA,4954,2486,2468
Nordeste,PB,Paraíba,21717,SANTANA DE MANGUEIRA,4120,2068,2052
Nordeste,PB,Paraíba,21733,SANTANA DOS GARROTES,6019,3165,2854
Nordeste,PB,Paraíba,19267,SANTO ANDRÉ,2650,1339,1311
Nordeste,PB,Paraíba,22071,SAPÉ,33886,17888,15998
Nordeste,PB,Paraíba,22110,SERRA BRANCA,9877,5212,4665
Nordeste,PB,Paraíba,22136,SERRA DA RAIZ,2604,1304,1300
Nordeste,PB,Paraíba,22152,SERRA GRANDE,3125,1515,1610
Nordeste,PB,Paraíba,22179,SERRA REDONDA,5921,3093,2828
Nordeste,PB,Paraíba,22195,SERRARIA,4163,2137,2026
Nordeste,PB,Paraíba,19186,SERTÃOZINHO,3959,2061,1898
Nordeste,PB,Paraíba,19020,SOBRADO,6443,3296,3147
Nordeste,PB,Paraíba,22233,SOLEDADE,10625,5542,5083
Nordeste,PB,Paraíba,22217,SOLÂNEA,19758,10732,9026
Nordeste,PB,Paraíba,19283,SOSSÊGO,2913,1452,1461
Nordeste,PB,Paraíba,22250,SOUSA,44885,23933,20952
Nordeste,PB,Paraíba,22276,SUMÉ,12667,6613,6054
Nordeste,PB,Paraíba,19402,SÃO BENTINHO,3490,1810,1680
Nordeste,PB,Paraíba,21792,SÃO BENTO,24607,12997,11610
Nordeste,PB,Paraíba,19429,SÃO DOMINGOS,2861,1478,1383
Nordeste,PB,Paraíba,19224,SÃO DOMINGOS DO CARIRI,2793,1400,1393
Nordeste,PB,Paraíba,19860,SÃO FRANCISCO,3683,1827,1856
Nordeste,PB,Paraíba,21857,SÃO JOSÉ DA LAGOA TAPADA,6229,3199,3030
Nordeste,PB,Paraíba,21873,SÃO JOSÉ DE CAIANA,4743,2364,2379
Nordeste,PB,Paraíba,21890,SÃO JOSÉ DE ESPINHARAS,3998,1901,2097
Nordeste,PB,Paraíba,21911,SÃO JOSÉ DE PIRANHAS,14291,7210,7081
Nordeste,PB,Paraíba,19445,SÃO JOSÉ DE PRINCESA,3081,1560,1521
Nordeste,PB,Paraíba,21938,SÃO JOSÉ DO BONFIM,3472,1759,1713
Nordeste,PB,Paraíba,19542,SÃO JOSÉ DO BREJO DO CRUZ,1824,919,905
Nordeste,PB,Paraíba,21954,SÃO JOSÉ DO SABUGI,3805,1874,1931
Nordeste,PB,Paraíba,21970,SÃO JOSÉ DOS CORDEIROS,3148,1586,1562
Nordeste,PB,Paraíba,19046,SÃO JOSÉ DOS RAMOS,4792,2419,2373
Nordeste,PB,Paraíba,21814,SÃO JOÃO DO CARIRI,4035,2098,1937
Nordeste,PB,Paraíba,19135,SÃO JOÃO DO RIO DO PEIXE,13140,6795,6345
Nordeste,PB,Paraíba,21830,SÃO JOÃO DO TIGRE,3646,1795,1851
Nordeste,PB,Paraíba,21997,SÃO MAMEDE,6393,3288,3105
Nordeste,PB,Paraíba,22012,SÃO MIGUEL DE TAIPU,5507,2821,2686
Nordeste,PB,Paraíba,22039,SÃO SEBASTIÃO DE LAGOA DE ROÇA,8445,4420,4025
Nordeste,PB,Paraíba,22055,SÃO SEBASTIÃO DO UMBUZEIRO,2977,1508,1469
Nordeste,PB,Paraíba,22098,SÃO VICENTE DO SERIDÓ,8370,4239,4131
Nordeste,PB,Paraíba,22292,TACIMA,6501,3290,3211
Nordeste,PB,Paraíba,22314,TAPEROÁ,10550,5522,5028
Nordeste,PB,Paraíba,22330,TAVARES,10538,5510,5028
Nordeste,PB,Paraíba,22357,TEIXEIRA,10757,5696,5061
Nordeste,PB,Paraíba,19682,TENÓRIO,2588,1256,1332
Nordeste,PB,Paraíba,22373,TRIUNFO,6469,3311,3158
Nordeste,PB,Paraíba,22390,UIRAÚNA,10511,5564,4947
Nordeste,PB,Paraíba,22411,UMBUZEIRO,6038,3100,2938
Nordeste,PB,Paraíba,19887,VIEIRÓPOLIS,4802,2418,2384
Nordeste,PB,Paraíba,20117,VISTA SERRANA,2878,1511,1367
Nordeste,PB,Paraíba,22438,VÁRZEA,2418,1260,1158
Nordeste,PB,Paraíba,19348,ZABELÊ,2034,1055,979
Nordeste,PB,Paraíba,19011,ÁGUA BRANCA,7024,3629,3395
Nordeste,PE,Pernambuco,26310,ABREU E LIMA,81210,43569,37583
Nordeste,PE,Pernambuco,23019,AFOGADOS DA INGAZEIRA,27303,14609,12694
Nordeste,PE,Pernambuco,23035,AFRÂNIO,16055,8152,7897
Nordeste,PE,Pernambuco,23051,AGRESTINA,18041,9849,8192
Nordeste,PE,Pernambuco,23116,ALAGOINHA,12129,6163,5963
Nordeste,PE,Pernambuco,23132,ALIANÇA,27330,14210,13120
Nordeste,PE,Pernambuco,23159,ALTINHO,16016,8266,7750
Nordeste,PE,Pernambuco,23175,AMARAJI,15937,8192,7745
Nordeste,PE,Pernambuco,23191,ANGELIM,8865,4646,4215
Nordeste,PE,Pernambuco,23213,ARARIPINA,55401,29483,25918
Nordeste,PE,Pernambuco,23205,ARAÇOIABA,14706,7463,7243
Nordeste,PE,Pernambuco,23230,ARCOVERDE,45956,25260,20696
Nordeste,PE,Pernambuco,23256,BARRA DE GUABIRABA,8950,4610,4340
Nordeste,PE,Pernambuco,23272,BARREIROS,30112,16175,13937
Nordeste,PE,Pernambuco,23337,BELO JARDIM,60167,31606,28511
Nordeste,PE,Pernambuco,23299,BELÉM DE MARIA,9070,4600,4461
Nordeste,PE,Pernambuco,23310,BELÉM DO SÃO FRANCISCO,14498,7784,6714
Nordeste,PE,Pernambuco,23353,BETÂNIA,10083,5239,4844
Nordeste,PE,Pernambuco,23370,BEZERROS,43668,24011,19657
Nordeste,PE,Pernambuco,23396,BODOCÓ,21992,11599,10393
Nordeste,PE,Pernambuco,23418,BOM CONSELHO,35609,19025,16568
Nordeste,PE,Pernambuco,23434,BOM JARDIM,27995,14661,13333
Nordeste,PE,Pernambuco,23450,BONITO,29040,15345,13695
Nordeste,PE,Pernambuco,23493,BREJINHO,7153,3668,3482
Nordeste,PE,Pernambuco,23515,BREJO DA MADRE DE DEUS,31848,16603,15221
Nordeste,PE,Pernambuco,23477,BREJÃO,8752,4540,4212
Nordeste,PE,Pernambuco,23531,BUENOS AIRES,10457,5422,5035
Nordeste,PE,Pernambuco,23558,BUÍQUE,38930,20313,18577
Nordeste,PE,Pernambuco,23574,CABO DE SANTO AGOSTINHO,146324,78291,68033
Nordeste,PE,Pernambuco,23590,CABROBÓ,24542,12911,11612
Nordeste,PE,Pernambuco,23612,CACHOEIRINHA,15316,8182,7134
Nordeste,PE,Pernambuco,23639,CAETÉS,19506,10349,9152
Nordeste,PE,Pernambuco,23671,CALUMBI,5743,2983,2760
Nordeste,PE,Pernambuco,23655,CALÇADO,6401,3333,3068
Nordeste,PE,Pernambuco,26298,CAMARAGIBE,108998,59604,49394
Nordeste,PE,Pernambuco,23698,CAMOCIM DE SÃO FÉLIX,13941,7369,6572
Nordeste,PE,Pernambuco,23710,CAMUTANGA,7167,3623,3544
Nordeste,PE,Pernambuco,23736,CANHOTINHO,16172,8517,7655
Nordeste,PE,Pernambuco,23752,CAPOEIRAS,15870,8136,7727
Nordeste,PE,Pernambuco,23167,CARNAUBEIRA DA PENHA,11087,5446,5641
Nordeste,PE,Pernambuco,23779,CARNAÍBA,14623,7533,7090
Nordeste,PE,Pernambuco,23795,CARPINA,50181,27633,22548
Nordeste,PE,Pernambuco,23817,CARUARU,216900,120129,96771
Nordeste,PE,Pernambuco,23221,CASINHAS,11160,5892,5268
Nordeste,PE,Pernambuco,23833,CATENDE,24486,12969,11517
Nordeste,PE,Pernambuco,23850,CEDRO,9744,5003,4733
Nordeste,PE,Pernambuco,23876,CHÃ DE ALEGRIA,10098,5395,4703
Nordeste,PE,Pernambuco,23892,CHÃ GRANDE,17875,9231,8635
Nordeste,PE,Pernambuco,23914,CONDADO,19714,10320,9374
Nordeste,PE,Pernambuco,23930,CORRENTES,13603,7157,6438
Nordeste,PE,Pernambuco,23957,CORTÊS,10030,5228,4802
Nordeste,PE,Pernambuco,23973,CUMARU,15004,7662,7301
Nordeste,PE,Pernambuco,23990,CUPIRA,18839,10300,8539
Nordeste,PE,Pernambuco,24015,CUSTÓDIA,26661,14006,12655
Nordeste,PE,Pernambuco,23140,DORMENTES,15509,7578,7919
Nordeste,PE,Pernambuco,24031,ESCADA,45315,23776,21539
Nordeste,PE,Pernambuco,24058,EXU,25344,13419,11925
Nordeste,PE,Pernambuco,24074,FEIRA NOVA,17453,9347,8088
Nordeste,PE,Pernambuco,30015,FERNANDO DE NORONHA,2743,1352,1391
Nordeste,PE,Pernambuco,24090,FERREIROS,9266,4758,4508
Nordeste,PE,Pernambuco,24112,FLORES,15215,7989,7226
Nordeste,PE,Pernambuco,24139,FLORESTA,23443,12228,11208
Nordeste,PE,Pernambuco,24155,FREI MIGUELINHO,10924,5699,5225
Nordeste,PE,Pernambuco,24171,GAMELEIRA,14317,7561,6756
Nordeste,PE,Pernambuco,24198,GARANHUNS,88881,48826,40055
Nordeste,PE,Pernambuco,24210,GLÓRIA DO GOITÁ,21401,11317,10084
Nordeste,PE,Pernambuco,24236,GOIANA,57663,30258,27405
Nordeste,PE,Pernambuco,24252,GRANITO,5571,2857,2714
Nordeste,PE,Pernambuco,24279,GRAVATÁ,64264,34112,30100
Nordeste,PE,Pernambuco,24295,IATI,15771,8104,7641
Nordeste,PE,Pernambuco,24317,IBIMIRIM,20055,10428,9618
Nordeste,PE,Pernambuco,24333,IBIRAJUBA,6422,3265,3157
Nordeste,PE,Pernambuco,24350,IGARASSU,78964,41883,37081
Nordeste,PE,Pernambuco,24376,IGUARACY,8447,4267,4180
Nordeste,PE,Pernambuco,24511,ILHA DE ITAMARACÁ,16969,8914,8055
Nordeste,PE,Pernambuco,24392,INAJÁ,13337,6867,6452
Nordeste,PE,Pernambuco,24414,INGAZEIRA,3765,1861,1904
Nordeste,PE,Pernambuco,24430,IPOJUCA,71570,36869,34701
Nordeste,PE,Pernambuco,24457,IPUBI,22094,11333,10747
Nordeste,PE,Pernambuco,24473,ITACURUBA,3895,2055,1840
Nordeste,PE,Pernambuco,25976,ITAMBÉ,23055,12052,11003
Nordeste,PE,Pernambuco,24538,ITAPETIM,12026,6219,5794
Nordeste,PE,Pernambuco,26336,ITAPISSUMA,17636,9507,8129
Nordeste,PE,Pernambuco,24554,ITAQUITINGA,13676,6765,6896
Nordeste,PE,Pernambuco,24490,ITAÍBA,17774,9301,8473
Nordeste,PE,Pernambuco,24570,JABOATÃO DOS GUARARAPES,452277,243665,208202
Nordeste,PE,Pernambuco,23302,JAQUEIRA,9600,4837,4761
Nordeste,PE,Pernambuco,24597,JATAÚBA,13944,7096,6844
Nordeste,PE,Pernambuco,23264,JATOBÁ,9826,5241,4585
Nordeste,PE,Pernambuco,24635,JOAQUIM NABUCO,12688,6447,6238
Nordeste,PE,Pernambuco,24619,JOÃO ALFREDO,23784,12492,11268
Nordeste,PE,Pernambuco,23124,JUCATI,8803,4521,4282
Nordeste,PE,Pernambuco,24651,JUPI,11117,5924,5193
Nordeste,PE,Pernambuco,24678,JUREMA,11266,5779,5487
Nordeste,PE,Pernambuco,24694,LAGOA DE ITAENGA,17726,9314,8400
Nordeste,PE,Pernambuco,23027,LAGOA DO CARRO,12536,6763,5773
Nordeste,PE,Pernambuco,24716,LAGOA DO OURO,10765,5507,5256
Nordeste,PE,Pernambuco,24732,LAGOA DOS GATOS,12278,6322,5953
Nordeste,PE,Pernambuco,23183,LAGOA GRANDE,19174,9563,9603
Nordeste,PE,Pernambuco,24759,LAJEDO,27448,15230,12218
Nordeste,PE,Pernambuco,24775,LIMOEIRO,42257,23155,19102
Nordeste,PE,Pernambuco,24791,MACAPARANA,19201,10111,9090
Nordeste,PE,Pernambuco,24813,MACHADOS,9404,4995,4409
Nordeste,PE,Pernambuco,23248,MANARI,12635,6495,6127
Nordeste,PE,Pernambuco,24830,MARAIAL,9942,4854,5086
Nordeste,PE,Pernambuco,24856,MIRANDIBA,10664,5552,5112
Nordeste,PE,Pernambuco,25852,MOREILÂNDIA,8900,4516,4384
Nordeste,PE,Pernambuco,24872,MORENO,45631,23978,21653
Nordeste,PE,Pernambuco,24899,NAZARÉ DA MATA,24047,12841,11206
Nordeste,PE,Pernambuco,24910,OLINDA,276081,153719,122362
Nordeste,PE,Pernambuco,24937,OROBÓ,20297,10494,9784
Nordeste,PE,Pernambuco,24953,OROCÓ,11903,6095,5800
Nordeste,PE,Pernambuco,24970,OURICURI,47525,24599,22862
Nordeste,PE,Pernambuco,24996,PALMARES,39703,21454,18249
Nordeste,PE,Pernambuco,25011,PALMEIRINA,6853,3522,3324
Nordeste,PE,Pernambuco,25038,PANELAS,21481,10961,10486
Nordeste,PE,Pernambuco,25054,PARANATAMA,9515,4934,4581
Nordeste,PE,Pernambuco,25070,PARNAMIRIM,17880,8891,8983
Nordeste,PE,Pernambuco,25097,PASSIRA,24303,12901,11402
Nordeste,PE,Pernambuco,25119,PAUDALHO,41749,21503,20222
Nordeste,PE,Pernambuco,25135,PAULISTA,208363,115028,93335
Nordeste,PE,Pernambuco,25151,PEDRA,18616,9387,9221
Nordeste,PE,Pernambuco,25178,PESQUEIRA,50144,27026,23086
Nordeste,PE,Pernambuco,25216,PETROLINA,198599,107485,91114
Nordeste,PE,Pernambuco,25194,PETROLÂNDIA,23935,12578,11357
Nordeste,PE,Pernambuco,25259,POMBOS,17150,9389,7761
Nordeste,PE,Pernambuco,25232,POÇÃO,9834,5268,4561
Nordeste,PE,Pernambuco,25275,PRIMAVERA,11120,5446,5668
Nordeste,PE,Pernambuco,25291,QUIPAPÁ,17821,9152,8665
Nordeste,PE,Pernambuco,23000,QUIXABA,5705,2865,2840
Nordeste,PE,Pernambuco,25313,RECIFE,1155816,639926,515889
Nordeste,PE,Pernambuco,25330,RIACHO DAS ALMAS,17261,9048,8213
Nordeste,PE,Pernambuco,25356,RIBEIRÃO,26346,14250,12096
Nordeste,PE,Pernambuco,25372,RIO FORMOSO,16291,8315,7976
Nordeste,PE,Pernambuco,25399,SAIRÉ,10113,5248,4865
Nordeste,PE,Pernambuco,25410,SALGADINHO,6754,3518,3236
Nordeste,PE,Pernambuco,25437,SALGUEIRO,39334,20831,18503
Nordeste,PE,Pernambuco,25453,SALOÁ,13356,7254,6091
Nordeste,PE,Pernambuco,25470,SANHARÓ,15432,8175,7257
Nordeste,PE,Pernambuco,23108,SANTA CRUZ,11132,5542,5582
Nordeste,PE,Pernambuco,23043,SANTA CRUZ DA BAIXA VERDE,8428,4444,3984
Nordeste,PE,Pernambuco,25496,SANTA CRUZ DO CAPIBARIBE,55569,29906,25663
Nordeste,PE,Pernambuco,23329,SANTA FILOMENA,11370,5563,5798
Nordeste,PE,Pernambuco,25518,SANTA MARIA DA BOA VISTA,29051,14845,14196
Nordeste,PE,Pernambuco,25534,SANTA MARIA DO CAMBUCÁ,10403,5461,4942
Nordeste,PE,Pernambuco,25550,SANTA TEREZINHA,7160,3710,3450
Nordeste,PE,Pernambuco,25771,SERRA TALHADA,56757,30602,26155
Nordeste,PE,Pernambuco,25798,SERRITA,15649,7911,7717
Nordeste,PE,Pernambuco,25810,SERTÂNIA,26205,13546,12617
Nordeste,PE,Pernambuco,25836,SIRINHAÉM,27172,13827,13345
Nordeste,PE,Pernambuco,25879,SOLIDÃO,5090,2534,2556
Nordeste,PE,Pernambuco,25895,SURUBIM,43075,23497,19578
Nordeste,PE,Pernambuco,25577,SÃO BENEDITO DO SUL,8555,4252,4303
Nordeste,PE,Pernambuco,25593,SÃO BENTO DO UNA,36155,18657,17469
Nordeste,PE,Pernambuco,25615,SÃO CAITANO,29064,15257,13807
Nordeste,PE,Pernambuco,25658,SÃO JOAQUIM DO MONTE,16387,8499,7888
Nordeste,PE,Pernambuco,25674,SÃO JOSÉ DA COROA GRANDE,14117,7468,6649
Nordeste,PE,Pernambuco,25690,SÃO JOSÉ DO BELMONTE,24047,12376,11671
Nordeste,PE,Pernambuco,25712,SÃO JOSÉ DO EGITO,21385,11621,9764
Nordeste,PE,Pernambuco,25631,SÃO JOÃO,17764,9400,8357
Nordeste,PE,Pernambuco,25739,SÃO LOURENÇO DA MATA,69852,38036,31816
Nordeste,PE,Pernambuco,25755,SÃO VICENTE FÉRRER,13555,7079,6476
Nordeste,PE,Pernambuco,25917,TABIRA,19569,10312,9257
Nordeste,PE,Pernambuco,25933,TACAIMBÓ,9853,5137,4716
Nordeste,PE,Pernambuco,25950,TACARATU,15456,7837,7618
Nordeste,PE,Pernambuco,23280,TAMANDARÉ,16386,8463,7923
Nordeste,PE,Pernambuco,25992,TAQUARITINGA DO NORTE,19582,10299,9277
Nordeste,PE,Pernambuco,26018,TEREZINHA,6202,3265,2935
Nordeste,PE,Pernambuco,26034,TERRA NOVA,7857,3807,4045
Nordeste,PE,Pernambuco,26050,TIMBAÚBA,41233,22111,19122
Nordeste,PE,Pernambuco,26077,TORITAMA,30297,15534,14755
Nordeste,PE,Pernambuco,26093,TRACUNHAÉM,10140,5381,4759
Nordeste,PE,Pernambuco,26115,TRINDADE,22535,11697,10827
Nordeste,PE,Pernambuco,26131,TRIUNFO,10633,5673,4960
Nordeste,PE,Pernambuco,26158,TUPANATINGA,17459,8875,8570
Nordeste,PE,Pernambuco,26174,TUPARETAMA,7392,3872,3520
Nordeste,PE,Pernambuco,26190,VENTUROSA,13409,7074,6332
Nordeste,PE,Pernambuco,26212,VERDEJANTE,7032,3693,3339
Nordeste,PE,Pernambuco,23086,VERTENTE DO LÉRIO,7242,3800,3442
Nordeste,PE,Pernambuco,26239,VERTENTES,15804,8446,7351
Nordeste,PE,Pernambuco,26255,VICÊNCIA,21548,11222,10326
Nordeste,PE,Pernambuco,26271,VITÓRIA DE SANTO ANTÃO,92760,50466,42294
Nordeste,PE,Pernambuco,23060,XEXÉU,9402,5090,4312
Nordeste,PE,Pernambuco,23078,ÁGUA PRETA,23368,11875,11487
Nordeste,PE,Pernambuco,23094,ÁGUAS BELAS,31755,16662,15072
Nordeste,PI,Piauí,12327,ACAUÃ,5479,2678,2801
Nordeste,PI,Piauí,10014,AGRICOLÂNDIA,4709,2488,2221
Nordeste,PI,Piauí,12319,ALAGOINHA DO PIAUÍ,5671,2862,2809
Nordeste,PI,Piauí,10022,ALEGRETE DO PIAUÍ,3945,2015,1930
Nordeste,PI,Piauí,10057,ALTO LONGÁ,11399,5671,5728
Nordeste,PI,Piauí,10073,ALTOS,30394,15738,14656
Nordeste,PI,Piauí,12084,ALVORADA DO GURGUÉIA,3614,1756,1858
Nordeste,PI,Piauí,10090,AMARANTE,14232,7429,6803
Nordeste,PI,Piauí,10111,ANGICAL DO PIAUÍ,6159,3303,2856
Nordeste,PI,Piauí,10154,ANTÔNIO ALMEIDA,2776,1360,1416
Nordeste,PI,Piauí,10138,ANÍSIO DE ABREU,6368,3202,3166
Nordeste,PI,Piauí,10170,AROAZES,5065,2571,2494
Nordeste,PI,Piauí,12734,AROEIRAS DO ITAIM,3325,1622,1703
Nordeste,PI,Piauí,10197,ARRAIAL,3740,1901,1839
Nordeste,PI,Piauí,12106,ASSUNÇÃO DO PIAUÍ,6221,3090,3131
Nordeste,PI,Piauí,10219,AVELINO LOPES,8251,4190,4061
Nordeste,PI,Piauí,10049,BAIXA GRANDE DO RIBEIRO,7986,3814,4172
Nordeste,PI,Piauí,10600,BARRA D'ALCÂNTARA,3054,1650,1404
Nordeste,PI,Piauí,10235,BARRAS,34109,17181,16928
Nordeste,PI,Piauí,10251,BARREIRAS DO PIAUÍ,2533,1196,1337
Nordeste,PI,Piauí,10278,BARRO DURO,5448,2930,2518
Nordeste,PI,Piauí,10294,BATALHA,20700,10502,10198
Nordeste,PI,Piauí,10626,BELA VISTA DO PIAUÍ,3125,1524,1601
Nordeste,PI,Piauí,12335,BELÉM DO PIAUÍ,2668,1329,1339
Nordeste,PI,Piauí,10316,BENEDITINOS,8631,4414,4217
Nordeste,PI,Piauí,10332,BERTOLÍNIA,4278,2142,2136
Nordeste,PI,Piauí,12122,BETÂNIA DO PIAUÍ,4871,2434,2437
Nordeste,PI,Piauí,10669,BOA HORA,5707,2773,2934
Nordeste,PI,Piauí,10359,BOCAINA,4675,2389,2286
Nordeste,PI,Piauí,10375,BOM JESUS,16652,8661,7991
Nordeste,PI,Piauí,10065,BOM PRINCÍPIO DO PIAUÍ,5546,2697,2849
Nordeste,PI,Piauí,10081,BONFIM DO PIAUÍ,4666,2264,2402
Nordeste,PI,Piauí,12149,BOQUEIRÃO DO PIAUÍ,4742,2409,2333
Nordeste,PI,Piauí,10006,BRASILEIRA,6741,3285,3456
Nordeste,PI,Piauí,10642,BREJO DO PIAUÍ,3405,1686,1719
Nordeste,PI,Piauí,10391,BURITI DOS LOPES,15099,7667,7432
Nordeste,PI,Piauí,10103,BURITI DOS MONTES,5800,2836,2964
Nordeste,PI,Piauí,10120,CABECEIRAS DO PIAUÍ,8556,4302,4254
Nordeste,PI,Piauí,12343,CAJAZEIRAS DO PIAUÍ,3028,1486,1542
Nordeste,PI,Piauí,12572,CAJUEIRO DA PRAIA,6186,2993,3193
Nordeste,PI,Piauí,10146,CALDEIRÃO GRANDE DO PIAUÍ,4434,2222,2212
Nordeste,PI,Piauí,10413,CAMPINAS DO PIAUÍ,4835,2437,2398
Nordeste,PI,Piauí,12351,CAMPO ALEGRE DO FIDALGO,3863,1872,1991
Nordeste,PI,Piauí,10723,CAMPO GRANDE DO PIAUÍ,4571,2321,2250
Nordeste,PI,Piauí,10740,CAMPO LARGO DO PIAUÍ,4339,2184,2155
Nordeste,PI,Piauí,10430,CAMPO MAIOR,33457,17650,15807
Nordeste,PI,Piauí,10162,CANAVIEIRA,2677,1298,1379
Nordeste,PI,Piauí,10456,CANTO DO BURITI,14454,7225,7229
Nordeste,PI,Piauí,10472,CAPITÃO DE CAMPOS,8834,4518,4316
Nordeste,PI,Piauí,10707,CAPITÃO GERVÁSIO OLIVEIRA,3278,1551,1727
Nordeste,PI,Piauí,10499,CARACOL,7210,3576,3634
Nordeste,PI,Piauí,12670,CARAÚBAS DO PIAUÍ,4554,2176,2378
Nordeste,PI,Piauí,12165,CARIDADE DO PIAUÍ,4327,2087,2240
Nordeste,PI,Piauí,10510,CASTELO DO PIAUÍ,15214,7905,7309
Nordeste,PI,Piauí,12688,CAXINGÓ,4910,2369,2541
Nordeste,PI,Piauí,10537,COCAL,18541,9390,9151
Nordeste,PI,Piauí,12360,COCAL DE TELHA,3938,2058,1880
Nordeste,PI,Piauí,12696,COCAL DOS ALVES,4898,2494,2404
Nordeste,PI,Piauí,10189,COIVARAS,4470,2166,2304
Nordeste,PI,Piauí,10200,COLÔNIA DO GURGUÉIA,4440,2267,2173
Nordeste,PI,Piauí,10227,COLÔNIA DO PIAUÍ,5849,3007,2842
Nordeste,PI,Piauí,10553,CONCEIÇÃO DO CANINDÉ,4220,2110,2110
Nordeste,PI,Piauí,10243,CORONEL JOSÉ DIAS,4407,2094,2313
Nordeste,PI,Piauí,10570,CORRENTE,18854,9567,9287
Nordeste,PI,Piauí,10596,CRISTALÂNDIA DO PIAUÍ,4719,2287,2432
Nordeste,PI,Piauí,10618,CRISTINO CASTRO,6781,3447,3334
Nordeste,PI,Piauí,10634,CURIMATÁ,7786,3887,3899
Nordeste,PI,Piauí,10766,CURRAIS,4841,2256,2585
Nordeste,PI,Piauí,12181,CURRAL NOVO DO PIAUÍ,3965,1923,2042
Nordeste,PI,Piauí,12580,CURRALINHOS,4011,2019,1992
Nordeste,PI,Piauí,10650,DEMERVAL LOBÃO,10673,5668,5005
Nordeste,PI,Piauí,12297,DIRCEU ARCOVERDE,5402,2616,2786
Nordeste,PI,Piauí,10677,DOM EXPEDITO LOPES,5694,2941,2753
Nordeste,PI,Piauí,10685,DOM INOCÊNCIO,6488,3131,3357
Nordeste,PI,Piauí,11410,DOMINGOS MOURÃO,3420,1659,1761
Nordeste,PI,Piauí,10693,ELESBÃO VELOSO,12259,6415,5844
Nordeste,PI,Piauí,10715,ELISEU MARTINS,3332,1624,1708
Nordeste,PI,Piauí,10731,ESPERANTINA,28221,14534,13687
Nordeste,PI,Piauí,10260,FARTURA DO PIAUÍ,3979,1968,2011
Nordeste,PI,Piauí,10758,FLORES DO PIAUÍ,3708,1870,1838
Nordeste,PI,Piauí,12637,FLORESTA DO PIAUÍ,2457,1225,1232
Nordeste,PI,Piauí,10774,FLORIANO,42796,22698,20098
Nordeste,PI,Piauí,10790,FRANCINÓPOLIS,3966,2092,1874
Nordeste,PI,Piauí,10812,FRANCISCO AYRES,3731,1895,1836
Nordeste,PI,Piauí,12378,FRANCISCO MACEDO,2440,1256,1184
Nordeste,PI,Piauí,10839,FRANCISCO SANTOS,7324,3701,3623
Nordeste,PI,Piauí,10855,FRONTEIRAS,8680,4490,4190
Nordeste,PI,Piauí,10782,GEMINIANO,5470,2783,2687
Nordeste,PI,Piauí,10871,GILBUÉS,7089,3528,3561
Nordeste,PI,Piauí,10898,GUADALUPE,7876,4043,3833
Nordeste,PI,Piauí,10804,GUARIBAS,3577,1777,1800
Nordeste,PI,Piauí,10910,HUGO NAPOLEÃO,3671,1882,1789
Nordeste,PI,Piauí,10820,ILHA GRANDE,7653,3739,3914
Nordeste,PI,Piauí,10936,INHUMA,11949,6213,5736
Nordeste,PI,Piauí,10952,IPIRANGA DO PIAUÍ,6704,3507,3197
Nordeste,PI,Piauí,10979,ISAÍAS COELHO,5546,2811,2735
Nordeste,PI,Piauí,10995,ITAINÓPOLIS,8705,4430,4275
Nordeste,PI,Piauí,11010,ITAUEIRA,8191,4119,4072
Nordeste,PI,Piauí,10286,JACOBINA DO PIAUÍ,4575,2312,2263
Nordeste,PI,Piauí,11037,JAICÓS,12282,6316,5966
Nordeste,PI,Piauí,10308,JARDIM DO MULATO,3740,1922,1818
Nordeste,PI,Piauí,12394,JATOBÁ DO PIAUÍ,5482,2603,2879
Nordeste,PI,Piauí,11053,JERUMENHA,4043,2012,2031
Nordeste,PI,Piauí,11070,JOAQUIM PIRES,10294,5158,5136
Nordeste,PI,Piauí,12408,JOCA MARQUES,4399,2148,2251
Nordeste,PI,Piauí,11096,JOSÉ DE FREITAS,31038,15717,15321
Nordeste,PI,Piauí,12386,JOÃO COSTA,2844,1356,1488
Nordeste,PI,Piauí,12416,JUAZEIRO DO PIAUÍ,5113,2547,2566
Nordeste,PI,Piauí,10847,JUREMA,4335,2060,2275
Nordeste,PI,Piauí,12203,JÚLIO BORGES,3953,1900,2053
Nordeste,PI,Piauí,10324,LAGOA ALEGRE,7093,3498,3595
Nordeste,PI,Piauí,10863,LAGOA DE SÃO FRANCISCO,4853,2421,2432
Nordeste,PI,Piauí,10340,LAGOA DO BARRO DO PIAUÍ,3813,1845,1968
Nordeste,PI,Piauí,12424,LAGOA DO PIAUÍ,3853,1907,1946
Nordeste,PI,Piauí,12220,LAGOA DO SÍTIO,3854,1934,1920
Nordeste,PI,Piauí,12432,LAGOINHA DO PIAUÍ,2528,1339,1189
Nordeste,PI,Piauí,11118,LANDRI SALES,4472,2270,2202
Nordeste,PI,Piauí,11134,LUIS CORREIA,23839,11861,11978
Nordeste,PI,Piauí,11150,LUZILÂNDIA,18426,9333,9093
Nordeste,PI,Piauí,12440,MADEIRO,5968,2931,3037
Nordeste,PI,Piauí,11177,MANOEL EMÍDIO,4298,2101,2197
Nordeste,PI,Piauí,10367,MARCOLÂNDIA,6658,3394,3264
Nordeste,PI,Piauí,11193,MARCOS PARENTE,3639,1878,1761
Nordeste,PI,Piauí,12467,MASSAPÊ DO PIAUÍ,5050,2520,2530
Nordeste,PI,Piauí,11215,MATIAS OLÍMPIO,7798,3946,3852
Nordeste,PI,Piauí,11231,MIGUEL ALVES,23365,11803,11562
Nordeste,PI,Piauí,11258,MIGUEL LEÃO,1329,678,651
Nordeste,PI,Piauí,12246,MILTON BRANDÃO,5686,2722,2964
Nordeste,PI,Piauí,11274,MONSENHOR GIL,9150,4721,4429
Nordeste,PI,Piauí,11290,MONSENHOR HIPÓLITO,6092,3140,2952
Nordeste,PI,Piauí,11312,MONTE ALEGRE DO PIAUÍ,7690,3834,3856
Nordeste,PI,Piauí,10880,MORRO CABEÇA NO TEMPO,3133,1456,1677
Nordeste,PI,Piauí,12459,MORRO DO CHAPÉU DO PIAUÍ,4994,2488,2506
Nordeste,PI,Piauí,12475,MURICI DOS PORTELAS,5194,2557,2637
Nordeste,PI,Piauí,11339,NAZARÉ DO PIAUÍ,5529,2825,2704
Nordeste,PI,Piauí,12726,NAZÁRIA,10266,5074,5192
Nordeste,PI,Piauí,10928,NOSSA SENHORA DE NAZARÉ,4794,2346,2448
Nordeste,PI,Piauí,11355,NOSSA SENHORA DOS REMÉDIOS,7220,3659,3561
Nordeste,PI,Piauí,10960,NOVA SANTA RITA,3448,1653,1795
Nordeste,PI,Piauí,11371,NOVO ORIENTE DO PIAUÍ,4864,2474,2390
Nordeste,PI,Piauí,10901,NOVO SANTO ANTÔNIO,3943,1908,2034
Nordeste,PI,Piauí,11398,OEIRAS,27661,14506,13155
Nordeste,PI,Piauí,12483,OLHO D'ÁGUA DO PIAUÍ,2167,1100,1067
Nordeste,PI,Piauí,11436,PADRE MARCOS,5472,2826,2646
Nordeste,PI,Piauí,11452,PAES LANDIM,3423,1700,1723
Nordeste,PI,Piauí,12262,PAJEÚ DO PIAUÍ,3145,1475,1670
Nordeste,PI,Piauí,11479,PALMEIRA DO PIAUÍ,4085,1931,2154
Nordeste,PI,Piauí,11495,PALMEIRAIS,11246,5726,5520
Nordeste,PI,Piauí,10944,PAQUETÁ,3371,1671,1700
Nordeste,PI,Piauí,11517,PARNAGUÁ,6571,3195,3376
Nordeste,PI,Piauí,11533,PARNAÍBA,102064,54427,47637
Nordeste,PI,Piauí,10405,PASSAGEM FRANCA DO PIAUÍ,3404,1812,1592
Nordeste,PI,Piauí,10383,PATOS DO PIAUÍ,4972,2483,2489
Nordeste,PI,Piauí,12718,PAU D'ARCO DO PIAUÍ,4479,2166,2313
Nordeste,PI,Piauí,11550,PAULISTANA,14856,7796,7060
Nordeste,PI,Piauí,12289,PAVUSSU,3246,1515,1731
Nordeste,PI,Piauí,11576,PEDRO II,29605,15280,14325
Nordeste,PI,Piauí,12491,PEDRO LAURENTINO,2438,1195,1243
Nordeste,PI,Piauí,11592,PICOS,50670,26648,24022
Nordeste,PI,Piauí,11614,PIMENTEIRAS,8284,4176,4108
Nordeste,PI,Piauí,11630,PIO IX,12822,6567,6255
Nordeste,PI,Piauí,11657,PIRACURUCA,22799,11752,11047
Nordeste,PI,Piauí,11673,PIRIPIRI,49684,25789,23895
Nordeste,PI,Piauí,11690,PORTO,7906,4090,3816
Nordeste,PI,Piauí,12599,PORTO ALEGRE DO PIAUÍ,1871,908,963
Nordeste,PI,Piauí,11711,PRATA DO PIAUÍ,3088,1577,1511
Nordeste,PI,Piauí,10421,QUEIMADA NOVA,6141,3029,3112
Nordeste,PI,Piauí,11738,REDENÇÃO DO GURGUÉIA,6044,3047,2997
Nordeste,PI,Piauí,11754,REGENERAÇÃO,13635,7233,6402
Nordeste,PI,Piauí,12300,RIACHO FRIO,3690,1745,1945
Nordeste,PI,Piauí,12602,RIBEIRA DO PIAUÍ,3127,1563,1564
Nordeste,PI,Piauí,11770,RIBEIRO GONÇALVES,4882,2401,2481
Nordeste,PI,Piauí,11797,RIO GRANDE DO PIAUÍ,4782,2374,2408
Nordeste,PI,Piauí,11819,SANTA CRUZ DO PIAUÍ,4975,2537,2438
Nordeste,PI,Piauí,10448,SANTA CRUZ DOS MILAGRES,3183,1632,1551
Nordeste,PI,Piauí,11835,SANTA FILOMENA,4385,2140,2245
Nordeste,PI,Piauí,11851,SANTA LUZ,4095,1985,2110
Nordeste,PI,Piauí,10464,SANTA ROSA DO PIAUÍ,4193,2134,2059
Nordeste,PI,Piauí,10480,SANTANA DO PIAUÍ,3646,1861,1785
Nordeste,PI,Piauí,11878,SANTO ANTÔNIO DE LISBOA,4751,2448,2303
Nordeste,PI,Piauí,12653,SANTO ANTÔNIO DOS MILAGRES,1684,848,836
Nordeste,PI,Piauí,11894,SANTO INÁCIO DO PIAUÍ,3212,1631,1581
Nordeste,PI,Piauí,12041,SEBASTIÃO BARROS,3847,1808,2039
Nordeste,PI,Piauí,12068,SEBASTIÃO LEAL,3533,1697,1836
Nordeste,PI,Piauí,10545,SIGEFREDO PACHECO,7720,3750,3970
Nordeste,PI,Piauí,12157,SIMPLÍCIO MENDES,8648,4334,4314
Nordeste,PI,Piauí,12130,SIMÕES,10588,5284,5304
Nordeste,PI,Piauí,12173,SOCORRO DO PIAUÍ,3882,1945,1937
Nordeste,PI,Piauí,12513,SUSSUAPARA,5945,3008,2937
Nordeste,PI,Piauí,10502,SÃO BRAZ DO PIAUÍ,3648,1777,1871
Nordeste,PI,Piauí,12505,SÃO FRANCISCO DE ASSIS DO PIAUÍ,4140,2056,2084
Nordeste,PI,Piauí,11932,SÃO FRANCISCO DO PIAUÍ,5382,2666,2716
Nordeste,PI,Piauí,11916,SÃO FÉLIX DO PIAUÍ,3499,1834,1665
Nordeste,PI,Piauí,12610,SÃO GONÇALO DO GURGUÉIA,2045,974,1071
Nordeste,PI,Piauí,11959,SÃO GONÇALO DO PIAUÍ,4303,2272,2031
Nordeste,PI,Piauí,10529,SÃO JOSÉ DO DIVINO,4565,2227,2338
Nordeste,PI,Piauí,12017,SÃO JOSÉ DO PEIXE,2876,1453,1423
Nordeste,PI,Piauí,12033,SÃO JOSÉ DO PIAUÍ,5420,2740,2680
Nordeste,PI,Piauí,11088,SÃO JOÃO DA CANABRAVA,4071,2124,1947
Nordeste,PI,Piauí,12009,SÃO JOÃO DA FRONTEIRA,4466,2206,2260
Nordeste,PI,Piauí,11975,SÃO JOÃO DA SERRA,6000,2993,3007
Nordeste,PI,Piauí,12025,SÃO JOÃO DA VARJOTA,3701,1909,1792
Nordeste,PI,Piauí,10987,SÃO JOÃO DO ARRAIAL,6246,3127,3119
Nordeste,PI,Piauí,11991,SÃO JOÃO DO PIAUÍ,13798,7137,6661
Nordeste,PI,Piauí,12050,SÃO JULIÃO,4920,2521,2399
Nordeste,PI,Piauí,10561,SÃO LOURENÇO DO PIAUÍ,4462,2190,2272
Nordeste,PI,Piauí,12629,SÃO LUIS DO PIAUÍ,2131,1105,1026
Nordeste,PI,Piauí,12661,SÃO MIGUEL DA BAIXA GRANDE,2304,1152,1152
Nordeste,PI,Piauí,12700,SÃO MIGUEL DO FIDALGO,2477,1214,1263
Nordeste,PI,Piauí,12076,SÃO MIGUEL DO TAPUIO,14443,7258,7185
Nordeste,PI,Piauí,12092,SÃO PEDRO DO PIAUÍ,9758,5051,4707
Nordeste,PI,Piauí,12114,SÃO RAIMUNDO NONATO,22524,11775,10749
Nordeste,PI,Piauí,12530,TAMBORIL DO PIAUÍ,2472,1191,1281
Nordeste,PI,Piauí,12521,TANQUE DO PIAUÍ,2212,1158,1054
Nordeste,PI,Piauí,12190,TERESINA,556287,304856,251431
Nordeste,PI,Piauí,12211,UNIÃO,33048,16851,16197
Nordeste,PI,Piauí,12238,URUÇUÍ,16122,8227,7895
Nordeste,PI,Piauí,12254,VALENÇA DO PIAUÍ,15273,8223,7050
Nordeste,PI,Piauí,12556,VERA MENDES,3031,1530,1501
Nordeste,PI,Piauí,12548,VILA NOVA DO PIAUÍ,2557,1262,1295
Nordeste,PI,Piauí,10588,VÁRZEA BRANCA,4129,2028,2101
Nordeste,PI,Piauí,12270,VÁRZEA GRANDE,3446,1870,1576
Nordeste,PI,Piauí,12564,WALL FERRAZ,3401,1690,1711
Nordeste,PI,Piauí,10030,ÁGUA BRANCA,13651,7401,6250
Sul,PR,Paraná,74012,ABATIÁ,5748,2906,2842
Sul,PR,Paraná,74039,ADRIANÓPOLIS,5080,2432,2648
Sul,PR,Paraná,74055,AGUDOS DO SUL,6869,3376,3493
Sul,PR,Paraná,74071,ALMIRANTE TAMANDARÉ,68021,35791,32230
Sul,PR,Paraná,84557,ALTAMIRA DO PARANÁ,3293,1629,1664
Sul,PR,Paraná,74098,ALTO PARANÁ,10357,5374,4977
Sul,PR,Paraná,74926,ALTO PARAÍSO,2732,1388,1344
Sul,PR,Paraná,74110,ALTO PIQUIRI,7099,3681,3418
Sul,PR,Paraná,79510,ALTÔNIA,14472,7609,6863
Sul,PR,Paraná,74136,ALVORADA DO SUL,6733,3498,3235
Sul,PR,Paraná,74152,AMAPORÃ,3808,1988,1820
Sul,PR,Paraná,74179,AMPÉRE,13777,7099,6674
Sul,PR,Paraná,74101,ANAHY,2641,1298,1335
Sul,PR,Paraná,74195,ANDIRÁ,16359,8629,7730
Sul,PR,Paraná,74217,ANTONINA,14602,7473,7129
Sul,PR,Paraná,74233,ANTONIO OLINTO,6271,2958,3313
Sul,PR,Paraná,74250,APUCARANA,91302,48932,42370
Sul,PR,Paraná,74276,ARAPONGAS,77060,41070,35990
Sul,PR,Paraná,74292,ARAPOTI,18387,9380,9007
Sul,PR,Paraná,75108,ARAPUÃ,3228,1597,1625
Sul,PR,Paraná,74314,ARARUNA,10718,5338,5315
Sul,PR,Paraná,74357,ARAUCÁRIA,94423,48440,45983
Sul,PR,Paraná,75086,ARIRANHA DO IVAÍ,2074,1045,1029
Sul,PR,Paraná,74373,ASSAÍ,12135,6393,5742
Sul,PR,Paraná,79537,ASSIS CHATEAUBRIAND,26384,13833,12547
Sul,PR,Paraná,74390,ASTORGA,20789,10750,10034
Sul,PR,Paraná,74411,ATALAIA,3536,1783,1749
Sul,PR,Paraná,74438,BALSA NOVA,11181,5546,5635
Sul,PR,Paraná,74454,BANDEIRANTES,24464,12850,11614
Sul,PR,Paraná,74470,BARBOSA FERRAZ,8621,4493,4128
Sul,PR,Paraná,74519,BARRA DO JACARÉ,2510,1237,1273
Sul,PR,Paraná,74497,BARRACÃO,7059,3604,3455
Sul,PR,Paraná,75124,BELA VISTA DA CAROBA,2793,1361,1432
Sul,PR,Paraná,74535,BELA VISTA DO PARAÍSO,12114,6397,5717
Sul,PR,Paraná,74551,BITURUNA,11491,5723,5768
Sul,PR,Paraná,74578,BOA ESPERANÇA,3651,1877,1773
Sul,PR,Paraná,74144,BOA ESPERANÇA DO IGUAÇU,2323,1131,1190
Sul,PR,Paraná,75140,BOA VENTURA DE SÃO ROQUE,4864,2358,2503
Sul,PR,Paraná,79812,BOA VISTA DA APARECIDA,6858,3428,3423
Sul,PR,Paraná,74594,BOCAIÚVA DO SUL,9117,4540,4577
Sul,PR,Paraná,75167,BOM JESUS DO SUL,3371,1611,1760
Sul,PR,Paraná,74616,BOM SUCESSO,4904,2521,2383
Sul,PR,Paraná,74160,BOM SUCESSO DO SUL,2921,1471,1450
Sul,PR,Paraná,74632,BORRAZÓPOLIS,6570,3299,3268
Sul,PR,Paraná,79839,BRAGANEY,4668,2278,2384
Sul,PR,Paraná,74187,BRASILÂNDIA DO SUL,2746,1413,1333
Sul,PR,Paraná,74659,CAFEARA,2086,1046,1040
Sul,PR,Paraná,79855,CAFELÂNDIA,11968,6118,5845
Sul,PR,Paraná,74209,CAFEZAL DO SUL,3653,1840,1813
Sul,PR,Paraná,74675,CALIFÓRNIA,6567,3362,3205
Sul,PR,Paraná,74691,CAMBARÁ,17827,9443,8384
Sul,PR,Paraná,74730,CAMBIRA,5742,2910,2832
Sul,PR,Paraná,74713,CAMBÉ,69287,36778,32509
Sul,PR,Paraná,74756,CAMPINA DA LAGOA,11810,6159,5651
Sul,PR,Paraná,75183,CAMPINA DO SIMÃO,3331,1559,1772
Sul,PR,Paraná,74772,CAMPINA GRANDE DO SUL,30784,16076,14708
Sul,PR,Paraná,74780,CAMPO BONITO,3498,1741,1757
Sul,PR,Paraná,74799,CAMPO DO TENENTE,5675,2815,2860
Sul,PR,Paraná,74810,CAMPO LARGO,86319,44823,41496
Sul,PR,Paraná,75205,CAMPO MAGRO,18293,9315,8978
Sul,PR,Paraná,74837,CAMPO MOURÃO,64311,34649,29662
Sul,PR,Paraná,74225,CANDÓI,11044,5525,5519
Sul,PR,Paraná,84514,CANTAGALO,8752,4409,4343
Sul,PR,Paraná,74870,CAPANEMA,15361,7818,7539
Sul,PR,Paraná,74896,CAPITÃO LEÔNIDAS MARQUES,12053,6170,5871
Sul,PR,Paraná,75221,CARAMBEÍ,15457,7870,7587
Sul,PR,Paraná,74918,CARLÓPOLIS,11237,5753,5484
Sul,PR,Paraná,74934,CASCAVEL,218448,116464,101984
Sul,PR,Paraná,74950,CASTRO,51385,26277,25108
Sul,PR,Paraná,74977,CATANDUVAS,7222,3630,3583
Sul,PR,Paraná,74993,CENTENÁRIO DO SUL,8479,4353,4126
Sul,PR,Paraná,75019,CERRO AZUL,12472,6145,6327
Sul,PR,Paraná,75035,CHOPINZINHO,15879,8133,7745
Sul,PR,Paraná,75051,CIANORTE,54869,29420,25449
Sul,PR,Paraná,75078,CIDADE GAÚCHA,9280,4674,4603
Sul,PR,Paraná,75094,CLEVELÂNDIA,12680,6680,6000
Sul,PR,Paraná,75132,COLOMBO,142374,75529,66845
Sul,PR,Paraná,75159,COLORADO,18843,9746,9089
Sul,PR,Paraná,75175,CONGONHINHAS,6419,3225,3194
Sul,PR,Paraná,75191,CONSELHEIRO MAIRINCK,2806,1421,1385
Sul,PR,Paraná,75213,CONTENDA,12146,6072,6074
Sul,PR,Paraná,75230,CORBÉLIA,13875,7253,6617
Sul,PR,Paraná,75256,CORNÉLIO PROCÓPIO,34219,18265,15954
Sul,PR,Paraná,75248,CORONEL DOMINGOS SOARES,4868,2301,2567
Sul,PR,Paraná,75272,CORONEL VIVIDA,16877,8747,8130
Sul,PR,Paraná,75280,CORUMBATAÍ DO SUL,3279,1639,1640
Sul,PR,Paraná,75337,CRUZ MACHADO,13092,6271,6821
Sul,PR,Paraná,74241,CRUZEIRO DO IGUAÇU,3564,1785,1773
Sul,PR,Paraná,75299,CRUZEIRO DO OESTE,16695,8689,8002
Sul,PR,Paraná,75310,CRUZEIRO DO SUL,3845,2004,1841
Sul,PR,Paraná,75264,CRUZMALTINA,2906,1429,1469
Sul,PR,Paraná,75353,CURITIBA,1338335,719663,618672
Sul,PR,Paraná,75370,CURIÚVA,10376,5149,5227
Sul,PR,Paraná,74853,CÂNDIDO DE ABREU,11209,5484,5725
Sul,PR,Paraná,79570,CÉU AZUL,8861,4645,4211
Sul,PR,Paraná,75400,DIAMANTE D'OESTE,3829,1894,1933
Sul,PR,Paraná,75396,DIAMANTE DO NORTE,4530,2313,2214
Sul,PR,Paraná,74268,DIAMANTE DO SUL,2883,1392,1491
Sul,PR,Paraná,75418,DOIS VIZINHOS,30289,15582,14682
Sul,PR,Paraná,84654,DOURADINA,6435,3297,3138
Sul,PR,Paraná,75434,DOUTOR CAMARGO,4975,2585,2390
Sul,PR,Paraná,74942,DOUTOR ULYSSES,4425,2078,2347
Sul,PR,Paraná,75477,ENGENHEIRO BELTRÃO,10933,5631,5292
Sul,PR,Paraná,74284,ENTRE RIOS DO OESTE,3370,1709,1661
Sul,PR,Paraná,75450,ENÉAS MARQUES,5278,2543,2733
Sul,PR,Paraná,75302,ESPERANÇA NOVA,1774,897,877
Sul,PR,Paraná,75329,ESPIGÃO ALTO DO IGUAÇU,4413,2148,2264
Sul,PR,Paraná,74306,FAROL,2692,1362,1330
Sul,PR,Paraná,75493,FAXINAL,12194,6310,5871
Sul,PR,Paraná,74322,FAZENDA RIO GRANDE,70041,36595,33446
Sul,PR,Paraná,75345,FERNANDES PINHEIRO,5169,2501,2668
Sul,PR,Paraná,84573,FIGUEIRA,6413,3273,3140
Sul,PR,Paraná,74349,FLOR DA SERRA DO SUL,4210,2085,2125
Sul,PR,Paraná,75531,FLORAÍ,4407,2275,2127
Sul,PR,Paraná,75558,FLORESTA,5787,3025,2762
Sul,PR,Paraná,75574,FLORESTÓPOLIS,8964,4474,4490
Sul,PR,Paraná,75590,FLÓRIDA,2133,1100,1033
Sul,PR,Paraná,75612,FORMOSA DO OESTE,6308,3224,3082
Sul,PR,Paraná,75639,FOZ DO IGUAÇU,178270,96791,81479
Sul,PR,Paraná,75361,FOZ DO JORDÃO,3946,1999,1947
Sul,PR,Paraná,79774,FRANCISCO ALVES,5531,2825,2706
Sul,PR,Paraná,75655,FRANCISCO BELTRÃO,65206,34249,30932
Sul,PR,Paraná,75515,FÊNIX,3975,2001,1966
Sul,PR,Paraná,75671,GENERAL CARNEIRO,8427,4292,4135
Sul,PR,Paraná,74004,GODOY MOREIRA,2569,1291,1278
Sul,PR,Paraná,75698,GOIOERÊ,22098,11752,10321
Sul,PR,Paraná,75388,GOIOXIM,4989,2392,2597
Sul,PR,Paraná,79596,GRANDES RIOS,5190,2527,2658
Sul,PR,Paraná,75736,GUAIRAÇÁ,4804,2488,2316
Sul,PR,Paraná,75426,GUAMIRANGA,6231,3056,3175
Sul,PR,Paraná,75752,GUAPIRAMA,3468,1761,1707
Sul,PR,Paraná,75779,GUAPOREMA,1917,959,957
Sul,PR,Paraná,75795,GUARACI,4197,2132,2065
Sul,PR,Paraná,75817,GUARANIAÇU,11148,5674,5474
Sul,PR,Paraná,75833,GUARAPUAVA,125677,66517,59160
Sul,PR,Paraná,75850,GUARAQUEÇABA,6468,3081,3387
Sul,PR,Paraná,75876,GUARATUBA,23932,12674,11258
Sul,PR,Paraná,75710,GUAÍRA,20863,11307,9556
Sul,PR,Paraná,74365,HONÓRIO SERPA,4029,1961,2068
Sul,PR,Paraná,75892,IBAITI,20826,10776,10050
Sul,PR,Paraná,74020,IBEMA,5059,2544,2500
Sul,PR,Paraná,75914,IBIPORÃ,37397,19939,17457
Sul,PR,Paraná,75930,ICARAÍMA,7274,3664,3609
Sul,PR,Paraná,75957,IGUARAÇU,3653,1846,1807
Sul,PR,Paraná,74381,IGUATU,2028,1010,1017
Sul,PR,Paraná,75442,IMBAÚ,7689,3817,3872
Sul,PR,Paraná,75973,IMBITUVA,22323,11209,11114
Sul,PR,Paraná,76015,INAJÁ,2271,1172,1099
Sul,PR,Paraná,79618,INDIANÓPOLIS,3624,1833,1791
Sul,PR,Paraná,75990,INÁCIO MARTINS,7905,3823,4082
Sul,PR,Paraná,76031,IPIRANGA,10716,5205,5511
Sul,PR,Paraná,76058,IPORÃ,11540,5987,5553
Sul,PR,Paraná,74403,IRACEMA DO OESTE,2376,1203,1170
Sul,PR,Paraná,76074,IRATI,44316,22973,21343
Sul,PR,Paraná,76090,IRETAMA,7517,3802,3715
Sul,PR,Paraná,76112,ITAGUAJÉ,3602,1815,1786
Sul,PR,Paraná,75000,ITAIPULÂNDIA,8932,4550,4376
Sul,PR,Paraná,76139,ITAMBARACÁ,4927,2506,2421
Sul,PR,Paraná,76155,ITAMBÉ,4983,2575,2406
Sul,PR,Paraná,76171,ITAPEJARA D'OESTE,9039,4563,4476
Sul,PR,Paraná,74446,ITAPERUÇU,18945,9487,9458
Sul,PR,Paraná,76198,ITAÚNA DO SUL,3078,1545,1533
Sul,PR,Paraná,76236,IVAIPORÃ,24637,12946,11668
Sul,PR,Paraná,76252,IVATUBA,2436,1306,1130
Sul,PR,Paraná,74462,IVATÉ,5637,2861,2769
Sul,PR,Paraná,76210,IVAÍ,9984,4840,5144
Sul,PR,Paraná,76279,JABOTI,3910,1948,1962
Sul,PR,Paraná,76295,JACAREZINHO,28540,15125,13415
Sul,PR,Paraná,76317,JAGUAPITÃ,9944,5165,4779
Sul,PR,Paraná,76333,JAGUARIAÍVA,24572,12737,11835
Sul,PR,Paraná,76350,JANDAIA DO SUL,15537,8168,7369
Sul,PR,Paraná,76376,JANIÓPOLIS,4986,2550,2436
Sul,PR,Paraná,76392,JAPIRA,3679,1846,1833
Sul,PR,Paraná,76414,JAPURÁ,6937,3546,3391
Sul,PR,Paraná,76430,JARDIM ALEGRE,9265,4661,4591
Sul,PR,Paraná,76457,JARDIM OLINDA,1173,613,560
Sul,PR,Paraná,76473,JATAIZINHO,9105,4751,4354
Sul,PR,Paraná,79979,JESUÍTAS,7251,3639,3610
Sul,PR,Paraná,76490,JOAQUIM TÁVORA,8641,4544,4097
Sul,PR,Paraná,76511,JUNDIAÍ DO SUL,2543,1268,1275
Sul,PR,Paraná,84638,JURANDA,6187,3205,2971
Sul,PR,Paraná,76538,JUSSARA,5148,2665,2483
Sul,PR,Paraná,76554,KALORÉ,3523,1796,1727
Sul,PR,Paraná,76570,LAPA,34773,17540,17233
Sul,PR,Paraná,74985,LARANJAL,4293,2093,2200
Sul,PR,Paraná,76597,LARANJEIRAS DO SUL,23398,12342,11056
Sul,PR,Paraná,76619,LEÓPOLIS,3172,1600,1572
Sul,PR,Paraná,74489,LIDIANÓPOLIS,3522,1774,1746
Sul,PR,Paraná,74047,LINDOESTE,4595,2279,2316
Sul,PR,Paraná,76635,LOANDA,14139,7618,6521
Sul,PR,Paraná,76651,LOBATO,3556,1838,1718
Sul,PR,Paraná,76678,LONDRINA,372008,201537,170471
Sul,PR,Paraná,75809,LUIZIANA,5528,2745,2783
Sul,PR,Paraná,84590,LUNARDELLI,4002,1992,2010
Sul,PR,Paraná,76694,LUPIONÓPOLIS,3858,2003,1855
Sul,PR,Paraná,76716,MALLET,10245,4959,5286
Sul,PR,Paraná,76732,MAMBORÊ,10547,5505,5042
Sul,PR,Paraná,76775,MANDAGUARI,26660,13822,12838
Sul,PR,Paraná,76759,MANDAGUAÇU,17789,9127,8644
Sul,PR,Paraná,76791,MANDIRITUBA,17727,8931,8796
Sul,PR,Paraná,75469,MANFRINÓPOLIS,2811,1290,1521
Sul,PR,Paraná,75116,MANGUEIRINHA,12639,6511,6128
Sul,PR,Paraná,76813,MANOEL RIBAS,10014,5148,4866
Sul,PR,Paraná,76830,MARECHAL CÂNDIDO RONDON,38861,20215,18623
Sul,PR,Paraná,76856,MARIA HELENA,4521,2281,2240
Sul,PR,Paraná,76872,MARIALVA,28727,14897,13807
Sul,PR,Paraná,79758,MARILENA,6030,2999,3030
Sul,PR,Paraná,76899,MARILUZ,8127,4135,3980
Sul,PR,Paraná,74330,MARILÂNDIA DO SUL,7013,3463,3550
Sul,PR,Paraná,76910,MARINGÁ,276073,149886,126187
Sul,PR,Paraná,74500,MARIPÁ,5070,2576,2493
Sul,PR,Paraná,76937,MARIÓPOLIS,4958,2519,2439
Sul,PR,Paraná,76953,MARMELEIRO,10943,5615,5328
Sul,PR,Paraná,75485,MARQUINHO,3595,1749,1846
Sul,PR,Paraná,76970,MARUMBI,3549,1797,1752
Sul,PR,Paraná,76996,MATELÂNDIA,13138,6824,6307
Sul,PR,Paraná,79634,MATINHOS,26390,14157,12233
Sul,PR,Paraná,74527,MATO RICO,3086,1412,1674
Sul,PR,Paraná,74543,MAUÁ DA SERRA,6898,3450,3448
Sul,PR,Paraná,77011,MEDIANEIRA,35829,18689,17116
Sul,PR,Paraná,74560,MERCEDES,4546,2309,2232
Sul,PR,Paraná,77038,MIRADOR,2123,1057,1065
Sul,PR,Paraná,77054,MIRASELVA,1699,881,818
Sul,PR,Paraná,84697,MISSAL,8951,4551,4394
Sul,PR,Paraná,77070,MOREIRA SALES,9672,4956,4712
Sul,PR,Paraná,77097,MORRETES,12444,6305,6139
Sul,PR,Paraná,77119,MUNHOZ DE MELO,3202,1615,1587
Sul,PR,Paraná,77135,NOSSA SENHORA DAS GRAÇAS,2909,1456,1453
Sul,PR,Paraná,77151,NOVA ALIANÇA DO IVAÍ,1331,677,654
Sul,PR,Paraná,77178,NOVA AMÉRICA DA COLINA,2867,1406,1461
Sul,PR,Paraná,79650,NOVA AURORA,9653,4947,4699
Sul,PR,Paraná,77194,NOVA CANTU,5705,2810,2895
Sul,PR,Paraná,77216,NOVA ESPERANÇA,21074,11128,9940
Sul,PR,Paraná,75027,NOVA ESPERANÇA DO SUDOESTE,4441,2137,2304
Sul,PR,Paraná,77232,NOVA FÁTIMA,6376,3325,3051
Sul,PR,Paraná,74586,NOVA LARANJEIRAS,7503,3790,3713
Sul,PR,Paraná,77259,NOVA LONDRINA,10331,5318,5009
Sul,PR,Paraná,79677,NOVA OLÍMPIA,4830,2507,2320
Sul,PR,Paraná,79952,NOVA PRATA DO IGUAÇU,8075,4080,3995
Sul,PR,Paraná,74608,NOVA SANTA BÁRBARA,3315,1747,1568
Sul,PR,Paraná,79790,NOVA SANTA ROSA,6621,3400,3221
Sul,PR,Paraná,75760,NOVA TEBAS,5408,2687,2721
Sul,PR,Paraná,74420,NOVO ITACOLOMI,2589,1262,1327
Sul,PR,Paraná,77275,ORTIGUEIRA,17615,8593,9022
Sul,PR,Paraná,77291,OURIZONA,2912,1464,1448
Sul,PR,Paraná,74063,OURO VERDE DO OESTE,4553,2318,2235
Sul,PR,Paraná,77313,PAIÇANDU,27555,14501,13054
Sul,PR,Paraná,77330,PALMAS,30407,15866,14541
Sul,PR,Paraná,77356,PALMEIRA,25227,12836,12391
Sul,PR,Paraná,77372,PALMITAL,10399,5220,5179
Sul,PR,Paraná,77399,PALOTINA,23803,12466,11330
Sul,PR,Paraná,77437,PARANACITY,7495,3873,3622
Sul,PR,Paraná,77453,PARANAGUÁ,98933,51310,47623
Sul,PR,Paraná,77470,PARANAPOEMA,1998,1023,975
Sul,PR,Paraná,77496,PARANAVAÍ,60172,32614,27558
Sul,PR,Paraná,77410,PARAÍSO DO NORTE,9327,4760,4566
Sul,PR,Paraná,74624,PATO BRAGADO,4239,2217,2020
Sul,PR,Paraná,77518,PATO BRANCO,61406,32720,28667
Sul,PR,Paraná,77534,PAULA FREITAS,4264,2069,2195
Sul,PR,Paraná,77550,PAULO FRONTIN,5400,2580,2820
Sul,PR,Paraná,77577,PEABIRU,10473,5433,5023
Sul,PR,Paraná,75507,PEROBAL,5165,2670,2495
Sul,PR,Paraná,75043,PINHAIS,85561,45488,40073
Sul,PR,Paraná,74640,PINHAL DE SÃO BENTO,2104,1033,1071
Sul,PR,Paraná,77631,PINHALÃO,5101,2559,2542
Sul,PR,Paraná,77658,PINHÃO,22593,11419,11174
Sul,PR,Paraná,77690,PIRAQUARA,62695,33046,29649
Sul,PR,Paraná,77674,PIRAÍ DO SUL,18348,9363,8984
Sul,PR,Paraná,77712,PITANGA,26446,13389,13051
Sul,PR,Paraná,74667,PITANGUEIRAS,2557,1282,1275
Sul,PR,Paraná,77615,PIÊN,9238,4526,4712
Sul,PR,Paraná,77739,PLANALTINA DO PARANÁ,3151,1604,1547
Sul,PR,Paraná,77755,PLANALTO,10609,5340,5265
Sul,PR,Paraná,77771,PONTA GROSSA,237118,125759,111359
Sul,PR,Paraná,75523,PONTAL DO PARANÁ,16655,8765,7890
Sul,PR,Paraná,77798,PORECATU,9687,5055,4632
Sul,PR,Paraná,77810,PORTO AMAZONAS,3517,1804,1713
Sul,PR,Paraná,75540,PORTO BARREIRO,2902,1374,1528
Sul,PR,Paraná,77836,PORTO RICO,2152,1076,1076
Sul,PR,Paraná,77852,PORTO VITÓRIA,2920,1446,1474
Sul,PR,Paraná,75566,PRADO FERREIRA,3029,1548,1481
Sul,PR,Paraná,79910,PRANCHITA,4498,2297,2201
Sul,PR,Paraná,77879,PRESIDENTE CASTELO BRANCO,4013,2002,2009
Sul,PR,Paraná,77895,PRIMEIRO DE MAIO,8652,4431,4220
Sul,PR,Paraná,77917,PRUDENTÓPOLIS,37582,18748,18834
Sul,PR,Paraná,79693,PÉROLA,9023,4749,4274
Sul,PR,Paraná,77593,PÉROLA D'OESTE,5266,2653,2609
Sul,PR,Paraná,75582,QUARTO CENTENÁRIO,3834,1938,1890
Sul,PR,Paraná,77933,QUATIGUÁ,6243,3265,2978
Sul,PR,Paraná,77950,QUATRO BARRAS,15011,7767,7244
Sul,PR,Paraná,74683,QUATRO PONTES,3559,1826,1731
Sul,PR,Paraná,79553,QUEDAS DO IGUAÇU,23377,11800,11564
Sul,PR,Paraná,77976,QUERÊNCIA DO NORTE,7569,3922,3647
Sul,PR,Paraná,77992,QUINTA DO SOL,4416,2241,2172
Sul,PR,Paraná,78018,QUITANDINHA,12810,6246,6564
Sul,PR,Paraná,74705,RAMILÂNDIA,3473,1693,1778
Sul,PR,Paraná,78034,RANCHO ALEGRE,2985,1545,1440
Sul,PR,Paraná,74721,RANCHO ALEGRE D'OESTE,2515,1249,1265
Sul,PR,Paraná,78050,REALEZA,13898,7253,6630
Sul,PR,Paraná,78077,REBOUÇAS,11259,5607,5652
Sul,PR,Paraná,78093,RENASCENÇA,4936,2521,2415
Sul,PR,Paraná,78115,RESERVA,19706,9617,10089
Sul,PR,Paraná,75604,RESERVA DO IGUAÇU,5097,2485,2612
Sul,PR,Paraná,78131,RIBEIRÃO CLARO,9455,4784,4671
Sul,PR,Paraná,78158,RIBEIRÃO DO PINHAL,10268,5323,4945
Sul,PR,Paraná,78174,RIO AZUL,10420,4971,5449
Sul,PR,Paraná,78190,RIO BOM,2849,1380,1469
Sul,PR,Paraná,74748,RIO BONITO DO IGUAÇU,10645,5164,5481
Sul,PR,Paraná,75620,RIO BRANCO DO IVAÍ,3478,1716,1754
Sul,PR,Paraná,78212,RIO BRANCO DO SUL,24987,12518,12469
Sul,PR,Paraná,78239,RIO NEGRO,22703,11595,11108
Sul,PR,Paraná,78255,ROLÂNDIA,46562,24609,21953
Sul,PR,Paraná,78271,RONCADOR,8140,4125,4015
Sul,PR,Paraná,78298,RONDON,7314,3674,3640
Sul,PR,Paraná,75744,ROSÁRIO DO IVAÍ,4947,2451,2491
Sul,PR,Paraná,78310,SABÁUDIA,5364,2779,2585
Sul,PR,Paraná,78336,SALGADO FILHO,3427,1690,1737
Sul,PR,Paraná,78352,SALTO DO ITARARÉ,4014,2031,1983
Sul,PR,Paraná,78379,SALTO DO LONTRA,10413,5306,5107
Sul,PR,Paraná,78395,SANTA AMÉLIA,2897,1452,1445
Sul,PR,Paraná,78417,SANTA CECÍLIA DO PAVÃO,2946,1522,1424
Sul,PR,Paraná,78433,SANTA CRUZ DE MONTE CASTELO,6181,3196,2985
Sul,PR,Paraná,78450,SANTA FÉ,8519,4493,4026
Sul,PR,Paraná,79715,SANTA HELENA,20440,10691,9744
Sul,PR,Paraná,78476,SANTA INÊS,1693,846,847
Sul,PR,Paraná,78492,SANTA ISABEL DO IVAÍ,6667,3478,3189
Sul,PR,Paraná,78514,SANTA IZABEL DO OESTE,8741,4547,4185
Sul,PR,Paraná,74764,SANTA LÚCIA,3299,1653,1644
Sul,PR,Paraná,74802,SANTA MARIA DO OESTE,8627,4168,4453
Sul,PR,Paraná,78530,SANTA MARIANA,9441,4872,4569
Sul,PR,Paraná,74829,SANTA MÔNICA,2506,1271,1235
Sul,PR,Paraná,74080,SANTA TEREZA DO OESTE,8678,4438,4240
Sul,PR,Paraná,84670,SANTA TEREZINHA DE ITAIPU,16807,9031,7776
Sul,PR,Paraná,78557,SANTANA DO ITARARÉ,4238,2124,2114
Sul,PR,Paraná,78611,SANTO ANTONIO DO CAIUÁ,2354,1238,1112
Sul,PR,Paraná,78590,SANTO ANTÔNIO DA PLATINA,31051,16415,14636
Sul,PR,Paraná,78638,SANTO ANTÔNIO DO PARAÍSO,2026,1028,998
Sul,PR,Paraná,78573,SANTO ANTÔNIO DO SUDOESTE,13970,7335,6635
Sul,PR,Paraná,78654,SANTO INÁCIO,4241,2156,2085
Sul,PR,Paraná,78999,SAPOPEMA,5014,2450,2564
Sul,PR,Paraná,84611,SARANDI,60122,32054,28068
Sul,PR,Paraná,75060,SAUDADE DO IGUAÇU,4517,2332,2185
Sul,PR,Paraná,79014,SENGÉS,13548,6582,6966
Sul,PR,Paraná,75647,SERRANÓPOLIS DO IGUAÇU,4317,2212,2100
Sul,PR,Paraná,79030,SERTANEJA,4575,2357,2218
Sul,PR,Paraná,79057,SERTANÓPOLIS,12661,6634,6027
Sul,PR,Paraná,79073,SIQUEIRA CAMPOS,15085,7818,7267
Sul,PR,Paraná,75787,SULINA,2667,1324,1343
Sul,PR,Paraná,78670,SÃO CARLOS DO IVAÍ,5171,2627,2544
Sul,PR,Paraná,78697,SÃO JERÔNIMO DA SERRA,8129,4055,4074
Sul,PR,Paraná,78816,SÃO JORGE D'OESTE,7466,3815,3651
Sul,PR,Paraná,78794,SÃO JORGE DO IVAÍ,4727,2439,2285
Sul,PR,Paraná,79995,SÃO JORGE DO PATROCÍNIO,4998,2535,2463
Sul,PR,Paraná,78832,SÃO JOSÉ DA BOA VISTA,4447,2210,2237
Sul,PR,Paraná,84719,SÃO JOSÉ DAS PALMEIRAS,3010,1521,1489
Sul,PR,Paraná,78859,SÃO JOSÉ DOS PINHAIS,188531,99713,88818
Sul,PR,Paraná,78719,SÃO JOÃO,8725,4526,4199
Sul,PR,Paraná,78735,SÃO JOÃO DO CAIUÁ,4773,2466,2306
Sul,PR,Paraná,78751,SÃO JOÃO DO IVAÍ,8799,4571,4228
Sul,PR,Paraná,78778,SÃO JOÃO DO TRIUNFO,10811,5120,5691
Sul,PR,Paraná,74845,SÃO MANOEL DO PARANÁ,1835,913,922
Sul,PR,Paraná,78875,SÃO MATEUS DO SUL,31924,16052,15872
Sul,PR,Paraná,78891,SÃO MIGUEL DO IGUAÇU,21972,11383,10575
Sul,PR,Paraná,74861,SÃO PEDRO DO IGUAÇU,5017,2498,2519
Sul,PR,Paraná,78913,SÃO PEDRO DO IVAÍ,6875,3504,3371
Sul,PR,Paraná,78930,SÃO PEDRO DO PARANÁ,2179,1091,1088
Sul,PR,Paraná,78956,SÃO SEBASTIÃO DA AMOREIRA,6549,3456,3093
Sul,PR,Paraná,78972,SÃO TOMÉ,4356,2203,2153
Sul,PR,Paraná,75663,TAMARANA,8102,4016,4086
Sul,PR,Paraná,79090,TAMBOARA,3924,2014,1910
Sul,PR,Paraná,79111,TAPEJARA,11744,5956,5772
Sul,PR,Paraná,79731,TAPIRA,4706,2408,2294
Sul,PR,Paraná,79138,TEIXEIRA SOARES,7486,3663,3823
Sul,PR,Paraná,79154,TELÊMACO BORBA,46780,24126,22654
Sul,PR,Paraná,79170,TERRA BOA,12410,6528,5882
Sul,PR,Paraná,79197,TERRA RICA,11635,5992,5643
Sul,PR,Paraná,79219,TERRA ROXA,12678,6680,5998
Sul,PR,Paraná,79235,TIBAGI,13790,6882,6907
Sul,PR,Paraná,79251,TIJUCAS DO SUL,11161,5463,5698
Sul,PR,Paraná,79278,TOLEDO,96136,50381,45755
Sul,PR,Paraná,79294,TOMAZINA,6216,3024,3192
Sul,PR,Paraná,79871,TRÊS BARRAS DO PARANÁ,9126,4517,4574
Sul,PR,Paraná,74888,TUNAS DO PARANÁ,4946,2380,2566
Sul,PR,Paraná,79316,TUNEIRAS DO OESTE,6930,3400,3515
Sul,PR,Paraná,79936,TUPÃSSI,5546,2867,2679
Sul,PR,Paraná,84530,TURVO,11058,5474,5584
Sul,PR,Paraná,79332,UBIRATÃ,18611,9775,8829
Sul,PR,Paraná,79359,UMUARAMA,76375,41205,35170
Sul,PR,Paraná,79391,UNIFLOR,2106,1078,1026
Sul,PR,Paraná,79375,UNIÃO DA VITÓRIA,37577,19942,17635
Sul,PR,Paraná,79413,URAÍ,8285,4232,4053
Sul,PR,Paraná,74900,VENTANIA,6802,3350,3452
Sul,PR,Paraná,79898,VERA CRUZ DO OESTE,6965,3569,3388
Sul,PR,Paraná,79456,VERÊ,6683,3297,3382
Sul,PR,Paraná,74969,VIRMOND,3313,1619,1694
Sul,PR,Paraná,79472,VITORINO,5476,2726,2747
Sul,PR,Paraná,79430,WENCESLAU BRAZ,14210,7343,6867
Sul,PR,Paraná,79499,XAMBRÊ,5004,2567,2437
Sul,PR,Paraná,74128,ÂNGULO,2477,1245,1232
Sudeste,RJ,Rio de Janeiro,58017,ANGRA DOS REIS,130537,65811,64667
Sudeste,RJ,Rio de Janeiro,58181,APERIBÉ,8961,4606,4350
Sudeste,RJ,Rio de Janeiro,58033,ARARUAMA,96162,51363,44660
Sudeste,RJ,Rio de Janeiro,58220,AREAL,9615,4993,4616
Sudeste,RJ,Rio de Janeiro,58408,ARMAÇÃO DOS BÚZIOS,27915,14516,13399
Sudeste,RJ,Rio de Janeiro,59277,ARRAIAL DO CABO,29927,15143,14767
Sudeste,RJ,Rio de Janeiro,58050,BARRA DO PIRAÍ,71243,37398,33732
Sudeste,RJ,Rio de Janeiro,58076,BARRA MANSA,135177,70942,64054
Sudeste,RJ,Rio de Janeiro,58041,BELFORD ROXO,331087,177502,153125
Sudeste,RJ,Rio de Janeiro,58092,BOM JARDIM,22117,11098,11012
Sudeste,RJ,Rio de Janeiro,58114,BOM JESUS DO ITABAPOANA,29726,15682,14039
Sudeste,RJ,Rio de Janeiro,58130,CABO FRIO,151452,81494,69835
Sudeste,RJ,Rio de Janeiro,58157,CACHOEIRAS DE MACACU,45318,23104,22157
Sudeste,RJ,Rio de Janeiro,58173,CAMBUCI,12172,6034,6118
Sudeste,RJ,Rio de Janeiro,58190,CAMPOS DOS GOYTACAZES,361248,193064,167578
Sudeste,RJ,Rio de Janeiro,58211,CANTAGALO,16188,8233,7951
Sudeste,RJ,Rio de Janeiro,58300,CARAPEBUS,11933,5914,6002
Sudeste,RJ,Rio de Janeiro,58068,CARDOSO MOREIRA,11443,5755,5677
Sudeste,RJ,Rio de Janeiro,58238,CARMO,14421,7561,6857
Sudeste,RJ,Rio de Janeiro,58254,CASIMIRO DE ABREU,32004,16378,15608
Sudeste,RJ,Rio de Janeiro,58165,COMENDADOR LEVY GASPARIAN,7628,3959,3667
Sudeste,RJ,Rio de Janeiro,58270,CONCEIÇÃO DE MACABU,17416,8860,8534
Sudeste,RJ,Rio de Janeiro,58297,CORDEIRO,16682,8752,7907
Sudeste,RJ,Rio de Janeiro,58319,DUAS BARRAS,9698,4737,4953
Sudeste,RJ,Rio de Janeiro,58335,DUQUE DE CAXIAS,634781,339321,294497
Sudeste,RJ,Rio de Janeiro,58351,ENGENHEIRO PAULO DE FRONTIN,10653,5530,5115
Sudeste,RJ,Rio de Janeiro,58106,GUAPIMIRIM,40733,21018,19678
Sudeste,RJ,Rio de Janeiro,58262,IGUABA GRANDE,22858,12049,10800
Sudeste,RJ,Rio de Janeiro,58378,ITABORAÍ,171797,90511,81076
Sudeste,RJ,Rio de Janeiro,58394,ITAGUAÍ,90951,47218,43611
Sudeste,RJ,Rio de Janeiro,59293,ITALVA,11147,5876,5261
Sudeste,RJ,Rio de Janeiro,58416,ITAOCARA,19299,9994,9297
Sudeste,RJ,Rio de Janeiro,58432,ITAPERUNA,75773,40225,35432
Sudeste,RJ,Rio de Janeiro,58440,ITATIAIA,25009,12806,12193
Sudeste,RJ,Rio de Janeiro,58149,JAPERI,73693,38213,35422
Sudeste,RJ,Rio de Janeiro,58459,LAJE DO MURIAÉ,7274,3615,3654
Sudeste,RJ,Rio de Janeiro,58475,MACAÉ,160555,82954,77414
Sudeste,RJ,Rio de Janeiro,58386,MACUCO,6970,3581,3379
Sudeste,RJ,Rio de Janeiro,58491,MAGÉ,181364,95495,85538
Sudeste,RJ,Rio de Janeiro,58513,MANGARATIBA,36086,18350,17709
Sudeste,RJ,Rio de Janeiro,58530,MARICÁ,107820,57361,50402
Sudeste,RJ,Rio de Janeiro,58556,MENDES,15470,8127,7315
Sudeste,RJ,Rio de Janeiro,58467,MESQUITA,135124,71863,63011
Sudeste,RJ,Rio de Janeiro,58572,MIGUEL PEREIRA,23022,12109,10884
Sudeste,RJ,Rio de Janeiro,58599,MIRACEMA,22336,11742,10555
Sudeste,RJ,Rio de Janeiro,58610,NATIVIDADE,12372,6398,5969
Sudeste,RJ,Rio de Janeiro,58637,NILÓPOLIS,133274,73264,59791
Sudeste,RJ,Rio de Janeiro,58653,NITERÓI,384813,213261,171552
Sudeste,RJ,Rio de Janeiro,58670,NOVA FRIBURGO,151918,80248,71491
Sudeste,RJ,Rio de Janeiro,58696,NOVA IGUAÇU,588473,314082,273371
Sudeste,RJ,Rio de Janeiro,58718,PARACAMBI,33967,17726,16204
Sudeste,RJ,Rio de Janeiro,58750,PARATY,29712,15032,14655
Sudeste,RJ,Rio de Janeiro,58734,PARAÍBA DO SUL,34131,17895,16207
Sudeste,RJ,Rio de Janeiro,59315,PATY DO ALFERES,22821,11702,11096
Sudeste,RJ,Rio de Janeiro,58777,PETRÓPOLIS,243659,129925,113439
Sudeste,RJ,Rio de Janeiro,58246,PINHEIRAL,17410,9044,8333
Sudeste,RJ,Rio de Janeiro,58793,PIRAÍ,22456,11567,10853
Sudeste,RJ,Rio de Janeiro,58815,PORCIÚNCULA,14007,7256,6742
Sudeste,RJ,Rio de Janeiro,58327,PORTO REAL,17085,8719,8362
Sudeste,RJ,Rio de Janeiro,58025,QUATIS,10322,5231,5086
Sudeste,RJ,Rio de Janeiro,58122,QUEIMADOS,72971,41542,31429
Sudeste,RJ,Rio de Janeiro,58009,QUISSAMÃ,17728,9002,8712
Sudeste,RJ,Rio de Janeiro,58831,RESENDE,93967,48796,45129
Sudeste,RJ,Rio de Janeiro,58858,RIO BONITO,45312,23445,21802
Sudeste,RJ,Rio de Janeiro,58874,RIO CLARO,15484,7655,7825
Sudeste,RJ,Rio de Janeiro,58890,RIO DAS FLORES,8514,4361,4150
Sudeste,RJ,Rio de Janeiro,58203,RIO DAS OSTRAS,75978,41498,34480
Sudeste,RJ,Rio de Janeiro,60011,RIO DE JANEIRO,4891885,2669796,2216926
Sudeste,RJ,Rio de Janeiro,58912,SANTA MARIA MADALENA,8645,4213,4425
Sudeste,RJ,Rio de Janeiro,58939,SANTO ANTÔNIO DE PÁDUA,33368,17215,16108
Sudeste,RJ,Rio de Janeiro,59072,SAPUCAIA,16506,8391,8094
Sudeste,RJ,Rio de Janeiro,59099,SAQUAREMA,64889,33742,31110
Sudeste,RJ,Rio de Janeiro,58424,SEROPÉDICA,55045,28705,26273
Sudeste,RJ,Rio de Janeiro,59110,SILVA JARDIM,18757,9389,9341
Sudeste,RJ,Rio de Janeiro,59137,SUMIDOURO,13791,6819,6960
Sudeste,RJ,Rio de Janeiro,58955,SÃO FIDÉLIS,30621,15676,14907
Sudeste,RJ,Rio de Janeiro,58289,SÃO FRANCISCO DE ITABAPOANA,37049,18475,18498
Sudeste,RJ,Rio de Janeiro,58971,SÃO GONÇALO,678579,364520,313009
Sudeste,RJ,Rio de Janeiro,58343,SÃO JOSÉ DE UBÁ,7232,3609,3618
Sudeste,RJ,Rio de Janeiro,59331,SÃO JOSÉ DO VALE DO RIO PRETO,16167,8223,7932
Sudeste,RJ,Rio de Janeiro,58998,SÃO JOÃO DA BARRA,32872,17344,15528
Sudeste,RJ,Rio de Janeiro,59013,SÃO JOÃO DE MERITI,367866,195767,171171
Sudeste,RJ,Rio de Janeiro,59030,SÃO PEDRO DA ALDEIA,64063,33152,30840
Sudeste,RJ,Rio de Janeiro,59056,SÃO SEBASTIÃO DO ALTO,6732,3445,3287
Sudeste,RJ,Rio de Janeiro,58360,TANGUÁ,24402,12469,11911
Sudeste,RJ,Rio de Janeiro,59153,TERESÓPOLIS,129405,68596,60677
Sudeste,RJ,Rio de Janeiro,59170,TRAJANO DE MORAES,8134,4131,4003
Sudeste,RJ,Rio de Janeiro,59196,TRÊS RIOS,62319,33270,29016
Sudeste,RJ,Rio de Janeiro,59218,VALENÇA,58319,30579,27669
Sudeste,RJ,Rio de Janeiro,58084,VARRE-SAI,8141,4016,4123
Sudeste,RJ,Rio de Janeiro,59234,VASSOURAS,30214,15918,14269
Sudeste,RJ,Rio de Janeiro,59250,VOLTA REDONDA,224180,119661,104461
Nordeste,RN,Rio Grande do Norte,16012,ACARI,8874,4717,4157
Nordeste,RN,Rio Grande do Norte,16055,AFONSO BEZERRA,9280,4761,4519
Nordeste,RN,Rio Grande do Norte,16098,ALEXANDRIA,10802,5719,5083
Nordeste,RN,Rio Grande do Norte,16110,ALMINO AFONSO,4885,2477,2408
Nordeste,RN,Rio Grande do Norte,16136,ALTO DO RODRIGUES,10627,5424,5203
Nordeste,RN,Rio Grande do Norte,16152,ANGICOS,9032,4714,4318
Nordeste,RN,Rio Grande do Norte,16179,ANTÔNIO MARTINS,5329,2744,2585
Nordeste,RN,Rio Grande do Norte,16195,APODI,26886,14007,12877
Nordeste,RN,Rio Grande do Norte,16217,AREIA BRANCA,20431,10588,9843
Nordeste,RN,Rio Grande do Norte,16233,ARÊS,10302,5421,4881
Nordeste,RN,Rio Grande do Norte,16039,ASSÚ,41799,21859,19940
Nordeste,RN,Rio Grande do Norte,30031,BARAÚNA,19219,9734,9485
Nordeste,RN,Rio Grande do Norte,16292,BARCELONA,4413,2167,2246
Nordeste,RN,Rio Grande do Norte,16276,BAÍA FORMOSA,6671,3422,3249
Nordeste,RN,Rio Grande do Norte,16314,BENTO FERNANDES,4418,2202,2216
Nordeste,RN,Rio Grande do Norte,17035,BOA SAÚDE,6930,3518,3412
Nordeste,RN,Rio Grande do Norte,16101,BODÓ,2958,1438,1520
Nordeste,RN,Rio Grande do Norte,16330,BOM JESUS,7717,3914,3803
Nordeste,RN,Rio Grande do Norte,16357,BREJINHO,9496,4938,4558
Nordeste,RN,Rio Grande do Norte,16390,CAICÓ,42795,23008,19787
Nordeste,RN,Rio Grande do Norte,16047,CAIÇARA DO NORTE,4675,2369,2306
Nordeste,RN,Rio Grande do Norte,16373,CAIÇARA DO RIO DO VENTO,3331,1690,1641
Nordeste,RN,Rio Grande do Norte,16250,CAMPO GRANDE,8026,4073,3953
Nordeste,RN,Rio Grande do Norte,16411,CAMPO REDONDO,7452,3875,3577
Nordeste,RN,Rio Grande do Norte,16438,CANGUARETAMA,22793,11754,11039
Nordeste,RN,Rio Grande do Norte,16454,CARAÚBAS,18219,9437,8782
Nordeste,RN,Rio Grande do Norte,16497,CARNAUBAIS,8460,4278,4182
Nordeste,RN,Rio Grande do Norte,16470,CARNAÚBA DOS DANTAS,5687,2929,2758
Nordeste,RN,Rio Grande do Norte,16519,CEARÁ-MIRIM,51506,27340,24166
Nordeste,RN,Rio Grande do Norte,16535,CERRO CORÁ,8447,4330,4117
Nordeste,RN,Rio Grande do Norte,16551,CORONEL EZEQUIEL,4463,2284,2179
Nordeste,RN,Rio Grande do Norte,16578,CORONEL JOÃO PESSOA,3755,1922,1833
Nordeste,RN,Rio Grande do Norte,16594,CRUZETA,6608,3391,3217
Nordeste,RN,Rio Grande do Norte,16616,CURRAIS NOVOS,30007,16274,13733
Nordeste,RN,Rio Grande do Norte,16632,DOUTOR SEVERIANO,5262,2809,2453
Nordeste,RN,Rio Grande do Norte,16659,ENCANTO,4363,2286,2077
Nordeste,RN,Rio Grande do Norte,16675,EQUADOR,4465,2283,2182
Nordeste,RN,Rio Grande do Norte,16691,ESPÍRITO SANTO,6888,3596,3292
Nordeste,RN,Rio Grande do Norte,16713,EXTREMOZ,20521,11214,9307
Nordeste,RN,Rio Grande do Norte,16730,FELIPE GUERRA,6309,3264,3045
Nordeste,RN,Rio Grande do Norte,16144,FERNANDO PEDROZA,2807,1387,1420
Nordeste,RN,Rio Grande do Norte,16756,FLORÂNIA,7543,3855,3688
Nordeste,RN,Rio Grande do Norte,16772,FRANCISCO DANTAS,2635,1347,1288
Nordeste,RN,Rio Grande do Norte,17515,FRUTUOSO GOMES,3917,2026,1891
Nordeste,RN,Rio Grande do Norte,16799,GALINHOS,2354,1158,1196
Nordeste,RN,Rio Grande do Norte,16810,GOIANINHA,19138,9957,9181
Nordeste,RN,Rio Grande do Norte,16837,GOVERNADOR DIX-SEPT ROSADO,11356,5780,5576
Nordeste,RN,Rio Grande do Norte,16853,GROSSOS,7967,4069,3898
Nordeste,RN,Rio Grande do Norte,16870,GUAMARÉ,13726,7035,6691
Nordeste,RN,Rio Grande do Norte,16896,IELMO MARINHO,10202,5034,5168
Nordeste,RN,Rio Grande do Norte,16918,IPANGUAÇU,11906,6130,5776
Nordeste,RN,Rio Grande do Norte,16934,IPUEIRA,1781,917,864
Nordeste,RN,Rio Grande do Norte,16080,ITAJÁ,6295,3162,3133
Nordeste,RN,Rio Grande do Norte,16950,ITAÚ,4477,2354,2123
Nordeste,RN,Rio Grande do Norte,16993,JANDAÍRA,5178,2613,2565
Nordeste,RN,Rio Grande do Norte,17019,JANDUÍS,4117,2185,1932
Nordeste,RN,Rio Grande do Norte,17051,JAPI,5097,2654,2443
Nordeste,RN,Rio Grande do Norte,17078,JARDIM DE ANGICOS,2507,1228,1279
Nordeste,RN,Rio Grande do Norte,17094,JARDIM DE PIRANHAS,10297,5335,4962
Nordeste,RN,Rio Grande do Norte,17116,JARDIM DO SERIDÓ,9711,5130,4580
Nordeste,RN,Rio Grande do Norte,16977,JAÇANÃ,5500,2875,2625
Nordeste,RN,Rio Grande do Norte,17175,JOSÉ DA PENHA,4793,2553,2240
Nordeste,RN,Rio Grande do Norte,17132,JOÃO CÂMARA,22916,12222,10694
Nordeste,RN,Rio Grande do Norte,17159,JOÃO DIAS,2669,1369,1300
Nordeste,RN,Rio Grande do Norte,17191,JUCURUTU,14025,7266,6759
Nordeste,RN,Rio Grande do Norte,16306,JUNDIÁ,3737,1843,1894
Nordeste,RN,Rio Grande do Norte,17230,LAGOA D'ANTA,4833,2515,2318
Nordeste,RN,Rio Grande do Norte,17256,LAGOA DE PEDRAS,6515,3253,3262
Nordeste,RN,Rio Grande do Norte,17272,LAGOA DE VELHOS,3187,1528,1659
Nordeste,RN,Rio Grande do Norte,17299,LAGOA NOVA,11432,6049,5383
Nordeste,RN,Rio Grande do Norte,17310,LAGOA SALGADA,8603,4341,4262
Nordeste,RN,Rio Grande do Norte,17337,LAJES,8215,4270,3945
Nordeste,RN,Rio Grande do Norte,17353,LAJES PINTADAS,4627,2312,2315
Nordeste,RN,Rio Grande do Norte,17370,LUCRÉCIA,3264,1680,1584
Nordeste,RN,Rio Grande do Norte,17396,LUÍS GOMES,6871,3603,3268
Nordeste,RN,Rio Grande do Norte,17434,MACAU,22076,11632,10444
Nordeste,RN,Rio Grande do Norte,17418,MACAÍBA,49803,26453,23350
Nordeste,RN,Rio Grande do Norte,16160,MAJOR SALES,2802,1463,1339
Nordeste,RN,Rio Grande do Norte,17450,MARCELINO VIEIRA,6172,3215,2957
Nordeste,RN,Rio Grande do Norte,17477,MARTINS,6375,3379,2996
Nordeste,RN,Rio Grande do Norte,17493,MAXARANGUAPE,8028,4107,3921
Nordeste,RN,Rio Grande do Norte,17213,MESSIAS TARGINO,4020,2080,1940
Nordeste,RN,Rio Grande do Norte,17531,MONTANHAS,8156,4270,3886
Nordeste,RN,Rio Grande do Norte,17558,MONTE ALEGRE,16267,8458,7809
Nordeste,RN,Rio Grande do Norte,17574,MONTE DAS GAMELEIRAS,2410,1210,1200
Nordeste,RN,Rio Grande do Norte,17590,MOSSORÓ,174189,93168,81017
Nordeste,RN,Rio Grande do Norte,17612,NATAL,557109,307679,249424
Nordeste,RN,Rio Grande do Norte,17655,NOVA CRUZ,24218,13050,11168
Nordeste,RN,Rio Grande do Norte,17639,NÍSIA FLORESTA,20012,10112,9900
Nordeste,RN,Rio Grande do Norte,17671,OLHO D'ÁGUA DO BORGES,4012,1976,2036
Nordeste,RN,Rio Grande do Norte,17698,OURO BRANCO,3925,1981,1944
Nordeste,RN,Rio Grande do Norte,17710,PARANÁ,3246,1604,1642
Nordeste,RN,Rio Grande do Norte,17752,PARAZINHO,4545,2359,2186
Nordeste,RN,Rio Grande do Norte,17736,PARAÚ,4127,2085,2042
Nordeste,RN,Rio Grande do Norte,17779,PARELHAS,16454,8575,7879
Nordeste,RN,Rio Grande do Norte,17795,PARNAMIRIM,119014,64912,54102
Nordeste,RN,Rio Grande do Norte,17817,PASSA E FICA,8626,4533,4093
Nordeste,RN,Rio Grande do Norte,17833,PASSAGEM,2980,1521,1459
Nordeste,RN,Rio Grande do Norte,17850,PATU,8748,4659,4089
Nordeste,RN,Rio Grande do Norte,17876,PAU DOS FERROS,19443,10529,8914
Nordeste,RN,Rio Grande do Norte,17892,PEDRA GRANDE,3640,1830,1810
Nordeste,RN,Rio Grande do Norte,17914,PEDRA PRETA,2713,1292,1421
Nordeste,RN,Rio Grande do Norte,17930,PEDRO AVELINO,6931,3416,3515
Nordeste,RN,Rio Grande do Norte,17957,PEDRO VELHO,10442,5420,5022
Nordeste,RN,Rio Grande do Norte,17973,PENDÊNCIAS,10240,5294,4946
Nordeste,RN,Rio Grande do Norte,17990,PILÕES,3461,1747,1714
Nordeste,RN,Rio Grande do Norte,18031,PORTALEGRE,5728,3004,2724
Nordeste,RN,Rio Grande do Norte,16284,PORTO DO MANGUE,4488,2196,2292
Nordeste,RN,Rio Grande do Norte,18015,POÇO BRANCO,9942,5089,4853
Nordeste,RN,Rio Grande do Norte,18074,PUREZA,7234,3655,3579
Nordeste,RN,Rio Grande do Norte,18090,RAFAEL FERNANDES,4325,2193,2132
Nordeste,RN,Rio Grande do Norte,18937,RAFAEL GODEIRO,3699,1833,1866
Nordeste,RN,Rio Grande do Norte,18112,RIACHO DA CRUZ,2640,1323,1317
Nordeste,RN,Rio Grande do Norte,18139,RIACHO DE SANTANA,3410,1734,1676
Nordeste,RN,Rio Grande do Norte,18155,RIACHUELO,5535,2826,2709
Nordeste,RN,Rio Grande do Norte,16268,RIO DO FOGO,8549,4437,4112
Nordeste,RN,Rio Grande do Norte,18171,RODOLFO FERNANDES,3777,1984,1793
Nordeste,RN,Rio Grande do Norte,18198,RUY BARBOSA,3743,1821,1922
Nordeste,RN,Rio Grande do Norte,18236,SANTA CRUZ,23724,12711,11013
Nordeste,RN,Rio Grande do Norte,16241,SANTA MARIA,4154,2083,2071
Nordeste,RN,Rio Grande do Norte,18279,SANTANA DO MATOS,10911,5661,5250
Nordeste,RN,Rio Grande do Norte,18252,SANTANA DO SERIDÓ,2428,1207,1221
Nordeste,RN,Rio Grande do Norte,18295,SANTO ANTÔNIO,16293,8538,7755
Nordeste,RN,Rio Grande do Norte,18597,SENADOR ELÓI DE SOUZA,4918,2463,2455
Nordeste,RN,Rio Grande do Norte,18619,SENADOR GEORGINO AVELINO,3450,1823,1627
Nordeste,RN,Rio Grande do Norte,18058,SERRA CAIADA,7211,3699,3512
Nordeste,RN,Rio Grande do Norte,18635,SERRA DE SÃO BENTO,4849,2518,2331
Nordeste,RN,Rio Grande do Norte,16020,SERRA DO MEL,9648,4799,4849
Nordeste,RN,Rio Grande do Norte,18651,SERRA NEGRA DO NORTE,5989,3139,2850
Nordeste,RN,Rio Grande do Norte,18678,SERRINHA,6170,3001,3169
Nordeste,RN,Rio Grande do Norte,16209,SERRINHA DOS PINTOS,3726,1894,1832
Nordeste,RN,Rio Grande do Norte,18694,SEVERIANO MELO,6259,3228,3031
Nordeste,RN,Rio Grande do Norte,18317,SÃO BENTO DO NORTE,3220,1598,1622
Nordeste,RN,Rio Grande do Norte,18333,SÃO BENTO DO TRAIRÍ,3810,1939,1871
Nordeste,RN,Rio Grande do Norte,18350,SÃO FERNANDO,3310,1664,1646
Nordeste,RN,Rio Grande do Norte,18210,SÃO FRANCISCO DO OESTE,3798,1872,1926
Nordeste,RN,Rio Grande do Norte,18376,SÃO GONÇALO DO AMARANTE,65066,34436,30630
Nordeste,RN,Rio Grande do Norte,18414,SÃO JOSÉ DE MIPIBU,30000,15672,14328
Nordeste,RN,Rio Grande do Norte,18430,SÃO JOSÉ DO CAMPESTRE,9666,5052,4614
Nordeste,RN,Rio Grande do Norte,18457,SÃO JOSÉ DO SERIDÓ,3949,2010,1939
Nordeste,RN,Rio Grande do Norte,18392,SÃO JOÃO DO SABUGI,4774,2463,2311
Nordeste,RN,Rio Grande do Norte,18473,SÃO MIGUEL,16611,9091,7519
Nordeste,RN,Rio Grande do Norte,16063,SÃO MIGUEL DO GOSTOSO,7508,3749,3759
Nordeste,RN,Rio Grande do Norte,18490,SÃO PAULO DO POTENGI,12456,6594,5862
Nordeste,RN,Rio Grande do Norte,18511,SÃO PEDRO,5703,2881,2822
Nordeste,RN,Rio Grande do Norte,18538,SÃO RAFAEL,6720,3455,3265
Nordeste,RN,Rio Grande do Norte,18554,SÃO TOMÉ,9279,4694,4585
Nordeste,RN,Rio Grande do Norte,18570,SÃO VICENTE,4832,2510,2322
Nordeste,RN,Rio Grande do Norte,18716,SÍTIO NOVO,4419,2190,2229
Nordeste,RN,Rio Grande do Norte,18732,TABOLEIRO GRANDE,2447,1276,1171
Nordeste,RN,Rio Grande do Norte,18759,TAIPU,9715,4851,4864
Nordeste,RN,Rio Grande do Norte,18775,TANGARÁ,11313,5858,5455
Nordeste,RN,Rio Grande do Norte,18791,TENENTE ANANIAS,7342,3801,3541
Nordeste,RN,Rio Grande do Norte,16004,TENENTE LAURENTINO CRUZ,4638,2374,2264
Nordeste,RN,Rio Grande do Norte,16225,TIBAU,4814,2444,2370
Nordeste,RN,Rio Grande do Norte,18813,TIBAU DO SUL,10397,5279,5118
Nordeste,RN,Rio Grande do Norte,18830,TIMBAÚBA DOS BATISTAS,2425,1251,1174
Nordeste,RN,Rio Grande do Norte,18856,TOUROS,23394,12052,11342
Nordeste,RN,Rio Grande do Norte,16128,TRIUNFO POTIGUAR,3655,1824,1831
Nordeste,RN,Rio Grande do Norte,18872,UMARIZAL,8276,4418,3858
Nordeste,RN,Rio Grande do Norte,18899,UPANEMA,10538,5285,5253
Nordeste,RN,Rio Grande do Norte,16187,VENHA-VER,3373,1693,1680
Nordeste,RN,Rio Grande do Norte,18953,VERA CRUZ,9709,4976,4733
Nordeste,RN,Rio Grande do Norte,18996,VILA FLOR,2653,1342,1311
Nordeste,RN,Rio Grande do Norte,18970,VIÇOSA,1697,892,805
Nordeste,RN,Rio Grande do Norte,18910,VÁRZEA,4278,2199,2079
Nordeste,RN,Rio Grande do Norte,16071,ÁGUA NOVA,2551,1281,1270
Norte,RO,Rondônia,310,ALTA FLORESTA D'OESTE,18789,9173,9616
Norte,RO,Rondônia,736,ALTO ALEGRE DOS PARECIS,8097,3939,4158
Norte,RO,Rondônia,639,ALTO PARAÍSO,11942,5764,6178
Norte,RO,Rondônia,337,ALVORADA DO OESTE,12144,5999,6145
Norte,RO,Rondônia,78,ARIQUEMES,66945,34631,32314
Norte,RO,Rondônia,779,BURITIS,23065,11388,11677
Norte,RO,Rondônia,450,CABIXI,4605,2228,2377
Norte,RO,Rondônia,620,CACAULÂNDIA,3933,1934,1999
Norte,RO,Rondônia,94,CACOAL,60905,31806,29099
Norte,RO,Rondônia,671,CAMPO NOVO DE RONDÔNIA,7980,3746,4234
Norte,RO,Rondônia,477,CANDEIAS DO JAMARI,17683,8610,9073
Norte,RO,Rondônia,531,CASTANHEIRAS,3065,1473,1592
Norte,RO,Rondônia,272,CEREJEIRAS,12238,6323,5915
Norte,RO,Rondônia,809,CHUPINGUAIA,6472,3034,3438
Norte,RO,Rondônia,230,COLORADO DO OESTE,13734,6914,6820
Norte,RO,Rondônia,655,CORUMBIARA,5607,2653,2954
Norte,RO,Rondônia,213,COSTA MARQUES,8828,4201,4627
Norte,RO,Rondônia,680,CUJUBIM,10694,5309,5385
Norte,RO,Rondônia,256,ESPIGÃO DO OESTE,23293,11594,11699
Norte,RO,Rondônia,612,GOVERNADOR JORGE TEIXEIRA,7402,3540,3862
Norte,RO,Rondônia,19,GUAJARÁ-MIRIM,28509,14651,13858
Norte,RO,Rondônia,493,ITAPUÃ DO OESTE,6520,3139,3381
Norte,RO,Rondônia,159,JARU,40137,20200,19937
Norte,RO,Rondônia,51,JI-PARANÁ,85978,45035,40943
Norte,RO,Rondônia,396,MACHADINHO D'OESTE,23091,11050,12041
Norte,RO,Rondônia,604,MINISTRO ANDREAZZA,5727,2884,2843
Norte,RO,Rondônia,574,MIRANTE DA SERRA,8784,4343,4441
Norte,RO,Rondônia,663,MONTE NEGRO,9889,4887,5002
Norte,RO,Rondônia,370,NOVA BRASILÂNDIA D'OESTE,14059,6831,7228
Norte,RO,Rondônia,434,NOVA MAMORÉ,17004,8273,8731
Norte,RO,Rondônia,744,NOVA UNIÃO,5647,2732,2915
Norte,RO,Rondônia,515,NOVO HORIZONTE DO OESTE,6610,3237,3373
Norte,RO,Rondônia,175,OURO PRETO DO OESTE,29469,15204,14265
Norte,RO,Rondônia,701,PARECIS,3073,1445,1628
Norte,RO,Rondônia,116,PIMENTA BUENO,26269,13245,13024
Norte,RO,Rondônia,787,PIMENTEIRAS DO OESTE,1747,822,925
Norte,RO,Rondônia,35,PORTO VELHO,334529,173831,160697
Norte,RO,Rondônia,191,PRESIDENTE MÉDICI,14813,7636,7177
Norte,RO,Rondônia,728,PRIMAVERA DE RONDÔNIA,2773,1354,1419
Norte,RO,Rondônia,647,RIO CRESPO,3043,1441,1602
Norte,RO,Rondônia,299,ROLIM DE MOURA,38258,19978,18280
Norte,RO,Rondônia,353,SANTA LUZIA D'OESTE,6443,3222,3221
Norte,RO,Rondônia,582,SERINGUEIRAS,9138,4342,4796
Norte,RO,Rondônia,710,SÃO FELIPE D'OESTE,4372,2115,2257
Norte,RO,Rondônia,795,SÃO FRANCISCO DO GUAPORÉ,11085,5451,5634
Norte,RO,Rondônia,418,SÃO MIGUEL DO GUAPORÉ,16478,8043,8435
Norte,RO,Rondônia,752,TEIXEIRÓPOLIS,4164,1991,2173
Norte,RO,Rondônia,590,THEOBROMA,8303,3875,4428
Norte,RO,Rondônia,566,URUPÁ,9293,4502,4791
Norte,RO,Rondônia,698,VALE DO ANARI,6225,2946,3279
Norte,RO,Rondônia,558,VALE DO PARAÍSO,6418,3111,3307
Norte,RO,Rondônia,132,VILHENA,60464,31609,28855
Norte,RR,Roraima,3050,ALTO ALEGRE,9537,4611,4926
Norte,RR,Roraima,3042,AMAJARI,5716,2662,3054
Norte,RR,Roraima,3018,BOA VISTA,218304,114227,104077
Norte,RR,Roraima,3077,BONFIM,8379,4297,4082
Norte,RR,Roraima,3069,CANTÁ,11001,5297,5704
Norte,RR,Roraima,3034,CARACARAÍ,12489,6133,6356
Norte,RR,Roraima,3000,CAROEBE,5639,2696,2943
Norte,RR,Roraima,3026,IRACEMA,5025,2417,2608
Norte,RR,Roraima,3093,MUCAJAÍ,11227,5532,5695
Norte,RR,Roraima,3115,NORMANDIA,6395,3185,3210
Norte,RR,Roraima,3123,PACARAIMA,7573,3894,3679
Norte,RR,Roraima,3085,RORAINÓPOLIS,17533,8683,8850
Norte,RR,Roraima,3131,SÃO JOÃO DA BALIZA,4352,2050,2302
Norte,RR,Roraima,3158,SÃO LUIZ,4883,2303,2580
Norte,RR,Roraima,3107,UIRAMUTÃ,5411,2752,2659
Sul,RS,Rio Grande do Sul,88986,ACEGUÁ,3655,1828,1827
Sul,RS,Rio Grande do Sul,85014,AGUDO,11910,5992,5918
Sul,RS,Rio Grande do Sul,85030,AJURICABA,5886,3015,2871
Sul,RS,Rio Grande do Sul,85057,ALECRIM,5182,2539,2643
Sul,RS,Rio Grande do Sul,85073,ALEGRETE,60101,31189,28912
Sul,RS,Rio Grande do Sul,85545,ALEGRIA,3169,1557,1612
Sul,RS,Rio Grande do Sul,89001,ALMIRANTE TAMANDARÉ DO SUL,1881,927,954
Sul,RS,Rio Grande do Sul,85090,ALPESTRE,6099,2929,3170
Sul,RS,Rio Grande do Sul,84808,ALTO ALEGRE,1691,839,852
Sul,RS,Rio Grande do Sul,86282,ALTO FELIZ,2559,1236,1323
Sul,RS,Rio Grande do Sul,85111,ALVORADA,128956,69475,59481
Sul,RS,Rio Grande do Sul,86045,AMARAL FERRADOR,4547,2220,2327
Sul,RS,Rio Grande do Sul,86304,AMETISTA DO SUL,5261,2623,2638
Sul,RS,Rio Grande do Sul,86100,ANDRÉ DA ROCHA,1250,597,653
Sul,RS,Rio Grande do Sul,85138,ANTA GORDA,4829,2393,2436
Sul,RS,Rio Grande do Sul,85154,ANTÔNIO PRADO,9988,5047,4941
Sul,RS,Rio Grande do Sul,86320,ARAMBARÉ,3351,1727,1624
Sul,RS,Rio Grande do Sul,88862,ARARICÁ,4987,2523,2464
Sul,RS,Rio Grande do Sul,85170,ARATIBA,6052,2971,3081
Sul,RS,Rio Grande do Sul,85197,ARROIO DO MEIO,15575,7877,7698
Sul,RS,Rio Grande do Sul,89028,ARROIO DO PADRE,2642,1271,1371
Sul,RS,Rio Grande do Sul,85308,ARROIO DO SAL,6825,3545,3280
Sul,RS,Rio Grande do Sul,85235,ARROIO DO TIGRE,10521,5254,5267
Sul,RS,Rio Grande do Sul,85219,ARROIO DOS RATOS,10015,5281,4734
Sul,RS,Rio Grande do Sul,85251,ARROIO GRANDE,14338,7369,6969
Sul,RS,Rio Grande do Sul,85278,ARVOREZINHA,8694,4371,4323
Sul,RS,Rio Grande do Sul,85294,AUGUSTO PESTANA,5492,2812,2680
Sul,RS,Rio Grande do Sul,85316,BAGÉ,92121,49070,43051
Sul,RS,Rio Grande do Sul,88927,BALNEÁRIO PINHAL,8074,4306,3768
Sul,RS,Rio Grande do Sul,86363,BARRA DO GUARITA,2278,1131,1147
Sul,RS,Rio Grande do Sul,88625,BARRA DO QUARAÍ,2783,1395,1388
Sul,RS,Rio Grande do Sul,85375,BARRA DO RIBEIRO,9782,4996,4786
Sul,RS,Rio Grande do Sul,86380,BARRA DO RIO AZUL,1760,829,931
Sul,RS,Rio Grande do Sul,86401,BARRA FUNDA,2604,1289,1315
Sul,RS,Rio Grande do Sul,85359,BARRACÃO,4292,2132,2160
Sul,RS,Rio Grande do Sul,85391,BARROS CASSAL,7977,3906,4071
Sul,RS,Rio Grande do Sul,86223,BARÃO,4746,2326,2420
Sul,RS,Rio Grande do Sul,85332,BARÃO DE COTEGIPE,5077,2481,2596
Sul,RS,Rio Grande do Sul,86347,BARÃO DO TRIUNFO,4200,1946,2254
Sul,RS,Rio Grande do Sul,88420,BENJAMIN CONSTANT DO SUL,1939,928,1011
Sul,RS,Rio Grande do Sul,85413,BENTO GONÇALVES,89380,46392,42988
Sul,RS,Rio Grande do Sul,86428,BOA VISTA DAS MISSÕES,1886,954,932
Sul,RS,Rio Grande do Sul,85430,BOA VISTA DO BURICÁ,5341,2677,2664
Sul,RS,Rio Grande do Sul,89044,BOA VISTA DO CADEADO,1983,949,1034
Sul,RS,Rio Grande do Sul,89060,BOA VISTA DO INCRA,2072,1045,1027
Sul,RS,Rio Grande do Sul,88161,BOA VISTA DO SUL,2448,1149,1299
Sul,RS,Rio Grande do Sul,85456,BOM JESUS,8341,4254,4087
Sul,RS,Rio Grande do Sul,98230,BOM PRINCÍPIO,9895,4971,4924
Sul,RS,Rio Grande do Sul,86444,BOM PROGRESSO,2074,1040,1034
Sul,RS,Rio Grande do Sul,85472,BOM RETIRO DO SUL,9455,4914,4541
Sul,RS,Rio Grande do Sul,84921,BOQUEIRÃO DO LEÃO,5369,2621,2748
Sul,RS,Rio Grande do Sul,85499,BOSSOROCA,4819,2380,2439
Sul,RS,Rio Grande do Sul,89087,BOZANO,2307,1157,1150
Sul,RS,Rio Grande do Sul,85510,BRAGA,2843,1434,1409
Sul,RS,Rio Grande do Sul,85065,BROCHIER,3703,1795,1908
Sul,RS,Rio Grande do Sul,85537,BUTIÁ,14167,7469,6698
Sul,RS,Rio Grande do Sul,85570,CACEQUI,8292,4352,3940
Sul,RS,Rio Grande do Sul,85596,CACHOEIRA DO SUL,68844,35995,32849
Sul,RS,Rio Grande do Sul,85618,CACHOEIRINHA,102562,54087,48475
Sul,RS,Rio Grande do Sul,85634,CACIQUE DOBLE,3868,1924,1944
Sul,RS,Rio Grande do Sul,85650,CAIBATÉ,3925,1965,1960
Sul,RS,Rio Grande do Sul,85677,CAIÇARA,4037,1986,2051
Sul,RS,Rio Grande do Sul,85693,CAMAQUÃ,51231,26519,24712
Sul,RS,Rio Grande do Sul,85960,CAMARGO,2361,1177,1184
Sul,RS,Rio Grande do Sul,85715,CAMBARÁ DO SUL,4883,2396,2487
Sul,RS,Rio Grande do Sul,86460,CAMPESTRE DA SERRA,2578,1255,1323
Sul,RS,Rio Grande do Sul,85731,CAMPINA DAS MISSÕES,5080,2512,2568
Sul,RS,Rio Grande do Sul,85758,CAMPINAS DO SUL,4516,2346,2170
Sul,RS,Rio Grande do Sul,85774,CAMPO BOM,52264,27177,25087
Sul,RS,Rio Grande do Sul,85790,CAMPO NOVO,4160,2108,2052
Sul,RS,Rio Grande do Sul,85200,CAMPOS BORGES,3123,1547,1576
Sul,RS,Rio Grande do Sul,85812,CANDELÁRIA,20950,10851,10099
Sul,RS,Rio Grande do Sul,86487,CANDIOTA,7306,3446,3860
Sul,RS,Rio Grande do Sul,85855,CANELA,31263,16447,14816
Sul,RS,Rio Grande do Sul,85871,CANGUÇU,44673,22009,22664
Sul,RS,Rio Grande do Sul,85898,CANOAS,252200,134218,117982
Sul,RS,Rio Grande do Sul,89109,CANUDOS DO VALE,1765,801,964
Sul,RS,Rio Grande do Sul,84891,CAPELA DE SANTANA,7087,3591,3496
Sul,RS,Rio Grande do Sul,86509,CAPITÃO,2456,1184,1272
Sul,RS,Rio Grande do Sul,88200,CAPIVARI DO SUL,3482,1743,1739
Sul,RS,Rio Grande do Sul,89125,CAPÃO BONITO DO SUL,1952,892,1060
Sul,RS,Rio Grande do Sul,89150,CAPÃO DA CANOA,37401,19984,17417
Sul,RS,Rio Grande do Sul,89141,CAPÃO DO CIPÓ,2705,1296,1409
Sul,RS,Rio Grande do Sul,89737,CAPÃO DO LEÃO,16270,8543,7727
Sul,RS,Rio Grande do Sul,85910,CARAZINHO,47272,25307,21965
Sul,RS,Rio Grande do Sul,88340,CARAÁ,6087,2817,3270
Sul,RS,Rio Grande do Sul,85936,CARLOS BARBOSA,20699,10560,10139
Sul,RS,Rio Grande do Sul,86525,CARLOS GOMES,1392,669,723
Sul,RS,Rio Grande do Sul,85952,CASCA,7619,3891,3728
Sul,RS,Rio Grande do Sul,85880,CASEIROS,2702,1314,1388
Sul,RS,Rio Grande do Sul,85979,CATUÍPE,7155,3688,3467
Sul,RS,Rio Grande do Sul,85995,CAXIAS DO SUL,322901,170288,152613
Sul,RS,Rio Grande do Sul,85553,CAÇAPAVA DO SUL,23362,12405,10957
Sul,RS,Rio Grande do Sul,86541,CENTENÁRIO,2528,1186,1342
Sul,RS,Rio Grande do Sul,88641,CERRITO,5418,2677,2741
Sul,RS,Rio Grande do Sul,86088,CERRO BRANCO,3679,1789,1890
Sul,RS,Rio Grande do Sul,85227,CERRO GRANDE,2225,1085,1140
Sul,RS,Rio Grande do Sul,85944,CERRO GRANDE DO SUL,6727,3318,3409
Sul,RS,Rio Grande do Sul,86010,CERRO LARGO,9525,4908,4617
Sul,RS,Rio Grande do Sul,86037,CHAPADA,7509,3879,3630
Sul,RS,Rio Grande do Sul,86932,CHARQUEADAS,25219,13096,12123
Sul,RS,Rio Grande do Sul,86568,CHARRUA,2301,1151,1150
Sul,RS,Rio Grande do Sul,86053,CHIAPETTA,3430,1727,1703
Sul,RS,Rio Grande do Sul,88269,CHUVISCA,4050,1930,2120
Sul,RS,Rio Grande do Sul,88846,CHUÍ,3945,2136,1809
Sul,RS,Rio Grande do Sul,85804,CIDREIRA,9253,4981,4272
Sul,RS,Rio Grande do Sul,86070,CIRÍACO,3624,1786,1838
Sul,RS,Rio Grande do Sul,86584,COLINAS,2241,1091,1150
Sul,RS,Rio Grande do Sul,86096,COLORADO,3048,1570,1478
Sul,RS,Rio Grande do Sul,86118,CONDOR,5550,2812,2738
Sul,RS,Rio Grande do Sul,86134,CONSTANTINA,7960,4107,3853
Sul,RS,Rio Grande do Sul,89168,COQUEIRO BAIXO,1325,634,691
Sul,RS,Rio Grande do Sul,86606,COQUEIROS DO SUL,2268,1114,1154
Sul,RS,Rio Grande do Sul,86622,CORONEL BARROS,2412,1208,1204
Sul,RS,Rio Grande do Sul,86150,CORONEL BICACO,5895,3007,2888
Sul,RS,Rio Grande do Sul,89184,CORONEL PILAR,1442,675,767
Sul,RS,Rio Grande do Sul,89770,COTIPORÃ,3404,1608,1796
Sul,RS,Rio Grande do Sul,86649,COXILHA,2464,1226,1238
Sul,RS,Rio Grande do Sul,86177,CRISSIUMAL,10654,5451,5203
Sul,RS,Rio Grande do Sul,85464,CRISTAL,6183,3076,3107
Sul,RS,Rio Grande do Sul,88528,CRISTAL DO SUL,2416,1191,1225
Sul,RS,Rio Grande do Sul,86193,CRUZ ALTA,48334,26100,22234
Sul,RS,Rio Grande do Sul,89206,CRUZALTENSE,1979,939,1040
Sul,RS,Rio Grande do Sul,86215,CRUZEIRO DO SUL,8904,4553,4351
Sul,RS,Rio Grande do Sul,85839,CÂNDIDO GODÓI,5388,2657,2731
Sul,RS,Rio Grande do Sul,86231,DAVID CANABARRO,3928,1928,2000
Sul,RS,Rio Grande do Sul,86665,DERRUBADAS,2697,1343,1354
Sul,RS,Rio Grande do Sul,85049,DEZESSEIS DE NOVEMBRO,2537,1230,1307
Sul,RS,Rio Grande do Sul,88188,DILERMANDO DE AGUIAR,2799,1337,1462
Sul,RS,Rio Grande do Sul,86258,DOIS IRMÃOS,23714,12248,11466
Sul,RS,Rio Grande do Sul,86681,DOIS IRMÃOS DAS MISSÕES,1876,915,961
Sul,RS,Rio Grande do Sul,84824,DOIS LAJEADOS,2824,1399,1425
Sul,RS,Rio Grande do Sul,86274,DOM FELICIANO,10278,5041,5237
Sul,RS,Rio Grande do Sul,86290,DOM PEDRITO,30099,15825,14274
Sul,RS,Rio Grande do Sul,88463,DOM PEDRO DE ALCÂNTARA,2389,1136,1253
Sul,RS,Rio Grande do Sul,86312,DONA FRANCISCA,3066,1570,1496
Sul,RS,Rio Grande do Sul,84883,DOUTOR MAURÍCIO CARDOSO,3964,1987,1977
Sul,RS,Rio Grande do Sul,88307,DOUTOR RICARDO,1965,963,1002
Sul,RS,Rio Grande do Sul,86240,ELDORADO DO SUL,20980,11242,9738
Sul,RS,Rio Grande do Sul,86339,ENCANTADO,17583,9214,8369
Sul,RS,Rio Grande do Sul,86355,ENCRUZILHADA DO SUL,17998,9145,8853
Sul,RS,Rio Grande do Sul,86703,ENGENHO VELHO,1198,599,599
Sul,RS,Rio Grande do Sul,85928,ENTRE RIOS DO SUL,2670,1316,1354
Sul,RS,Rio Grande do Sul,85103,ENTRE-IJUÍS,6959,3495,3464
Sul,RS,Rio Grande do Sul,85081,EREBANGO,2525,1259,1266
Sul,RS,Rio Grande do Sul,86371,ERECHIM,78822,42149,36673
Sul,RS,Rio Grande do Sul,85022,ERNESTINA,2678,1354,1324
Sul,RS,Rio Grande do Sul,86410,ERVAL GRANDE,4110,2009,2101
Sul,RS,Rio Grande do Sul,86436,ERVAL SECO,5395,2747,2648
Sul,RS,Rio Grande do Sul,86452,ESMERALDA,2637,1327,1310
Sul,RS,Rio Grande do Sul,88285,ESPERANÇA DO SUL,2730,1326,1404
Sul,RS,Rio Grande do Sul,86479,ESPUMOSO,12201,6293,5908
Sul,RS,Rio Grande do Sul,85286,ESTAÇÃO,4839,2484,2355
Sul,RS,Rio Grande do Sul,86517,ESTEIO,68809,36302,32507
Sul,RS,Rio Grande do Sul,86533,ESTRELA,25786,13442,12344
Sul,RS,Rio Grande do Sul,88404,ESTRELA VELHA,2920,1394,1526
Sul,RS,Rio Grande do Sul,86495,ESTÂNCIA VELHA,35212,18297,16915
Sul,RS,Rio Grande do Sul,85448,EUGÊNIO DE CASTRO,2357,1185,1172
Sul,RS,Rio Grande do Sul,84930,FAGUNDES VARELA,2262,1103,1159
Sul,RS,Rio Grande do Sul,86550,FARROUPILHA,55589,28674,26915
Sul,RS,Rio Grande do Sul,86576,FAXINAL DO SOTURNO,5575,2869,2706
Sul,RS,Rio Grande do Sul,86029,FAXINALZINHO,2283,1125,1158
Sul,RS,Rio Grande do Sul,88366,FAZENDA VILANOVA,3192,1581,1611
Sul,RS,Rio Grande do Sul,86592,FELIZ,10210,5188,5022
Sul,RS,Rio Grande do Sul,86614,FLORES DA CUNHA,22857,11578,11279
Sul,RS,Rio Grande do Sul,88242,FLORIANO PEIXOTO,1814,837,977
Sul,RS,Rio Grande do Sul,86630,FONTOURA XAVIER,8166,3975,4191
Sul,RS,Rio Grande do Sul,86657,FORMIGUEIRO,5563,2749,2814
Sul,RS,Rio Grande do Sul,89222,FORQUETINHA,2286,1090,1196
Sul,RS,Rio Grande do Sul,98272,FORTALEZA DOS VALOS,3545,1850,1695
Sul,RS,Rio Grande do Sul,86673,FREDERICO WESTPHALEN,25128,13201,11927
Sul,RS,Rio Grande do Sul,86690,GARIBALDI,23668,12269,11399
Sul,RS,Rio Grande do Sul,86720,GARRUCHOS,2648,1282,1366
Sul,RS,Rio Grande do Sul,86711,GAURAMA,5077,2557,2520
Sul,RS,Rio Grande do Sul,86738,GENERAL CÂMARA,5845,2933,2912
Sul,RS,Rio Grande do Sul,86746,GENTIL,1535,727,808
Sul,RS,Rio Grande do Sul,86770,GETÚLIO VARGAS,13343,6997,6346
Sul,RS,Rio Grande do Sul,86797,GIRUÁ,12405,6421,5984
Sul,RS,Rio Grande do Sul,85502,GLORINHA,6284,3064,3220
Sul,RS,Rio Grande do Sul,86819,GRAMADO,31354,16483,14871
Sul,RS,Rio Grande do Sul,86762,GRAMADO DOS LOUREIROS,2057,998,1059
Sul,RS,Rio Grande do Sul,86789,GRAMADO XAVIER,2854,1382,1472
Sul,RS,Rio Grande do Sul,86835,GRAVATAÍ,189422,99203,90219
Sul,RS,Rio Grande do Sul,84867,GUABIJU,1384,665,719
Sul,RS,Rio Grande do Sul,86878,GUAPORÉ,17611,9262,8349
Sul,RS,Rio Grande do Sul,86894,GUARANI DAS MISSÕES,5756,2911,2845
Sul,RS,Rio Grande do Sul,86851,GUAÍBA,74115,38995,35120
Sul,RS,Rio Grande do Sul,85189,HARMONIA,3624,1803,1821
Sul,RS,Rio Grande do Sul,86398,HERVAL,5161,2552,2609
Sul,RS,Rio Grande do Sul,88323,HERVEIRAS,2448,1162,1286
Sul,RS,Rio Grande do Sul,86916,HORIZONTINA,14027,7370,6657
Sul,RS,Rio Grande do Sul,86800,HULHA NEGRA,4608,2282,2326
Sul,RS,Rio Grande do Sul,86959,HUMAITÁ,3994,2074,1920
Sul,RS,Rio Grande do Sul,84972,IBARAMA,3409,1666,1743
Sul,RS,Rio Grande do Sul,86975,IBIAÇÁ,3828,1978,1850
Sul,RS,Rio Grande do Sul,86991,IBIRAIARAS,5350,2648,2702
Sul,RS,Rio Grande do Sul,84964,IBIRAPUITÃ,3418,1671,1747
Sul,RS,Rio Grande do Sul,87017,IBIRUBÁ,15608,8201,7407
Sul,RS,Rio Grande do Sul,87033,IGREJINHA,26894,13853,13041
Sul,RS,Rio Grande do Sul,87050,IJUÍ,64622,34258,30364
Sul,RS,Rio Grande do Sul,87076,ILÓPOLIS,3469,1744,1725
Sul,RS,Rio Grande do Sul,85685,IMBÉ,18214,9606,8608
Sul,RS,Rio Grande do Sul,85782,IMIGRANTE,2663,1341,1322
Sul,RS,Rio Grande do Sul,87092,INDEPENDÊNCIA,5437,2701,2736
Sul,RS,Rio Grande do Sul,86827,INHACORÁ,2009,971,1038
Sul,RS,Rio Grande do Sul,85243,IPIRANGA DO SUL,1883,939,944
Sul,RS,Rio Grande do Sul,84999,IPÊ,5297,2593,2704
Sul,RS,Rio Grande do Sul,87114,IRAÍ,6140,3146,2994
Sul,RS,Rio Grande do Sul,88382,ITAARA,3915,1973,1942
Sul,RS,Rio Grande do Sul,85901,ITACURUBI,2567,1260,1307
Sul,RS,Rio Grande do Sul,86843,ITAPUCA,1844,902,942
Sul,RS,Rio Grande do Sul,87130,ITAQUI,27765,14380,13385
Sul,RS,Rio Grande do Sul,89249,ITATI,2663,1290,1373
Sul,RS,Rio Grande do Sul,87157,ITATIBA DO SUL,3286,1550,1736
Sul,RS,Rio Grande do Sul,85626,IVORÁ,1862,908,954
Sul,RS,Rio Grande do Sul,87173,IVOTI,14342,7481,6861
Sul,RS,Rio Grande do Sul,84786,JABOTICABA,3056,1532,1524
Sul,RS,Rio Grande do Sul,89265,JACUIZINHO,1974,952,1022
Sul,RS,Rio Grande do Sul,87190,JACUTINGA,2958,1522,1436
Sul,RS,Rio Grande do Sul,87238,JAGUARI,8386,4207,4179
Sul,RS,Rio Grande do Sul,87211,JAGUARÃO,20072,10853,9219
Sul,RS,Rio Grande do Sul,84905,JAQUIRANA,3266,1595,1671
Sul,RS,Rio Grande do Sul,88587,JARI,2887,1366,1521
Sul,RS,Rio Grande do Sul,98299,JÓIA,6054,2944,3110
Sul,RS,Rio Grande do Sul,87254,JÚLIO DE CASTILHOS,14491,7572,6919
Sul,RS,Rio Grande do Sul,89281,LAGOA BONITA DO SUL,2247,1063,1184
Sul,RS,Rio Grande do Sul,86886,LAGOA DOS TRÊS CANTOS,1542,782,760
Sul,RS,Rio Grande do Sul,87270,LAGOA VERMELHA,19644,10270,9374
Sul,RS,Rio Grande do Sul,85260,LAGOÃO,4470,2177,2293
Sul,RS,Rio Grande do Sul,87297,LAJEADO,60191,32215,27976
Sul,RS,Rio Grande do Sul,86860,LAJEADO DO BUGRE,1788,877,911
Sul,RS,Rio Grande do Sul,87319,LAVRAS DO SUL,5280,2781,2499
Sul,RS,Rio Grande do Sul,87335,LIBERATO SALZANO,4410,2187,2223
Sul,RS,Rio Grande do Sul,86908,LINDOLFO COLLOR,4367,2168,2199
Sul,RS,Rio Grande do Sul,86924,LINHA NOVA,1395,667,728
Sul,RS,Rio Grande do Sul,87351,MACHADINHO,4487,2248,2239
Sul,RS,Rio Grande do Sul,88943,MAMPITUBA,2666,1298,1368
Sul,RS,Rio Grande do Sul,86940,MANOEL VIANA,5288,2686,2602
Sul,RS,Rio Grande do Sul,86967,MAQUINÉ,5542,2736,2806
Sul,RS,Rio Grande do Sul,86983,MARATÁ,2179,1061,1118
Sul,RS,Rio Grande do Sul,87378,MARAU,30977,15922,15055
Sul,RS,Rio Grande do Sul,87394,MARCELINO RAMOS,3826,1894,1932
Sul,RS,Rio Grande do Sul,87009,MARIANA PIMENTEL,3411,1619,1792
Sul,RS,Rio Grande do Sul,87416,MARIANO MORO,2016,982,1034
Sul,RS,Rio Grande do Sul,88820,MARQUES DE SOUZA,3411,1719,1692
Sul,RS,Rio Grande do Sul,87432,MATA,4066,2015,2051
Sul,RS,Rio Grande do Sul,87025,MATO CASTELHANO,2564,1224,1340
Sul,RS,Rio Grande do Sul,87041,MATO LEITÃO,3728,1865,1863
Sul,RS,Rio Grande do Sul,89303,MATO QUEIMADO,1573,791,782
Sul,RS,Rio Grande do Sul,87459,MAXIMILIANO DE ALMEIDA,3965,1981,1984
Sul,RS,Rio Grande do Sul,88447,MAÇAMBARÁ,3715,1825,1890
Sul,RS,Rio Grande do Sul,87068,MINAS DO LEÃO,6044,3132,2912
Sul,RS,Rio Grande do Sul,87475,MIRAGUAÍ,3893,1917,1976
Sul,RS,Rio Grande do Sul,85820,MONTAURI,1487,728,759
Sul,RS,Rio Grande do Sul,88803,MONTE ALEGRE DOS CAMPOS,3276,1525,1751
Sul,RS,Rio Grande do Sul,87084,MONTE BELO DO SUL,2946,1474,1472
Sul,RS,Rio Grande do Sul,87491,MONTENEGRO,47189,24531,22658
Sul,RS,Rio Grande do Sul,87106,MORMAÇO,2589,1271,1318
Sul,RS,Rio Grande do Sul,87122,MORRINHOS DO SUL,2911,1415,1496
Sul,RS,Rio Grande do Sul,86185,MORRO REDONDO,5199,2634,2565
Sul,RS,Rio Grande do Sul,87149,MORRO REUTER,5080,2533,2547
Sul,RS,Rio Grande do Sul,87513,MOSTARDAS,8321,4109,4212
Sul,RS,Rio Grande do Sul,88544,MUITOS CAPÕES,2441,1176,1265
Sul,RS,Rio Grande do Sul,87165,MULITERNO,2095,1038,1057
Sul,RS,Rio Grande do Sul,87530,MUÇUM,3999,2041,1958
Sul,RS,Rio Grande do Sul,87181,NICOLAU VERGUEIRO,1895,935,960
Sul,RS,Rio Grande do Sul,87572,NONOAI,9042,4641,4401
Sul,RS,Rio Grande do Sul,86169,NOVA ALVORADA,2649,1298,1351
Sul,RS,Rio Grande do Sul,87599,NOVA ARAÇÁ,3879,1945,1934
Sul,RS,Rio Grande do Sul,87610,NOVA BASSANO,6844,3368,3476
Sul,RS,Rio Grande do Sul,87203,NOVA BOA VISTA,1903,950,953
Sul,RS,Rio Grande do Sul,87637,NOVA BRÉSCIA,2642,1288,1354
Sul,RS,Rio Grande do Sul,88226,NOVA CANDELÁRIA,2344,1136,1208
Sul,RS,Rio Grande do Sul,85120,NOVA ESPERANÇA DO SUL,4062,2081,1981
Sul,RS,Rio Grande do Sul,84816,NOVA HARTZ,13865,7145,6720
Sul,RS,Rio Grande do Sul,87653,NOVA PALMA,5149,2550,2599
Sul,RS,Rio Grande do Sul,87670,NOVA PETRÓPOLIS,15540,8037,7503
Sul,RS,Rio Grande do Sul,87696,NOVA PRATA,17265,8943,8322
Sul,RS,Rio Grande do Sul,87220,NOVA PÁDUA,2308,1117,1191
Sul,RS,Rio Grande do Sul,88560,NOVA RAMADA,2026,984,1042
Sul,RS,Rio Grande do Sul,84751,NOVA ROMA DO SUL,2969,1446,1523
Sul,RS,Rio Grande do Sul,87246,NOVA SANTA RITA,17011,8643,8368
Sul,RS,Rio Grande do Sul,87262,NOVO BARREIRO,3443,1672,1771
Sul,RS,Rio Grande do Sul,88684,NOVO CABRAIS,3484,1719,1765
Sul,RS,Rio Grande do Sul,87718,NOVO HAMBURGO,180249,95033,85216
Sul,RS,Rio Grande do Sul,87289,NOVO MACHADO,3105,1537,1568
Sul,RS,Rio Grande do Sul,87300,NOVO TIRADENTES,1750,859,891
Sul,RS,Rio Grande do Sul,89320,NOVO XINGU,1559,784,775
Sul,RS,Rio Grande do Sul,87556,NÃO-ME-TOQUE,12398,6465,5933
Sul,RS,Rio Grande do Sul,87734,OSÓRIO,36300,19119,17181
Sul,RS,Rio Grande do Sul,87750,PAIM FILHO,3759,1856,1903
Sul,RS,Rio Grande do Sul,89672,PALMARES DO SUL,10336,5299,5037
Sul,RS,Rio Grande do Sul,87777,PALMEIRA DAS MISSÕES,22267,11931,10336
Sul,RS,Rio Grande do Sul,87793,PALMITINHO,5633,2862,2771
Sul,RS,Rio Grande do Sul,87815,PANAMBI,30104,15503,14601
Sul,RS,Rio Grande do Sul,84980,PANTANO GRANDE,7889,4002,3887
Sul,RS,Rio Grande do Sul,87831,PARAÍ,6204,3072,3132
Sul,RS,Rio Grande do Sul,85987,PARAÍSO DO SUL,5174,2567,2607
Sul,RS,Rio Grande do Sul,87327,PARECI NOVO,3043,1501,1542
Sul,RS,Rio Grande do Sul,98256,PAROBÉ,38834,20034,18800
Sul,RS,Rio Grande do Sul,88889,PASSA SETE,3678,1797,1881
Sul,RS,Rio Grande do Sul,87343,PASSO DO SOBRADO,4800,2428,2372
Sul,RS,Rio Grande do Sul,87858,PASSO FUNDO,146094,78688,67406
Sul,RS,Rio Grande do Sul,89346,PAULO BENTO,1892,890,1002
Sul,RS,Rio Grande do Sul,85146,PAVERAMA,5774,2832,2942
Sul,RS,Rio Grande do Sul,89567,PEDRAS ALTAS,1938,905,1033
Sul,RS,Rio Grande do Sul,87874,PEDRO OSÓRIO,6783,3493,3290
Sul,RS,Rio Grande do Sul,87890,PEJUÇARA,2969,1500,1469
Sul,RS,Rio Grande do Sul,87912,PELOTAS,238487,130258,108229
Sul,RS,Rio Grande do Sul,87360,PICADA CAFÉ,4357,2240,2117
Sul,RS,Rio Grande do Sul,85340,PINHAL,2114,1058,1056
Sul,RS,Rio Grande do Sul,89362,PINHAL DA SERRA,2375,1133,1242
Sul,RS,Rio Grande do Sul,87386,PINHAL GRANDE,3515,1683,1832
Sul,RS,Rio Grande do Sul,87408,PINHEIRINHO DO VALE,3237,1605,1632
Sul,RS,Rio Grande do Sul,87939,PINHEIRO MACHADO,10230,5151,5079
Sul,RS,Rio Grande do Sul,89540,PINTO BANDEIRA,2311,1136,1175
Sul,RS,Rio Grande do Sul,84778,PIRAPÓ,2204,1078,1126
Sul,RS,Rio Grande do Sul,87955,PIRATINI,14237,7131,7106
Sul,RS,Rio Grande do Sul,87971,PLANALTO,7590,3885,3705
Sul,RS,Rio Grande do Sul,87440,PONTE PRETA,1684,801,883
Sul,RS,Rio Grande do Sul,87424,PONTÃO,3086,1524,1562
Sul,RS,Rio Grande do Sul,88013,PORTO ALEGRE,1100163,603316,496847
Sul,RS,Rio Grande do Sul,88030,PORTO LUCENA,3914,1952,1962
Sul,RS,Rio Grande do Sul,87467,PORTO MAUÁ,2172,1099,1073
Sul,RS,Rio Grande do Sul,87483,PORTO VERA CRUZ,1632,796,836
Sul,RS,Rio Grande do Sul,88056,PORTO XAVIER,7426,3795,3631
Sul,RS,Rio Grande do Sul,87998,PORTÃO,23756,12252,11504
Sul,RS,Rio Grande do Sul,85421,POUSO NOVO,1527,750,777
Sul,RS,Rio Grande do Sul,86126,POÇO DAS ANTAS,1973,949,1024
Sul,RS,Rio Grande do Sul,87505,PRESIDENTE LUCENA,2366,1110,1256
Sul,RS,Rio Grande do Sul,84760,PROGRESSO,4705,2270,2435
Sul,RS,Rio Grande do Sul,85405,PROTÁSIO ALVES,1850,862,988
Sul,RS,Rio Grande do Sul,88072,PUTINGA,3933,1944,1989
Sul,RS,Rio Grande do Sul,88099,QUARAÍ,16768,8833,7935
Sul,RS,Rio Grande do Sul,89389,QUATRO IRMÃOS,1518,719,799
Sul,RS,Rio Grande do Sul,87521,QUEVEDOS,2173,1010,1163
Sul,RS,Rio Grande do Sul,84875,QUINZE DE NOVEMBRO,3335,1671,1664
Sul,RS,Rio Grande do Sul,88110,REDENTORA,6233,3225,3008
Sul,RS,Rio Grande do Sul,85766,RELVADO,2016,986,1030
Sul,RS,Rio Grande do Sul,88137,RESTINGA SÊCA,11779,5971,5808
Sul,RS,Rio Grande do Sul,87548,RIO DOS ÍNDIOS,2883,1384,1499
Sul,RS,Rio Grande do Sul,88153,RIO GRANDE,156227,81959,74268
Sul,RS,Rio Grande do Sul,88170,RIO PARDO,30465,15739,14726
Sul,RS,Rio Grande do Sul,85740,RIOZINHO,3798,1833,1965
Sul,RS,Rio Grande do Sul,88196,ROCA SALES,7116,3581,3535
Sul,RS,Rio Grande do Sul,88218,RODEIO BONITO,4779,2409,2370
Sul,RS,Rio Grande do Sul,89400,ROLADOR,2159,1021,1138
Sul,RS,Rio Grande do Sul,88234,ROLANTE,15129,7716,7413
Sul,RS,Rio Grande do Sul,88250,RONDA ALTA,7078,3692,3386
Sul,RS,Rio Grande do Sul,88277,RONDINHA,4659,2368,2291
Sul,RS,Rio Grande do Sul,88293,ROQUE GONZALES,5203,2619,2584
Sul,RS,Rio Grande do Sul,88315,ROSÁRIO DO SUL,32418,16906,15512
Sul,RS,Rio Grande do Sul,87564,SAGRADA FAMÍLIA,2194,1091,1103
Sul,RS,Rio Grande do Sul,85561,SALDANHA MARINHO,2612,1330,1282
Sul,RS,Rio Grande do Sul,89753,SALTO DO JACUÍ,7762,4071,3691
Sul,RS,Rio Grande do Sul,87580,SALVADOR DAS MISSÕES,2445,1177,1268
Sul,RS,Rio Grande do Sul,88331,SALVADOR DO SUL,5176,2554,2622
Sul,RS,Rio Grande do Sul,88358,SANANDUVA,13024,6658,6366
Sul,RS,Rio Grande do Sul,88455,SANT'ANA DO LIVRAMENTO,73748,39592,34156
Sul,RS,Rio Grande do Sul,88374,SANTA BÁRBARA DO SUL,6980,3680,3300
Sul,RS,Rio Grande do Sul,89247,SANTA CECÍLIA DO SUL,1747,856,891
Sul,RS,Rio Grande do Sul,87602,SANTA CLARA DO SUL,5022,2504,2518
Sul,RS,Rio Grande do Sul,88390,SANTA CRUZ DO SUL,102520,54495,48025
Sul,RS,Rio Grande do Sul,89443,SANTA MARGARIDA DO SUL,2531,1202,1329
Sul,RS,Rio Grande do Sul,88412,SANTA MARIA,206116,111376,94740
Sul,RS,Rio Grande do Sul,86207,SANTA MARIA DO HERVAL,4988,2429,2559
Sul,RS,Rio Grande do Sul,88471,SANTA ROSA,57102,29910,27192
Sul,RS,Rio Grande do Sul,87629,SANTA TEREZA,1663,799,864
Sul,RS,Rio Grande do Sul,88498,SANTA VITÓRIA DO PALMAR,24818,12569,12249
Sul,RS,Rio Grande do Sul,88439,SANTANA DA BOA VISTA,6204,3061,3143
Sul,RS,Rio Grande do Sul,88510,SANTIAGO,40251,21387,18864
Sul,RS,Rio Grande do Sul,88552,SANTO ANTÔNIO DA PATRULHA,33513,17169,16344
Sul,RS,Rio Grande do Sul,88579,SANTO ANTÔNIO DAS MISSÕES,8620,4388,4232
Sul,RS,Rio Grande do Sul,87645,SANTO ANTÔNIO DO PALMA,1891,915,976
Sul,RS,Rio Grande do Sul,87661,SANTO ANTÔNIO DO PLANALTO,1934,975,959
Sul,RS,Rio Grande do Sul,88595,SANTO AUGUSTO,10996,5726,5270
Sul,RS,Rio Grande do Sul,88617,SANTO CRISTO,12898,6494,6404
Sul,RS,Rio Grande do Sul,87688,SANTO EXPEDITO DO SUL,2172,1085,1087
Sul,RS,Rio Grande do Sul,88536,SANTO ÂNGELO,61833,32982,28851
Sul,RS,Rio Grande do Sul,88994,SAPIRANGA,61211,31599,29612
Sul,RS,Rio Grande do Sul,89010,SAPUCAIA DO SUL,105070,54817,50253
Sul,RS,Rio Grande do Sul,89036,SARANDI,15463,8233,7230
Sul,RS,Rio Grande do Sul,89052,SEBERI,8387,4307,4080
Sul,RS,Rio Grande do Sul,85707,SEDE NOVA,2224,1109,1115
Sul,RS,Rio Grande do Sul,85529,SEGREDO,5416,2614,2802
Sul,RS,Rio Grande do Sul,89079,SELBACH,4325,2239,2086
Sul,RS,Rio Grande do Sul,88765,SENADOR SALGADO FILHO,2597,1295,1302
Sul,RS,Rio Grande do Sul,87882,SENTINELA DO SUL,3978,1960,2018
Sul,RS,Rio Grande do Sul,89095,SERAFINA CORRÊA,11925,6118,5807
Sul,RS,Rio Grande do Sul,89117,SERTÃO,4723,2404,2319
Sul,RS,Rio Grande do Sul,87920,SERTÃO SANTANA,5023,2464,2559
Sul,RS,Rio Grande do Sul,88706,SETE DE SETEMBRO,1726,850,876
Sul,RS,Rio Grande do Sul,89133,SEVERIANO DE ALMEIDA,3417,1676,1741
Sul,RS,Rio Grande do Sul,84956,SILVEIRA MARTINS,2221,1108,1113
Sul,RS,Rio Grande do Sul,87947,SINIMBU,6440,3058,3382
Sul,RS,Rio Grande do Sul,89176,SOBRADINHO,11686,6197,5489
Sul,RS,Rio Grande do Sul,89192,SOLEDADE,20286,10622,9664
Sul,RS,Rio Grande do Sul,88633,SÃO BORJA,48585,25212,23373
Sul,RS,Rio Grande do Sul,84832,SÃO DOMINGOS DO SUL,2601,1303,1298
Sul,RS,Rio Grande do Sul,88650,SÃO FRANCISCO DE ASSIS,14086,7220,6866
Sul,RS,Rio Grande do Sul,88676,SÃO FRANCISCO DE PAULA,14416,7385,7031
Sul,RS,Rio Grande do Sul,88692,SÃO GABRIEL,46893,24679,22214
Sul,RS,Rio Grande do Sul,88714,SÃO JERÔNIMO,13732,7205,6527
Sul,RS,Rio Grande do Sul,84794,SÃO JORGE,2421,1210,1211
Sul,RS,Rio Grande do Sul,87769,SÃO JOSÉ DAS MISSÕES,2102,1029,1073
Sul,RS,Rio Grande do Sul,85588,SÃO JOSÉ DO HERVAL,2077,992,1085
Sul,RS,Rio Grande do Sul,85324,SÃO JOSÉ DO HORTÊNCIO,3314,1645,1669
Sul,RS,Rio Grande do Sul,87742,SÃO JOSÉ DO INHACORÁ,2139,1022,1117
Sul,RS,Rio Grande do Sul,88730,SÃO JOSÉ DO NORTE,19517,9602,9915
Sul,RS,Rio Grande do Sul,88757,SÃO JOSÉ DO OURO,5656,2923,2733
Sul,RS,Rio Grande do Sul,89460,SÃO JOSÉ DO SUL,1805,874,931
Sul,RS,Rio Grande do Sul,87726,SÃO JOSÉ DOS AUSENTES,2904,1411,1493
Sul,RS,Rio Grande do Sul,84859,SÃO JOÃO DA URTIGA,4014,1997,2017
Sul,RS,Rio Grande do Sul,87700,SÃO JOÃO DO POLÊSINE,2526,1303,1223
Sul,RS,Rio Grande do Sul,88773,SÃO LEOPOLDO,166292,87917,78375
Sul,RS,Rio Grande do Sul,88790,SÃO LOURENÇO DO SUL,35985,18179,17806
Sul,RS,Rio Grande do Sul,88811,SÃO LUIZ GONZAGA,27204,14318,12886
Sul,RS,Rio Grande do Sul,88838,SÃO MARCOS,15108,7850,7258
Sul,RS,Rio Grande do Sul,88854,SÃO MARTINHO,4766,2457,2309
Sul,RS,Rio Grande do Sul,87785,SÃO MARTINHO DA SERRA,2954,1452,1502
Sul,RS,Rio Grande do Sul,85480,SÃO MIGUEL DAS MISSÕES,5633,2795,2838
Sul,RS,Rio Grande do Sul,88870,SÃO NICOLAU,3743,1906,1837
Sul,RS,Rio Grande do Sul,88897,SÃO PAULO DAS MISSÕES,5211,2558,2653
Sul,RS,Rio Grande do Sul,87807,SÃO PEDRO DA SERRA,2932,1428,1504
Sul,RS,Rio Grande do Sul,89486,SÃO PEDRO DAS MISSÕES,1516,738,778
Sul,RS,Rio Grande do Sul,87823,SÃO PEDRO DO BUTIÁ,2312,1133,1179
Sul,RS,Rio Grande do Sul,88919,SÃO PEDRO DO SUL,12366,6302,6064
Sul,RS,Rio Grande do Sul,88935,SÃO SEBASTIÃO DO CAÍ,15341,8092,7249
Sul,RS,Rio Grande do Sul,88951,SÃO SEPÉ,16281,8463,7818
Sul,RS,Rio Grande do Sul,88978,SÃO VALENTIM,3048,1488,1560
Sul,RS,Rio Grande do Sul,87840,SÃO VALENTIM DO SUL,2113,975,1138
Sul,RS,Rio Grande do Sul,87866,SÃO VALÉRIO DO SUL,2103,1013,1090
Sul,RS,Rio Grande do Sul,85383,SÃO VENDELINO,2136,1011,1125
Sul,RS,Rio Grande do Sul,86754,SÃO VICENTE DO SUL,7386,3718,3668
Sul,RS,Rio Grande do Sul,87904,SÉRIO,1967,917,1050
Sul,RS,Rio Grande do Sul,88722,TABAÍ,3671,1813,1858
Sul,RS,Rio Grande do Sul,89214,TAPEJARA,16059,8593,7466
Sul,RS,Rio Grande do Sul,89230,TAPERA,7729,4079,3650
Sul,RS,Rio Grande do Sul,89257,TAPES,10440,5531,4909
Sul,RS,Rio Grande do Sul,89273,TAQUARA,41633,21823,19810
Sul,RS,Rio Grande do Sul,89290,TAQUARI,18856,9947,8909
Sul,RS,Rio Grande do Sul,85669,TAQUARUÇU DO SUL,2563,1257,1306
Sul,RS,Rio Grande do Sul,89710,TAVARES,4435,2188,2247
Sul,RS,Rio Grande do Sul,89311,TENENTE PORTELA,9301,4839,4462
Sul,RS,Rio Grande do Sul,85162,TERRA DE AREIA,7289,3745,3544
Sul,RS,Rio Grande do Sul,98213,TEUTÔNIA,23714,12408,11306
Sul,RS,Rio Grande do Sul,89508,TIO HUGO,2323,1170,1153
Sul,RS,Rio Grande do Sul,87963,TIRADENTES DO SUL,4531,2240,2291
Sul,RS,Rio Grande do Sul,88900,TOROPI,2578,1223,1355
Sul,RS,Rio Grande do Sul,89338,TORRES,29289,15542,13747
Sul,RS,Rio Grande do Sul,89354,TRAMANDAÍ,35253,18976,16277
Sul,RS,Rio Grande do Sul,87980,TRAVESSEIRO,1893,915,978
Sul,RS,Rio Grande do Sul,85006,TRINDADE DO SUL,4629,2276,2353
Sul,RS,Rio Grande do Sul,89435,TRIUNFO,21217,10705,10512
Sul,RS,Rio Grande do Sul,84743,TRÊS ARROIOS,2441,1197,1244
Sul,RS,Rio Grande do Sul,85367,TRÊS CACHOEIRAS,7337,3698,3639
Sul,RS,Rio Grande do Sul,89370,TRÊS COROAS,16971,8703,8268
Sul,RS,Rio Grande do Sul,89397,TRÊS DE MAIO,16944,8845,8099
Sul,RS,Rio Grande do Sul,88005,TRÊS FORQUILHAS,2609,1261,1348
Sul,RS,Rio Grande do Sul,86142,TRÊS PALMEIRAS,3691,1824,1867
Sul,RS,Rio Grande do Sul,89419,TRÊS PASSOS,17394,9031,8363
Sul,RS,Rio Grande do Sul,89451,TUCUNDUVA,4692,2454,2238
Sul,RS,Rio Grande do Sul,84840,TUNAS,3184,1525,1659
Sul,RS,Rio Grande do Sul,88021,TUPANCI DO SUL,1408,670,738
Sul,RS,Rio Grande do Sul,89478,TUPANCIRETÃ,15960,8398,7562
Sul,RS,Rio Grande do Sul,85723,TUPANDI,3907,1869,2038
Sul,RS,Rio Grande do Sul,89494,TUPARENDI,7061,3659,3402
Sul,RS,Rio Grande do Sul,88501,TURUÇU,3298,1648,1650
Sul,RS,Rio Grande do Sul,88609,UBIRETAMA,1854,904,950
Sul,RS,Rio Grande do Sul,88480,UNISTALDA,2541,1265,1276
Sul,RS,Rio Grande do Sul,88048,UNIÃO DA SERRA,1465,670,795
Sul,RS,Rio Grande do Sul,89516,URUGUAIANA,88820,46957,41863
Sul,RS,Rio Grande do Sul,89532,VACARIA,46880,24599,22281
Sul,RS,Rio Grande do Sul,88064,VALE DO SOL,8152,4045,4107
Sul,RS,Rio Grande do Sul,88080,VALE REAL,4570,2236,2334
Sul,RS,Rio Grande do Sul,88668,VALE VERDE,2993,1484,1509
Sul,RS,Rio Grande do Sul,84913,VANINI,1899,953,946
Sul,RS,Rio Grande do Sul,89559,VENÂNCIO AIRES,51103,26662,24441
Sul,RS,Rio Grande do Sul,89575,VERA CRUZ,16990,8780,8210
Sul,RS,Rio Grande do Sul,89591,VERANÓPOLIS,17037,8845,8192
Sul,RS,Rio Grande do Sul,88781,VESPASIANO CORRÊA,2175,1034,1141
Sul,RS,Rio Grande do Sul,89613,VIADUTOS,4150,2033,2117
Sul,RS,Rio Grande do Sul,89630,VIAMÃO,148618,80417,68201
Sul,RS,Rio Grande do Sul,89656,VICENTE DUTRA,3728,1853,1875
Sul,RS,Rio Grande do Sul,89699,VICTOR GRAEFF,2433,1249,1184
Sul,RS,Rio Grande do Sul,86061,VILA FLORES,3189,1571,1618
Sul,RS,Rio Grande do Sul,88749,VILA LÂNGARO,2131,1045,1086
Sul,RS,Rio Grande do Sul,85642,VILA MARIA,3400,1702,1698
Sul,RS,Rio Grande do Sul,88102,VILA NOVA DO SUL,3518,1772,1746
Sul,RS,Rio Grande do Sul,85600,VISTA ALEGRE,2429,1197,1232
Sul,RS,Rio Grande do Sul,85863,VISTA ALEGRE DO PRATA,1506,707,799
Sul,RS,Rio Grande do Sul,85847,VISTA GAÚCHA,2521,1259,1262
Sul,RS,Rio Grande do Sul,88129,VITÓRIA DAS MISSÕES,3296,1577,1719
Sul,RS,Rio Grande do Sul,89524,WESTFALIA,2549,1249,1300
Sul,RS,Rio Grande do Sul,88145,XANGRI-LÁ,10104,5289,4815
Sul,RS,Rio Grande do Sul,84948,ÁGUA SANTA,2951,1468,1483
Sul,RS,Rio Grande do Sul,84735,ÁUREA,2958,1452,1506
Sul,SC,Santa Catarina,80225,ABDON BATISTA,2325,1122,1203
Sul,SC,Santa Catarina,80012,ABELARDO LUZ,13083,6538,6545
Sul,SC,Santa Catarina,80039,AGROLÂNDIA,7829,3918,3911
Sul,SC,Santa Catarina,80055,AGRONÔMICA,4158,2049,2109
Sul,SC,Santa Catarina,80136,ALFREDO WAGNER,7143,3466,3677
Sul,SC,Santa Catarina,81302,ALTO BELA VISTA,1955,963,992
Sul,SC,Santa Catarina,80152,ANCHIETA,4697,2342,2355
Sul,SC,Santa Catarina,80179,ANGELINA,4849,2280,2569
Sul,SC,Santa Catarina,80195,ANITA GARIBALDI,7555,3740,3815
Sul,SC,Santa Catarina,80217,ANITÁPOLIS,2934,1386,1548
Sul,SC,Santa Catarina,80233,ANTÔNIO CARLOS,7610,3810,3800
Sul,SC,Santa Catarina,80063,APIÚNA,8079,3982,4097
Sul,SC,Santa Catarina,80489,ARABUTÃ,3759,1805,1954
Sul,SC,Santa Catarina,80250,ARAQUARI,19760,9803,9957
Sul,SC,Santa Catarina,80276,ARARANGUÁ,49891,26041,23850
Sul,SC,Santa Catarina,80292,ARMAZÉM,6350,3193,3157
Sul,SC,Santa Catarina,80314,ARROIO TRINTA,3094,1551,1543
Sul,SC,Santa Catarina,80802,ARVOREDO,2279,1051,1228
Sul,SC,Santa Catarina,80330,ASCURRA,6275,3235,3040
Sul,SC,Santa Catarina,80357,ATALANTA,2872,1444,1428
Sul,SC,Santa Catarina,80373,AURORA,4836,2356,2480
Sul,SC,Santa Catarina,81728,BALNEÁRIO ARROIO DO SILVA,10470,5425,5045
Sul,SC,Santa Catarina,80683,BALNEÁRIO BARRA DO SUL,9528,4762,4766
Sul,SC,Santa Catarina,80390,BALNEÁRIO CAMBORIÚ,82758,45204,37554
Sul,SC,Santa Catarina,81744,BALNEÁRIO GAIVOTA,8637,4420,4217
Sul,SC,Santa Catarina,82511,BALNEÁRIO PIÇARRAS,13732,7231,6501
Sul,SC,Santa Catarina,83909,BALNEÁRIO RINCÃO,11002,5541,5461
Sul,SC,Santa Catarina,81582,BANDEIRANTE,2782,1326,1456
Sul,SC,Santa Catarina,81760,BARRA BONITA,1898,880,1018
Sul,SC,Santa Catarina,80411,BARRA VELHA,23015,11790,11225
Sul,SC,Santa Catarina,81221,BELA VISTA DO TOLDO,4921,2324,2597
Sul,SC,Santa Catarina,80748,BELMONTE,2433,1197,1236
Sul,SC,Santa Catarina,80438,BENEDITO NOVO,8226,4038,4188
Sul,SC,Santa Catarina,80454,BIGUAÇU,48470,25249,23221
Sul,SC,Santa Catarina,80470,BLUMENAU,243881,127514,116367
Sul,SC,Santa Catarina,81280,BOCAINA DO SUL,3045,1469,1576
Sul,SC,Santa Catarina,83895,BOM JARDIM DA SERRA,3614,1789,1825
Sul,SC,Santa Catarina,81388,BOM JESUS,2396,1218,1178
Sul,SC,Santa Catarina,81469,BOM JESUS DO OESTE,1908,928,980
Sul,SC,Santa Catarina,80497,BOM RETIRO,6001,3006,2995
Sul,SC,Santa Catarina,80985,BOMBINHAS,13971,7039,6932
Sul,SC,Santa Catarina,80519,BOTUVERÁ,4102,2002,2100
Sul,SC,Santa Catarina,80535,BRAÇO DO NORTE,23692,12245,11447
Sul,SC,Santa Catarina,80420,BRAÇO DO TROMBUDO,2846,1419,1427
Sul,SC,Santa Catarina,81787,BRUNÓPOLIS,2807,1370,1437
Sul,SC,Santa Catarina,80551,BRUSQUE,81374,42808,38566
Sul,SC,Santa Catarina,80594,CAIBI,4892,2484,2408
Sul,SC,Santa Catarina,80667,CALMON,3180,1539,1641
Sul,SC,Santa Catarina,80616,CAMBORIÚ,47674,25159,22515
Sul,SC,Santa Catarina,80632,CAMPO ALEGRE,9388,4614,4774
Sul,SC,Santa Catarina,80659,CAMPO BELO DO SUL,5955,2862,3093
Sul,SC,Santa Catarina,80675,CAMPO ERÊ,6609,3410,3199
Sul,SC,Santa Catarina,80691,CAMPOS NOVOS,25970,13362,12608
Sul,SC,Santa Catarina,80713,CANELINHA,8830,4434,4396
Sul,SC,Santa Catarina,80730,CANOINHAS,42105,21528,20577
Sul,SC,Santa Catarina,80756,CAPINZAL,16796,8614,8182
Sul,SC,Santa Catarina,81027,CAPIVARI DE BAIXO,17100,9125,7975
Sul,SC,Santa Catarina,81248,CAPÃO ALTO,2907,1336,1571
Sul,SC,Santa Catarina,80772,CATANDUVAS,7538,3866,3672
Sul,SC,Santa Catarina,80799,CAXAMBU DO SUL,4339,2134,2205
Sul,SC,Santa Catarina,80578,CAÇADOR,52260,26969,25291
Sul,SC,Santa Catarina,80268,CELSO RAMOS,2453,1196,1257
Sul,SC,Santa Catarina,80381,CERRO NEGRO,3098,1469,1629
Sul,SC,Santa Catarina,81701,CHAPADÃO DO LAGEADO,2398,1131,1267
Sul,SC,Santa Catarina,80810,CHAPECÓ,146830,76766,70064
Sul,SC,Santa Catarina,80306,COCAL DO SUL,13765,7029,6736
Sul,SC,Santa Catarina,80837,CONCÓRDIA,57415,29521,27894
Sul,SC,Santa Catarina,81043,CORDILHEIRA ALTA,3869,1860,2009
Sul,SC,Santa Catarina,80853,CORONEL FREITAS,8095,3988,4107
Sul,SC,Santa Catarina,81108,CORONEL MARTINS,1862,911,951
Sul,SC,Santa Catarina,83950,CORREIA PINTO,11688,5874,5814
Sul,SC,Santa Catarina,80870,CORUPÁ,10891,5453,5438
Sul,SC,Santa Catarina,80896,CRICIÚMA,145486,76595,68891
Sul,SC,Santa Catarina,80918,CUNHA PORÃ,8191,4146,4045
Sul,SC,Santa Catarina,81620,CUNHATAÍ,1715,807,908
Sul,SC,Santa Catarina,80934,CURITIBANOS,30695,15894,14801
Sul,SC,Santa Catarina,80950,DESCANSO,6957,3447,3510
Sul,SC,Santa Catarina,80977,DIONÍSIO CERQUEIRA,11828,6031,5797
Sul,SC,Santa Catarina,80993,DONA EMMA,3117,1540,1577
Sul,SC,Santa Catarina,80080,DOUTOR PEDRINHO,2961,1484,1477
Sul,SC,Santa Catarina,81426,ENTRE RIOS,2866,1390,1476
Sul,SC,Santa Catarina,81167,ERMO,1916,913,1003
Sul,SC,Santa Catarina,81019,ERVAL VELHO,3863,1933,1930
Sul,SC,Santa Catarina,81035,FAXINAL DOS GUEDES,8539,4264,4275
Sul,SC,Santa Catarina,81604,FLOR DO SERTÃO,1681,801,880
Sul,SC,Santa Catarina,81051,FLORIANÓPOLIS,343645,183549,160096
Sul,SC,Santa Catarina,80888,FORMOSA DO SUL,2299,1152,1147
Sul,SC,Santa Catarina,81060,FORQUILHINHA,19133,9613,9520
Sul,SC,Santa Catarina,81078,FRAIBURGO,28145,14342,13803
Sul,SC,Santa Catarina,81329,FREI ROGÉRIO,2271,1064,1207
Sul,SC,Santa Catarina,81094,GALVÃO,2601,1300,1301
Sul,SC,Santa Catarina,81132,GAROPABA,17895,9096,8799
Sul,SC,Santa Catarina,81159,GARUVA,10278,5184,5094
Sul,SC,Santa Catarina,81175,GASPAR,46254,23886,22368
Sul,SC,Santa Catarina,81116,GOVERNADOR CELSO RAMOS,13442,6574,6868
Sul,SC,Santa Catarina,81213,GRAVATAL,8751,4440,4311
Sul,SC,Santa Catarina,81191,GRÃO-PARÁ,5633,2726,2907
Sul,SC,Santa Catarina,81230,GUABIRUBA,14489,7277,7212
Sul,SC,Santa Catarina,81256,GUARACIABA,8865,4381,4484
Sul,SC,Santa Catarina,81272,GUARAMIRIM,29933,15014,14919
Sul,SC,Santa Catarina,81299,GUARUJÁ DO SUL,4054,2073,1981
Sul,SC,Santa Catarina,80527,GUATAMBÚ,5313,2490,2823
Sul,SC,Santa Catarina,81310,HERVAL D'OESTE,16512,8520,7992
Sul,SC,Santa Catarina,81400,IBIAM,1673,831,842
Sul,SC,Santa Catarina,81337,IBICARÉ,3016,1454,1562
Sul,SC,Santa Catarina,81353,IBIRAMA,14793,7536,7257
Sul,SC,Santa Catarina,81396,ILHOTA,10875,5403,5472
Sul,SC,Santa Catarina,81418,IMARUÍ,8792,4385,4407
Sul,SC,Santa Catarina,81434,IMBITUBA,36338,18727,17611
Sul,SC,Santa Catarina,81450,IMBUIA,4732,2342,2390
Sul,SC,Santa Catarina,81477,INDAIAL,45187,23210,21977
Sul,SC,Santa Catarina,81361,IOMERÊ,2763,1404,1359
Sul,SC,Santa Catarina,81493,IPIRA,3681,1865,1816
Sul,SC,Santa Catarina,80020,IPORÃ DO OESTE,7043,3485,3558
Sul,SC,Santa Catarina,80829,IPUAÇU,5054,2503,2551
Sul,SC,Santa Catarina,81515,IPUMIRIM,5841,2903,2938
Sul,SC,Santa Catarina,80187,IRACEMINHA,3633,1771,1862
Sul,SC,Santa Catarina,81531,IRANI,7313,3682,3631
Sul,SC,Santa Catarina,80861,IRATI,1943,924,1019
Sul,SC,Santa Catarina,81558,IRINEÓPOLIS,7932,3892,4040
Sul,SC,Santa Catarina,81590,ITAIÓPOLIS,16594,8126,8468
Sul,SC,Santa Catarina,81612,ITAJAÍ,133093,70361,62732
Sul,SC,Santa Catarina,81639,ITAPEMA,41581,21828,19753
Sul,SC,Santa Catarina,81655,ITAPIRANGA,12259,6135,6124
Sul,SC,Santa Catarina,81663,ITAPOÁ,13116,6756,6360
Sul,SC,Santa Catarina,81671,ITUPORANGA,18313,9330,8983
Sul,SC,Santa Catarina,81574,ITÁ,5924,2916,3008
Sul,SC,Santa Catarina,81370,IÇARA,40172,20518,19654
Sul,SC,Santa Catarina,81698,JABORÁ,3690,1861,1829
Sul,SC,Santa Catarina,81710,JACINTO MACHADO,9114,4537,4577
Sul,SC,Santa Catarina,81736,JAGUARUNA,14430,7375,7055
Sul,SC,Santa Catarina,81752,JARAGUÁ DO SUL,109363,56434,52929
Sul,SC,Santa Catarina,81140,JARDINÓPOLIS,1566,775,791
Sul,SC,Santa Catarina,81779,JOAÇABA,22129,11647,10482
Sul,SC,Santa Catarina,81795,JOINVILLE,396700,205964,190736
Sul,SC,Santa Catarina,80101,JOSÉ BOITEUX,4090,1985,2105
Sul,SC,Santa Catarina,81540,JUPIÁ,1850,925,925
Sul,SC,Santa Catarina,81817,LACERDÓPOLIS,2014,1016,998
Sul,SC,Santa Catarina,81833,LAGES,123514,65185,58329
Sul,SC,Santa Catarina,81850,LAGUNA,34824,18240,16584
Sul,SC,Santa Catarina,80586,LAJEADO GRANDE,1303,649,654
Sul,SC,Santa Catarina,81876,LAURENTINO,5624,2828,2796
Sul,SC,Santa Catarina,81892,LAURO MÜLLER,12285,6160,6125
Sul,SC,Santa Catarina,81914,LEBON RÉGIS,9042,4467,4575
Sul,SC,Santa Catarina,81930,LEOBERTO LEAL,2999,1407,1592
Sul,SC,Santa Catarina,80047,LINDÓIA DO SUL,3677,1802,1875
Sul,SC,Santa Catarina,81957,LONTRAS,8403,4292,4111
Sul,SC,Santa Catarina,81973,LUIZ ALVES,8817,4305,4512
Sul,SC,Santa Catarina,81809,LUZERNA,4913,2517,2396
Sul,SC,Santa Catarina,80900,MACIEIRA,1803,847,956
Sul,SC,Santa Catarina,81990,MAFRA,38777,19759,19018
Sul,SC,Santa Catarina,82015,MAJOR GERCINO,3054,1449,1605
Sul,SC,Santa Catarina,82031,MAJOR VIEIRA,5751,2811,2940
Sul,SC,Santa Catarina,83917,MARACAJÁ,6144,3064,3080
Sul,SC,Santa Catarina,82058,MARAVILHA,19374,10110,9264
Sul,SC,Santa Catarina,82066,MAREMA,1856,902,954
Sul,SC,Santa Catarina,82074,MASSARANDUBA,12515,6276,6239
Sul,SC,Santa Catarina,82090,MATOS COSTA,2407,1170,1237
Sul,SC,Santa Catarina,82112,MELEIRO,5907,2974,2933
Sul,SC,Santa Catarina,80365,MIRIM DOCE,2355,1149,1206
Sul,SC,Santa Catarina,82139,MODELO,3332,1648,1684
Sul,SC,Santa Catarina,82155,MONDAÍ,7608,3809,3799
Sul,SC,Santa Catarina,80004,MONTE CARLO,7326,3596,3730
Sul,SC,Santa Catarina,82171,MONTE CASTELO,6903,3363,3540
Sul,SC,Santa Catarina,82198,MORRO DA FUMAÇA,13085,6684,6401
Sul,SC,Santa Catarina,81086,MORRO GRANDE,2966,1414,1552
Sul,SC,Santa Catarina,82210,NAVEGANTES,49673,25872,23801
Sul,SC,Santa Catarina,82236,NOVA ERECHIM,3816,1880,1936
Sul,SC,Santa Catarina,80322,NOVA ITABERABA,3942,1833,2109
Sul,SC,Santa Catarina,82252,NOVA TRENTO,10327,5186,5141
Sul,SC,Santa Catarina,82279,NOVA VENEZA,11872,5938,5934
Sul,SC,Santa Catarina,80764,NOVO HORIZONTE,2183,1041,1142
Sul,SC,Santa Catarina,82295,ORLEANS,18910,9654,9256
Sul,SC,Santa Catarina,83976,OTACÍLIO COSTA,12936,6555,6381
Sul,SC,Santa Catarina,82317,OURO,5870,2995,2875
Sul,SC,Santa Catarina,80845,OURO VERDE,2040,983,1057
Sul,SC,Santa Catarina,81442,PAIAL,1843,870,973
Sul,SC,Santa Catarina,81264,PAINEL,2433,1116,1317
Sul,SC,Santa Catarina,82333,PALHOÇA,122778,63643,59135
Sul,SC,Santa Catarina,82350,PALMA SOLA,5732,2829,2903
Sul,SC,Santa Catarina,81566,PALMEIRA,2798,1323,1475
Sul,SC,Santa Catarina,82376,PALMITOS,11875,6039,5836
Sul,SC,Santa Catarina,82392,PAPANDUVA,13341,6583,6758
Sul,SC,Santa Catarina,80705,PARAÍSO,3723,1792,1931
Sul,SC,Santa Catarina,80403,PASSO DE TORRES,6021,3044,2976
Sul,SC,Santa Catarina,80624,PASSOS MAIA,3179,1547,1632
Sul,SC,Santa Catarina,82414,PAULO LOPES,5968,2970,2998
Sul,SC,Santa Catarina,82430,PEDRAS GRANDES,3917,1961,1956
Sul,SC,Santa Catarina,82457,PENHA,17563,9361,8202
Sul,SC,Santa Catarina,82473,PERITIBA,2814,1406,1408
Sul,SC,Santa Catarina,83925,PESCARIA BRAVA,6776,3451,3325
Sul,SC,Santa Catarina,82490,PETROLÂNDIA,5190,2522,2668
Sul,SC,Santa Catarina,82538,PINHALZINHO,13788,7118,6670
Sul,SC,Santa Catarina,82554,PINHEIRO PRETO,2630,1320,1310
Sul,SC,Santa Catarina,82570,PIRATUBA,4677,2347,2330
Sul,SC,Santa Catarina,80543,PLANALTO ALEGRE,2793,1341,1452
Sul,SC,Santa Catarina,82597,POMERODE,24322,12308,12014
Sul,SC,Santa Catarina,82619,PONTE ALTA,4067,2042,2025
Sul,SC,Santa Catarina,80926,PONTE ALTA DO NORTE,2677,1338,1339
Sul,SC,Santa Catarina,82635,PONTE SERRADA,7605,3866,3739
Sul,SC,Santa Catarina,82651,PORTO BELO,13703,7152,6551
Sul,SC,Santa Catarina,82678,PORTO UNIÃO,25996,13431,12565
Sul,SC,Santa Catarina,82694,POUSO REDONDO,11387,5746,5641
Sul,SC,Santa Catarina,82716,PRAIA GRANDE,6100,3045,3055
Sul,SC,Santa Catarina,82732,PRESIDENTE CASTELLO BRANCO,1579,769,810
Sul,SC,Santa Catarina,82759,PRESIDENTE GETÚLIO,12920,6572,6348
Sul,SC,Santa Catarina,82775,PRESIDENTE NEREU,2179,1058,1121
Sul,SC,Santa Catarina,81647,PRINCESA,2553,1228,1325
Sul,SC,Santa Catarina,82791,QUILOMBO,7864,3943,3921
Sul,SC,Santa Catarina,82813,RANCHO QUEIMADO,2809,1384,1425
Sul,SC,Santa Catarina,82830,RIO DAS ANTAS,5395,2592,2803
Sul,SC,Santa Catarina,82856,RIO DO CAMPO,5116,2489,2627
Sul,SC,Santa Catarina,82872,RIO DO OESTE,5848,2850,2998
Sul,SC,Santa Catarina,82910,RIO DO SUL,49269,25966,23303
Sul,SC,Santa Catarina,82899,RIO DOS CEDROS,8381,4127,4254
Sul,SC,Santa Catarina,82937,RIO FORTUNA,4326,2098,2228
Sul,SC,Santa Catarina,82953,RIO NEGRINHO,31492,15933,15559
Sul,SC,Santa Catarina,80608,RIO RUFINO,2330,1111,1219
Sul,SC,Santa Catarina,80560,RIQUEZA,3999,1963,2036
Sul,SC,Santa Catarina,82970,RODEIO,9241,4740,4501
Sul,SC,Santa Catarina,82996,ROMELÂNDIA,3650,1819,1831
Sul,SC,Santa Catarina,83011,SALETE,6006,2938,3068
Sul,SC,Santa Catarina,81523,SALTINHO,3261,1574,1687
Sul,SC,Santa Catarina,83038,SALTO VELOSO,3564,1787,1777
Sul,SC,Santa Catarina,81000,SANGÃO,8326,4198,4128
Sul,SC,Santa Catarina,83054,SANTA CECÍLIA,13078,6572,6506
Sul,SC,Santa Catarina,80721,SANTA HELENA,2240,1107,1133
Sul,SC,Santa Catarina,83070,SANTA ROSA DE LIMA,1949,922,1027
Sul,SC,Santa Catarina,80241,SANTA ROSA DO SUL,7127,3530,3597
Sul,SC,Santa Catarina,80349,SANTA TEREZINHA,6522,3011,3511
Sul,SC,Santa Catarina,81507,SANTA TEREZINHA DO PROGRESSO,2381,1117,1264
Sul,SC,Santa Catarina,81205,SANTIAGO DO SUL,1384,658,726
Sul,SC,Santa Catarina,83097,SANTO AMARO DA IMPERATRIZ,17626,8948,8678
Sul,SC,Santa Catarina,83410,SAUDADES,7350,3591,3759
Sul,SC,Santa Catarina,83437,SCHROEDER,13418,6661,6757
Sul,SC,Santa Catarina,83453,SEARA,14238,7153,7085
Sul,SC,Santa Catarina,80284,SERRA ALTA,2761,1370,1391
Sul,SC,Santa Catarina,83470,SIDERÓPOLIS,10969,5628,5341
Sul,SC,Santa Catarina,83496,SOMBRIO,21859,11387,10472
Sul,SC,Santa Catarina,80446,SUL BRASIL,2372,1123,1249
Sul,SC,Santa Catarina,83119,SÃO BENTO DO SUL,61078,31354,29724
Sul,SC,Santa Catarina,81485,SÃO BERNARDINO,2354,1111,1243
Sul,SC,Santa Catarina,83135,SÃO BONIFÁCIO,2655,1272,1383
Sul,SC,Santa Catarina,83151,SÃO CARLOS,8248,4153,4095
Sul,SC,Santa Catarina,80942,SÃO CRISTÓVÃO DO SUL,3497,1801,1696
Sul,SC,Santa Catarina,83178,SÃO DOMINGOS,6937,3515,3422
Sul,SC,Santa Catarina,83194,SÃO FRANCISCO DO SUL,36840,18773,18067
Sul,SC,Santa Catarina,83259,SÃO JOAQUIM,19239,9754,9485
Sul,SC,Santa Catarina,83275,SÃO JOSÉ,167082,88915,78167
Sul,SC,Santa Catarina,83291,SÃO JOSÉ DO CEDRO,11423,5765,5658
Sul,SC,Santa Catarina,83313,SÃO JOSÉ DO CERRITO,7034,3385,3649
Sul,SC,Santa Catarina,83216,SÃO JOÃO BATISTA,21341,10944,10397
Sul,SC,Santa Catarina,81124,SÃO JOÃO DO ITAPERIÚ,3544,1671,1873
Sul,SC,Santa Catarina,80640,SÃO JOÃO DO OESTE,5151,2528,2623
Sul,SC,Santa Catarina,83232,SÃO JOÃO DO SUL,6270,3126,3144
Sul,SC,Santa Catarina,83330,SÃO LOURENÇO DO OESTE,18411,9433,8978
Sul,SC,Santa Catarina,83356,SÃO LUDGERO,8777,4405,4372
Sul,SC,Santa Catarina,83372,SÃO MARTINHO,3223,1551,1672
Sul,SC,Santa Catarina,80780,SÃO MIGUEL DA BOA VISTA,1655,816,839
Sul,SC,Santa Catarina,83399,SÃO MIGUEL DO OESTE,30398,15979,14419
Sul,SC,Santa Catarina,81183,SÃO PEDRO DE ALCÂNTARA,3823,1835,1988
Sul,SC,Santa Catarina,83518,TAIÓ,13947,7016,6931
Sul,SC,Santa Catarina,83534,TANGARÁ,6419,3144,3275
Sul,SC,Santa Catarina,81680,TIGRINHOS,1929,936,993
Sul,SC,Santa Catarina,83550,TIJUCAS,27508,14087,13421
Sul,SC,Santa Catarina,83933,TIMBÉ DO SUL,4573,2264,2309
Sul,SC,Santa Catarina,83577,TIMBÓ,32189,16620,15569
Sul,SC,Santa Catarina,80209,TIMBÓ GRANDE,5602,2743,2859
Sul,SC,Santa Catarina,81345,TREVISO,4076,1978,2098
Sul,SC,Santa Catarina,83615,TREZE DE MAIO,6188,3058,3130
Sul,SC,Santa Catarina,83631,TREZE TÍLIAS,5763,2951,2812
Sul,SC,Santa Catarina,83658,TROMBUDO CENTRAL,4876,2491,2385
Sul,SC,Santa Catarina,83593,TRÊS BARRAS,14525,7338,7187
Sul,SC,Santa Catarina,83674,TUBARÃO,78125,41581,36544
Sul,SC,Santa Catarina,83682,TUNÁPOLIS,3881,1909,1972
Sul,SC,Santa Catarina,83690,TURVO,8986,4647,4339
Sul,SC,Santa Catarina,80144,UNIÃO DO OESTE,2512,1200,1312
Sul,SC,Santa Catarina,83712,URUBICI,8278,4202,4076
Sul,SC,Santa Catarina,80160,URUPEMA,2286,1102,1184
Sul,SC,Santa Catarina,83739,URUSSANGA,17351,8995,8356
Sul,SC,Santa Catarina,80462,VARGEM,2666,1264,1402
Sul,SC,Santa Catarina,80969,VARGEM BONITA,4118,1990,2128
Sul,SC,Santa Catarina,83755,VARGEÃO,2682,1333,1349
Sul,SC,Santa Catarina,83771,VIDAL RAMOS,5156,2483,2673
Sul,SC,Santa Catarina,83798,VIDEIRA,37351,19424,17927
Sul,SC,Santa Catarina,80128,VITOR MEIRELES,4346,2074,2272
Sul,SC,Santa Catarina,83810,WITMARSUM,3287,1596,1691
Sul,SC,Santa Catarina,83836,XANXERÊ,34514,18140,16374
Sul,SC,Santa Catarina,83852,XAVANTINA,3532,1643,1889
Sul,SC,Santa Catarina,83879,XAXIM,21741,11287,10454
Sul,SC,Santa Catarina,81825,ZORTÉA,2671,1343,1328
Sul,SC,Santa Catarina,80071,ÁGUA DOCE,5448,2610,2838
Sul,SC,Santa Catarina,80098,ÁGUAS DE CHAPECÓ,4776,2356,2420
Sul,SC,Santa Catarina,80500,ÁGUAS FRIAS,2342,1124,1218
Sul,SC,Santa Catarina,80110,ÁGUAS MORNAS,5693,2763,2930
Nordeste,SE,Sergipe,31011,AMPARO DE SÃO FRANCISCO,2586,1295,1291
Nordeste,SE,Sergipe,31038,AQUIDABÃ,15613,8084,7529
Nordeste,SE,Sergipe,31054,ARACAJU,407888,224622,183266
Nordeste,SE,Sergipe,31070,ARAUÁ,9056,4586,4470
Nordeste,SE,Sergipe,31097,AREIA BRANCA,13097,6857,6240
Nordeste,SE,Sergipe,31119,BARRA DOS COQUEIROS,21122,11014,10108
Nordeste,SE,Sergipe,31151,BOQUIM,20686,10828,9858
Nordeste,SE,Sergipe,31135,BREJO GRANDE,6352,3220,3132
Nordeste,SE,Sergipe,31194,CAMPO DO BRITO,13994,7347,6647
Nordeste,SE,Sergipe,31216,CANHOBA,4217,2043,2174
Nordeste,SE,Sergipe,31232,CANINDÉ DE SÃO FRANCISCO,22724,11561,11163
Nordeste,SE,Sergipe,31259,CAPELA,24299,12489,11810
Nordeste,SE,Sergipe,31275,CARIRA,16388,8462,7926
Nordeste,SE,Sergipe,31291,CARMÓPOLIS,13196,6894,6302
Nordeste,SE,Sergipe,31313,CEDRO DE SÃO JOÃO,4910,2529,2381
Nordeste,SE,Sergipe,31330,CRISTINÁPOLIS,12938,6730,6208
Nordeste,SE,Sergipe,31372,CUMBE,3858,1938,1920
Nordeste,SE,Sergipe,31399,DIVINA PASTORA,3673,1842,1831
Nordeste,SE,Sergipe,31410,ESTÂNCIA,47425,24895,22530
Nordeste,SE,Sergipe,31437,FEIRA NOVA,5491,2852,2639
Nordeste,SE,Sergipe,31453,FREI PAULO,12053,6278,5775
Nordeste,SE,Sergipe,31496,GARARU,8760,4313,4447
Nordeste,SE,Sergipe,31470,GENERAL MAYNARD,2603,1294,1309
Nordeste,SE,Sergipe,31518,GRACCHO CARDOSO,5581,2779,2802
Nordeste,SE,Sergipe,31534,ILHA DAS FLORES,7051,3603,3448
Nordeste,SE,Sergipe,31550,INDIAROBA,11860,5960,5900
Nordeste,SE,Sergipe,31577,ITABAIANA,66769,35651,31118
Nordeste,SE,Sergipe,31593,ITABAIANINHA,28526,15006,13520
Nordeste,SE,Sergipe,31615,ITABI,4392,2220,2172
Nordeste,SE,Sergipe,31631,ITAPORANGA D'AJUDA,25931,13507,12424
Nordeste,SE,Sergipe,31658,JAPARATUBA,13908,7153,6755
Nordeste,SE,Sergipe,31674,JAPOATÃ,10362,5243,5119
Nordeste,SE,Sergipe,31690,LAGARTO,72228,38103,34125
Nordeste,SE,Sergipe,31712,LARANJEIRAS,21338,11013,10325
Nordeste,SE,Sergipe,31739,MACAMBIRA,6055,3114,2941
Nordeste,SE,Sergipe,31755,MALHADA DOS BOIS,3788,1935,1853
Nordeste,SE,Sergipe,31771,MALHADOR,9425,4849,4576
Nordeste,SE,Sergipe,31798,MARUIM,12220,6363,5857
Nordeste,SE,Sergipe,31810,MOITA BONITA,8947,4626,4321
Nordeste,SE,Sergipe,31836,MONTE ALEGRE DE SERGIPE,10965,5438,5527
Nordeste,SE,Sergipe,31852,MURIBECA,6702,3388,3314
Nordeste,SE,Sergipe,31879,NEÓPOLIS,13933,7259,6674
Nordeste,SE,Sergipe,31356,NOSSA SENHORA APARECIDA,6966,3480,3486
Nordeste,SE,Sergipe,31895,NOSSA SENHORA DA GLÓRIA,26014,13563,12451
Nordeste,SE,Sergipe,31917,NOSSA SENHORA DAS DORES,19886,10437,9449
Nordeste,SE,Sergipe,31933,NOSSA SENHORA DE LOURDES,5532,2803,2729
Nordeste,SE,Sergipe,31950,NOSSA SENHORA DO SOCORRO,103308,55144,48164
Nordeste,SE,Sergipe,31976,PACATUBA,11123,5601,5522
Nordeste,SE,Sergipe,31992,PEDRA MOLE,3065,1545,1520
Nordeste,SE,Sergipe,32018,PEDRINHAS,7233,3763,3470
Nordeste,SE,Sergipe,32034,PINHÃO,5161,2602,2559
Nordeste,SE,Sergipe,32050,PIRAMBU,7794,3951,3843
Nordeste,SE,Sergipe,32115,PORTO DA FOLHA,22217,11207,11010
Nordeste,SE,Sergipe,32077,POÇO REDONDO,19761,9972,9789
Nordeste,SE,Sergipe,32093,POÇO VERDE,18180,9441,8739
Nordeste,SE,Sergipe,32131,PROPRIÁ,19508,10378,9130
Nordeste,SE,Sergipe,32174,RIACHUELO,7800,4143,3657
Nordeste,SE,Sergipe,32158,RIACHÃO DO DANTAS,16298,8299,7999
Nordeste,SE,Sergipe,32190,RIBEIRÓPOLIS,13645,7156,6489
Nordeste,SE,Sergipe,32212,ROSÁRIO DO CATETE,8315,4457,3858
Nordeste,SE,Sergipe,32239,SALGADO,15228,7762,7466
Nordeste,SE,Sergipe,32255,SANTA LUZIA DO ITANHY,10407,5301,5106
Nordeste,SE,Sergipe,32298,SANTA ROSA DE LIMA,3831,1956,1875
Nordeste,SE,Sergipe,31003,SANTANA DO SÃO FRANCISCO,5473,2816,2657
Nordeste,SE,Sergipe,32310,SANTO AMARO DAS BROTAS,8655,4474,4181
Nordeste,SE,Sergipe,32417,SIMÃO DIAS,33832,17639,16193
Nordeste,SE,Sergipe,32433,SIRIRI,6345,3214,3131
Nordeste,SE,Sergipe,32336,SÃO CRISTÓVÃO,54289,28633,25656
Nordeste,SE,Sergipe,32352,SÃO DOMINGOS,7921,4072,3849
Nordeste,SE,Sergipe,32379,SÃO FRANCISCO,3499,1746,1753
Nordeste,SE,Sergipe,32395,SÃO MIGUEL DO ALEIXO,3813,1957,1856
Nordeste,SE,Sergipe,32450,TELHA,3235,1657,1578
Nordeste,SE,Sergipe,32476,TOBIAS BARRETO,38168,20161,18007
Nordeste,SE,Sergipe,32492,TOMAR DO GERU,9690,4924,4766
Nordeste,SE,Sergipe,32514,UMBAÚBA,17956,9441,8515
Sudeste,SP,São Paulo,61018,ADAMANTINA,27728,14695,12979
Sudeste,SP,São Paulo,61034,ADOLFO,4190,2055,2135
Sudeste,SP,São Paulo,61050,AGUAÍ,22341,11499,10842
Sudeste,SP,São Paulo,61131,AGUDOS,29966,15424,14538
Sudeste,SP,São Paulo,61581,ALAMBARI,4655,2323,2331
Sudeste,SP,São Paulo,61158,ALFREDO MARCONDES,3866,1918,1945
Sudeste,SP,São Paulo,61174,ALTAIR,3208,1495,1713
Sudeste,SP,São Paulo,61190,ALTINÓPOLIS,11237,5757,5480
Sudeste,SP,São Paulo,61212,ALTO ALEGRE,3732,1794,1935
Sudeste,SP,São Paulo,61220,ALUMÍNIO,14131,7070,7054
Sudeste,SP,São Paulo,61298,ALVINLÂNDIA,2759,1386,1372
Sudeste,SP,São Paulo,61310,AMERICANA,175226,91424,83678
Sudeste,SP,São Paulo,61379,AMPARO,54368,28015,26317
Sudeste,SP,São Paulo,61336,AMÉRICO BRASILIENSE,27494,13789,13700
Sudeste,SP,São Paulo,61352,AMÉRICO DE CAMPOS,4822,2488,2332
Sudeste,SP,São Paulo,61395,ANALÂNDIA,4323,2081,2242
Sudeste,SP,São Paulo,61417,ANDRADINA,44347,23428,20883
Sudeste,SP,São Paulo,61433,ANGATUBA,17871,8973,8898
Sudeste,SP,São Paulo,61450,ANHEMBI,5667,2742,2923
Sudeste,SP,São Paulo,61476,ANHUMAS,3377,1697,1680
Sudeste,SP,São Paulo,61492,APARECIDA,29106,15488,13595
Sudeste,SP,São Paulo,61514,APARECIDA D'OESTE,4031,2073,1956
Sudeste,SP,São Paulo,61530,APIAÍ,20378,10249,10127
Sudeste,SP,São Paulo,61590,ARAMINA,4597,2360,2237
Sudeste,SP,São Paulo,61611,ARANDU,5873,2880,2990
Sudeste,SP,São Paulo,61646,ARAPEÍ,2547,1269,1277
Sudeste,SP,São Paulo,61638,ARARAQUARA,166651,88683,77879
Sudeste,SP,São Paulo,61654,ARARAS,97387,50463,46819
Sudeste,SP,São Paulo,61263,ARAÇARIGUAMA,15834,7882,7948
Sudeste,SP,São Paulo,61557,ARAÇATUBA,144287,77203,66822
Sudeste,SP,São Paulo,61573,ARAÇOIABA DA SERRA,22608,11639,10969
Sudeste,SP,São Paulo,62065,ARCO-ÍRIS,2115,1024,1088
Sudeste,SP,São Paulo,61670,AREALVA,6375,3168,3196
Sudeste,SP,São Paulo,61697,AREIAS,2938,1462,1476
Sudeste,SP,São Paulo,61719,AREIÓPOLIS,8486,4111,4367
Sudeste,SP,São Paulo,61735,ARIRANHA,7256,3640,3615
Sudeste,SP,São Paulo,61751,ARTUR NOGUEIRA,34865,17962,16883
Sudeste,SP,São Paulo,61778,ARUJÁ,66630,34383,32218
Sudeste,SP,São Paulo,61522,ASPÁSIA,1861,922,935
Sudeste,SP,São Paulo,61794,ASSIS,71685,38606,33069
Sudeste,SP,São Paulo,61816,ATIBAIA,106960,56137,50774
Sudeste,SP,São Paulo,61832,AURIFLAMA,10449,5405,5044
Sudeste,SP,São Paulo,61875,AVANHANDAVA,7877,3985,3868
Sudeste,SP,São Paulo,61891,AVARÉ,65108,34264,30764
Sudeste,SP,São Paulo,61859,AVAÍ,4189,2053,2135
Sudeste,SP,São Paulo,61913,BADY BASSITT,12491,6404,6087
Sudeste,SP,São Paulo,61930,BALBINOS,1488,760,728
Sudeste,SP,São Paulo,61972,BANANAL,8889,4543,4341
Sudeste,SP,São Paulo,61999,BARBOSA,5362,2720,2638
Sudeste,SP,São Paulo,62030,BARIRI,25333,13064,12252
Sudeste,SP,São Paulo,62057,BARRA BONITA,30312,15620,14677
Sudeste,SP,São Paulo,61360,BARRA DO CHAPÉU,4765,2225,2540
Sudeste,SP,São Paulo,62073,BARRA DO TURVO,7061,3344,3702
Sudeste,SP,São Paulo,62090,BARRETOS,86843,46444,40143
Sudeste,SP,São Paulo,62111,BARRINHA,23051,11644,11394
Sudeste,SP,São Paulo,62138,BARUERI,252040,137752,114022
Sudeste,SP,São Paulo,62014,BARÃO DE ANTONINA,2725,1349,1376
Sudeste,SP,São Paulo,62154,BASTOS,17586,9031,8553
Sudeste,SP,São Paulo,62170,BATATAIS,43555,22758,20776
Sudeste,SP,São Paulo,62197,BAURU,268824,143084,125040
Sudeste,SP,São Paulo,62219,BEBEDOURO,58103,30432,27660
Sudeste,SP,São Paulo,62235,BENTO DE ABREU,2189,1102,1086
Sudeste,SP,São Paulo,62251,BERNARDINO DE CAMPOS,8419,4353,4048
Sudeste,SP,São Paulo,61280,BERTIOGA,42873,21763,21094
Sudeste,SP,São Paulo,62278,BILAC,6168,3178,2990
Sudeste,SP,São Paulo,62294,BIRIGUI,85382,45192,40172
Sudeste,SP,São Paulo,62316,BIRITIBA MIRIM,23317,11698,11601
Sudeste,SP,São Paulo,62332,BOA ESPERANÇA DO SUL,10170,5182,4988
Sudeste,SP,São Paulo,62359,BOCAINA,8960,4600,4356
Sudeste,SP,São Paulo,62375,BOFETE,8011,3907,4087
Sudeste,SP,São Paulo,62391,BOITUVA,41664,21223,20428
Sudeste,SP,São Paulo,62413,BOM JESUS DOS PERDÕES,16605,8499,8104
Sudeste,SP,São Paulo,61786,BOM SUCESSO DE ITARARÉ,3222,1561,1661
Sudeste,SP,São Paulo,62456,BORACÉIA,3705,1840,1865
Sudeste,SP,São Paulo,62472,BORBOREMA,11035,5601,5411
Sudeste,SP,São Paulo,61026,BOREBI,2206,1117,1089
Sudeste,SP,São Paulo,62430,BORÁ,1123,534,587
Sudeste,SP,São Paulo,62499,BOTUCATU,96216,50798,45418
Sudeste,SP,São Paulo,62510,BRAGANÇA PAULISTA,125204,65684,59466
Sudeste,SP,São Paulo,62553,BRAÚNA,4222,2140,2081
Sudeste,SP,São Paulo,62081,BREJO ALEGRE,2659,1333,1326
Sudeste,SP,São Paulo,62570,BRODOWSKI,16177,8567,7608
Sudeste,SP,São Paulo,62596,BROTAS,18322,9354,8963
Sudeste,SP,São Paulo,62618,BURI,15342,7565,7773
Sudeste,SP,São Paulo,62634,BURITAMA,13403,6983,6420
Sudeste,SP,São Paulo,62650,BURITIZAL,3666,1887,1779
Sudeste,SP,São Paulo,61956,BÁLSAMO,7189,3701,3486
Sudeste,SP,São Paulo,62693,CABREÚVA,33381,16809,16572
Sudeste,SP,São Paulo,62677,CABRÁLIA PAULISTA,3213,1614,1599
Sudeste,SP,São Paulo,62731,CACHOEIRA PAULISTA,25386,13263,12061
Sudeste,SP,São Paulo,62758,CACONDE,14633,7416,7211
Sudeste,SP,São Paulo,62774,CAFELÂNDIA,13393,6973,6420
Sudeste,SP,São Paulo,62790,CAIABU,3220,1582,1638
Sudeste,SP,São Paulo,62812,CAIEIRAS,66671,34943,31672
Sudeste,SP,São Paulo,62839,CAIUÁ,3955,1954,2001
Sudeste,SP,São Paulo,62855,CAJAMAR,61996,31565,30379
Sudeste,SP,São Paulo,61484,CAJATI,23527,11694,11752
Sudeste,SP,São Paulo,62871,CAJOBI,8084,3959,4123
Sudeste,SP,São Paulo,62898,CAJURU,19171,9795,9350
Sudeste,SP,São Paulo,61506,CAMPINA DO MONTE ALEGRE,4725,2328,2397
Sudeste,SP,São Paulo,62910,CAMPINAS,849127,451100,396950
Sudeste,SP,São Paulo,62936,CAMPO LIMPO PAULISTA,59860,31076,28755
Sudeste,SP,São Paulo,62952,CAMPOS DO JORDÃO,39314,20483,18725
Sudeste,SP,São Paulo,62979,CAMPOS NOVOS PAULISTA,3764,1853,1911
Sudeste,SP,São Paulo,62995,CANANÉIA,8513,4394,4119
Sudeste,SP,São Paulo,62103,CANAS,3872,1946,1924
Sudeste,SP,São Paulo,61344,CANITAR,3281,1637,1644
Sudeste,SP,São Paulo,63070,CAPELA DO ALTO,13646,6803,6842
Sudeste,SP,São Paulo,63096,CAPIVARI,37516,19354,18149
Sudeste,SP,São Paulo,63053,CAPÃO BONITO,36427,18512,17905
Sudeste,SP,São Paulo,63118,CARAGUATATUBA,91625,47718,43866
Sudeste,SP,São Paulo,63134,CARAPICUÍBA,290990,152839,137887
Sudeste,SP,São Paulo,63150,CARDOSO,10465,5400,5065
Sudeste,SP,São Paulo,63177,CASA BRANCA,20766,10738,9956
Sudeste,SP,São Paulo,63215,CASTILHO,14664,7506,7132
Sudeste,SP,São Paulo,63231,CATANDUVA,85817,45322,40495
Sudeste,SP,São Paulo,63258,CATIGUÁ,5769,2856,2913
Sudeste,SP,São Paulo,62715,CAÇAPAVA,71321,36733,34503
Sudeste,SP,São Paulo,63274,CEDRAL,6959,3542,3411
Sudeste,SP,São Paulo,63290,CERQUEIRA CÉSAR,15240,7828,7411
Sudeste,SP,São Paulo,63312,CERQUILHO,34583,17777,16797
Sudeste,SP,São Paulo,63339,CESÁRIO LANGE,12715,6313,6399
Sudeste,SP,São Paulo,63355,CHARQUEADA,12717,6298,6418
Sudeste,SP,São Paulo,63371,CHAVANTES,8100,4175,3925
Sudeste,SP,São Paulo,63398,CLEMENTINA,5489,2697,2791
Sudeste,SP,São Paulo,63410,COLINA,14812,7515,7285
Sudeste,SP,São Paulo,63436,COLÔMBIA,6017,2965,3051
Sudeste,SP,São Paulo,63452,CONCHAL,20449,10288,10129
Sudeste,SP,São Paulo,63479,CONCHAS,13783,7035,6741
Sudeste,SP,São Paulo,63495,CORDEIRÓPOLIS,18699,9480,9209
Sudeste,SP,São Paulo,63517,COROADOS,4154,2108,2046
Sudeste,SP,São Paulo,63533,CORONEL MACEDO,3678,1825,1853
Sudeste,SP,São Paulo,63550,CORUMBATAÍ,3200,1563,1637
Sudeste,SP,São Paulo,63592,COSMORAMA,6384,3225,3157
Sudeste,SP,São Paulo,63576,COSMÓPOLIS,45892,23266,22601
Sudeste,SP,São Paulo,63614,COTIA,168031,88353,79557
Sudeste,SP,São Paulo,63630,CRAVINHOS,26203,13292,12910
Sudeste,SP,São Paulo,63657,CRISTAIS PAULISTA,7243,3515,3719
Sudeste,SP,São Paulo,63690,CRUZEIRO,59614,31434,28112
Sudeste,SP,São Paulo,63673,CRUZÁLIA,2116,1018,1005
Sudeste,SP,São Paulo,63711,CUBATÃO,96250,48948,47149
Sudeste,SP,São Paulo,63738,CUNHA,16023,7911,8112
Sudeste,SP,São Paulo,63193,CÁSSIA DOS COQUEIROS,2901,1416,1485
Sudeste,SP,São Paulo,63010,CÂNDIDO MOTA,24945,12811,12107
Sudeste,SP,São Paulo,63037,CÂNDIDO RODRIGUES,2526,1302,1214
Sudeste,SP,São Paulo,63754,DESCALVADO,23849,12376,11473
Sudeste,SP,São Paulo,63770,DIADEMA,332936,175449,157192
Sudeste,SP,São Paulo,61123,DIRCE REIS,1662,815,847
Sudeste,SP,São Paulo,63797,DIVINOLÂNDIA,9291,4755,4535
Sudeste,SP,São Paulo,63819,DOBRADA,6128,3044,3084
Sudeste,SP,São Paulo,63835,DOIS CÓRREGOS,19362,9899,9436
Sudeste,SP,São Paulo,63851,DOLCINÓPOLIS,2267,1122,1142
Sudeste,SP,São Paulo,63878,DOURADO,7380,3701,3679
Sudeste,SP,São Paulo,63894,DRACENA,35220,18699,16484
Sudeste,SP,São Paulo,63916,DUARTINA,10322,5375,4946
Sudeste,SP,São Paulo,63932,DUMONT,6851,3450,3398
Sudeste,SP,São Paulo,63959,ECHAPORÃ,5286,2686,2600
Sudeste,SP,São Paulo,63975,ELDORADO,11910,5871,6038
Sudeste,SP,São Paulo,63991,ELIAS FAUSTO,13261,6538,6723
Sudeste,SP,São Paulo,61760,ELISIÁRIO,2681,1314,1367
Sudeste,SP,São Paulo,61182,EMBAÚBA,2338,1115,1223
Sudeste,SP,São Paulo,64017,EMBU DAS ARTES,181821,97211,84610
Sudeste,SP,São Paulo,64033,EMBU-GUAÇU,52984,27274,25680
Sudeste,SP,São Paulo,61387,EMILIANÓPOLIS,2702,1333,1368
Sudeste,SP,São Paulo,61689,ENGENHEIRO COELHO,14177,6983,7190
Sudeste,SP,São Paulo,68659,ESPÍRITO SANTO DO PINHAL,33949,17510,16338
Sudeste,SP,São Paulo,61140,ESPÍRITO SANTO DO TURVO,3442,1709,1733
Sudeste,SP,São Paulo,61662,ESTIVA GERBI,8631,4306,4325
Sudeste,SP,São Paulo,64050,ESTRELA D'OESTE,7101,3612,3489
Sudeste,SP,São Paulo,64076,ESTRELA DO NORTE,2600,1286,1312
Sudeste,SP,São Paulo,61000,EUCLIDES DA CUNHA PAULISTA,7627,3842,3783
Sudeste,SP,São Paulo,64092,FARTURA,13201,6910,6286
Sudeste,SP,São Paulo,64130,FERNANDO PRESTES,4924,2500,2423
Sudeste,SP,São Paulo,64114,FERNANDÓPOLIS,52410,27545,24829
Sudeste,SP,São Paulo,62286,FERNÃO,1547,756,791
Sudeste,SP,São Paulo,64157,FERRAZ DE VASCONCELOS,126928,66317,60467
Sudeste,SP,São Paulo,64173,FLORA RICA,1733,870,862
Sudeste,SP,São Paulo,64190,FLOREAL,2440,1250,1190
Sudeste,SP,São Paulo,64238,FLORÍNEA,2734,1374,1360
Sudeste,SP,São Paulo,64211,FLÓRIDA PAULISTA,8193,4168,4023
Sudeste,SP,São Paulo,64254,FRANCA,238375,126082,112078
Sudeste,SP,São Paulo,64270,FRANCISCO MORATO,121391,63015,58250
Sudeste,SP,São Paulo,64297,FRANCO DA ROCHA,99272,51560,47623
Sudeste,SP,São Paulo,64319,GABRIEL MONTEIRO,2439,1222,1217
Sudeste,SP,São Paulo,64351,GARÇA,35270,18636,16627
Sudeste,SP,São Paulo,64378,GASTÃO VIDIGAL,2731,1358,1373
Sudeste,SP,São Paulo,62308,GAVIÃO PEIXOTO,4053,1985,2066
Sudeste,SP,São Paulo,64394,GENERAL SALGADO,7930,4037,3893
Sudeste,SP,São Paulo,64416,GETULINA,8314,4248,4065
Sudeste,SP,São Paulo,64432,GLICÉRIO,4060,1999,2061
Sudeste,SP,São Paulo,64475,GUAIMBÊ,4662,2361,2300
Sudeste,SP,São Paulo,64459,GUAIÇARA,8675,4432,4242
Sudeste,SP,São Paulo,64530,GUAPIARA,15220,7403,7803
Sudeste,SP,São Paulo,64513,GUAPIAÇU,14488,7341,7146
Sudeste,SP,São Paulo,64599,GUARACI,8419,4138,4281
Sudeste,SP,São Paulo,64610,GUARANI D'OESTE,1379,721,658
Sudeste,SP,São Paulo,64637,GUARANTÃ,5329,2679,2649
Sudeste,SP,São Paulo,64653,GUARARAPES,21277,11171,10106
Sudeste,SP,São Paulo,64670,GUARAREMA,24082,12215,11863
Sudeste,SP,São Paulo,64696,GUARATINGUETÁ,92488,48817,43535
Sudeste,SP,São Paulo,64572,GUARAÇAÍ,6801,3465,3335
Sudeste,SP,São Paulo,64718,GUAREÍ,8875,4301,4572
Sudeste,SP,São Paulo,64734,GUARIBA,28771,14676,14059
Sudeste,SP,São Paulo,64750,GUARUJÁ,226660,118714,107707
Sudeste,SP,São Paulo,64777,GUARULHOS,814342,439778,374563
Sudeste,SP,São Paulo,64556,GUARÁ,13118,6947,6171
Sudeste,SP,São Paulo,61107,GUATAPARÁ,5493,2711,2782
Sudeste,SP,São Paulo,64491,GUAÍRA,30109,15542,14540
Sudeste,SP,São Paulo,64793,GUZOLÂNDIA,3350,1683,1667
Sudeste,SP,São Paulo,64335,GÁLIA,5488,2768,2718
Sudeste,SP,São Paulo,64815,HERCULÂNDIA,7113,3648,3465
Sudeste,SP,São Paulo,61743,HOLAMBRA,10553,5322,5227
Sudeste,SP,São Paulo,61727,HORTOLÂNDIA,149024,77900,71102
Sudeste,SP,São Paulo,64831,IACANGA,7994,4013,3974
Sudeste,SP,São Paulo,64858,IACRI,5235,2621,2597
Sudeste,SP,São Paulo,61085,IARAS,4397,1956,2441
Sudeste,SP,São Paulo,64874,IBATÉ,25007,12532,12459
Sudeste,SP,São Paulo,64912,IBIRAREMA,4990,2560,2430
Sudeste,SP,São Paulo,64890,IBIRÁ,8821,4529,4283
Sudeste,SP,São Paulo,64939,IBITINGA,43165,22439,20680
Sudeste,SP,São Paulo,64955,IBIÚNA,59192,29707,29480
Sudeste,SP,São Paulo,64971,ICÉM,6386,3190,3193
Sudeste,SP,São Paulo,64998,IEPÊ,6382,3287,3095
Sudeste,SP,São Paulo,65030,IGARAPAVA,21640,11261,10369
Sudeste,SP,São Paulo,65056,IGARATÁ,8225,4104,4121
Sudeste,SP,São Paulo,65013,IGARAÇU DO TIETÊ,18723,9569,9150
Sudeste,SP,São Paulo,65072,IGUAPE,23147,11776,11371
Sudeste,SP,São Paulo,62006,ILHA COMPRIDA,11227,5734,5493
Sudeste,SP,São Paulo,61204,ILHA SOLTEIRA,21425,10962,10138
Sudeste,SP,São Paulo,65099,ILHABELA,24361,12233,12125
Sudeste,SP,São Paulo,65110,INDAIATUBA,161607,83944,77373
Sudeste,SP,São Paulo,65137,INDIANA,3720,1902,1818
Sudeste,SP,São Paulo,65153,INDIAPORÃ,2681,1367,1314
Sudeste,SP,São Paulo,65170,INÚBIA PAULISTA,2886,1440,1446
Sudeste,SP,São Paulo,65196,IPAUSSU,10747,5530,5142
Sudeste,SP,São Paulo,65218,IPERÓ,19866,10026,9839
Sudeste,SP,São Paulo,65234,IPEÚNA,5247,2585,2662
Sudeste,SP,São Paulo,62243,IPIGUÁ,4201,2101,2099
Sudeste,SP,São Paulo,65250,IPORANGA,3498,1725,1773
Sudeste,SP,São Paulo,65277,IPUÃ,10779,5389,5385
Sudeste,SP,São Paulo,65293,IRACEMÁPOLIS,17436,8791,8644
Sudeste,SP,São Paulo,65331,IRAPURU,5280,2695,2585
Sudeste,SP,São Paulo,65315,IRAPUÃ,5727,2824,2902
Sudeste,SP,São Paulo,65358,ITABERÁ,14153,7146,6991
Sudeste,SP,São Paulo,65390,ITAJOBI,12212,6163,6044
Sudeste,SP,São Paulo,65412,ITAJU,3106,1499,1606
Sudeste,SP,São Paulo,65439,ITANHAÉM,75815,40619,35126
Sudeste,SP,São Paulo,61603,ITAOCA,3094,1491,1602
Sudeste,SP,São Paulo,65455,ITAPECERICA DA SERRA,115883,60589,55226
Sudeste,SP,São Paulo,65471,ITAPETININGA,109056,56724,52311
Sudeste,SP,São Paulo,65498,ITAPEVA,69461,35698,33710
Sudeste,SP,São Paulo,65510,ITAPEVI,149974,78937,70948
Sudeste,SP,São Paulo,65536,ITAPIRA,55972,28893,27001
Sudeste,SP,São Paulo,61948,ITAPIRAPUÃ PAULISTA,3272,1556,1716
Sudeste,SP,São Paulo,65579,ITAPORANGA,11591,5876,5704
Sudeste,SP,São Paulo,65617,ITAPURA,3859,1871,1970
Sudeste,SP,São Paulo,65595,ITAPUÍ,9243,4676,4564
Sudeste,SP,São Paulo,65633,ITAQUAQUECETUBA,232295,121856,110337
Sudeste,SP,São Paulo,65650,ITARARÉ,36636,19147,17489
Sudeste,SP,São Paulo,65676,ITARIRI,9611,4790,4821
Sudeste,SP,São Paulo,65692,ITATIBA,79783,41535,38179
Sudeste,SP,São Paulo,65714,ITATINGA,13085,6518,6567
Sudeste,SP,São Paulo,65374,ITAÍ,16997,8627,8351
Sudeste,SP,São Paulo,65730,ITIRAPINA,9531,4871,4660
Sudeste,SP,São Paulo,65757,ITIRAPUÃ,5033,2476,2548
Sudeste,SP,São Paulo,65773,ITOBI,6348,3065,3274
Sudeste,SP,São Paulo,65790,ITU,122652,63730,58872
Sudeste,SP,São Paulo,65811,ITUPEVA,40440,20566,19874
Sudeste,SP,São Paulo,65838,ITUVERAVA,29953,15842,14092
Sudeste,SP,São Paulo,65552,ITÁPOLIS,30978,16076,14825
Sudeste,SP,São Paulo,65854,JABORANDI,5095,2582,2511
Sudeste,SP,São Paulo,65870,JABOTICABAL,53550,28444,25074
Sudeste,SP,São Paulo,65897,JACAREÍ,164797,86007,78390
Sudeste,SP,São Paulo,65919,JACI,5486,2717,2767
Sudeste,SP,São Paulo,65935,JACUPIRANGA,13527,6736,6784
Sudeste,SP,São Paulo,65951,JAGUARIÚNA,39517,20706,18803
Sudeste,SP,São Paulo,65978,JALES,38021,19956,17995
Sudeste,SP,São Paulo,65994,JAMBEIRO,4898,2392,2506
Sudeste,SP,São Paulo,66010,JANDIRA,78720,40486,38195
Sudeste,SP,São Paulo,66036,JARDINÓPOLIS,28321,14561,13748
Sudeste,SP,São Paulo,66052,JARINU,22651,11260,11386
Sudeste,SP,São Paulo,66079,JAÚ,100984,52974,47919
Sudeste,SP,São Paulo,66095,JERIQUARA,2739,1392,1347
Sudeste,SP,São Paulo,66117,JOANÓPOLIS,9459,4807,4635
Sudeste,SP,São Paulo,66150,JOSÉ BONIFÁCIO,26575,13634,12924
Sudeste,SP,São Paulo,66133,JOÃO RAMALHO,3144,1585,1559
Sudeste,SP,São Paulo,62324,JUMIRIM,2353,1112,1240
Sudeste,SP,São Paulo,66192,JUNDIAÍ,308201,162192,146007
Sudeste,SP,São Paulo,66214,JUNQUEIRÓPOLIS,13220,6805,6415
Sudeste,SP,São Paulo,66257,JUQUITIBA,22852,11379,11472
Sudeste,SP,São Paulo,66230,JUQUIÁ,16790,8295,8491
Sudeste,SP,São Paulo,66176,JÚLIO MESQUITA,3814,1977,1837
Sudeste,SP,São Paulo,66273,LAGOINHA,5041,2417,2624
Sudeste,SP,São Paulo,66290,LARANJAL PAULISTA,21164,10912,10243
Sudeste,SP,São Paulo,66338,LAVRINHAS,6204,3107,3096
Sudeste,SP,São Paulo,66311,LAVÍNIA,4187,2170,2016
Sudeste,SP,São Paulo,66354,LEME,73298,37372,35912
Sudeste,SP,São Paulo,66370,LENÇÓIS PAULISTA,49067,25083,23983
Sudeste,SP,São Paulo,66397,LIMEIRA,216609,112813,103338
Sudeste,SP,São Paulo,66419,LINDÓIA,5683,2960,2723
Sudeste,SP,São Paulo,66435,LINS,56995,30353,26614
Sudeste,SP,São Paulo,66451,LORENA,63654,33761,29810
Sudeste,SP,São Paulo,62022,LOURDES,1967,970,997
Sudeste,SP,São Paulo,66478,LOUVEIRA,32961,16771,16190
Sudeste,SP,São Paulo,66516,LUCIANÓPOLIS,2074,1015,1058
Sudeste,SP,São Paulo,66494,LUCÉLIA,12594,6580,6014
Sudeste,SP,São Paulo,66559,LUIZIÂNIA,4006,1996,2004
Sudeste,SP,São Paulo,66575,LUPÉRCIO,3594,1848,1746
Sudeste,SP,São Paulo,66591,LUTÉCIA,2543,1272,1268
Sudeste,SP,São Paulo,66532,LUÍS ANTÔNIO,9583,4706,4877
Sudeste,SP,São Paulo,66613,MACATUBA,13093,6599,6481
Sudeste,SP,São Paulo,66630,MACAUBAL,5982,3027,2953
Sudeste,SP,São Paulo,66656,MACEDÔNIA,2819,1440,1379
Sudeste,SP,São Paulo,66672,MAGDA,2557,1278,1279
Sudeste,SP,São Paulo,66699,MAIRINQUE,37407,19064,18334
Sudeste,SP,São Paulo,66710,MAIRIPORÃ,61289,31531,29715
Sudeste,SP,São Paulo,66737,MANDURI,7299,3667,3627
Sudeste,SP,São Paulo,66753,MARABÁ PAULISTA,3303,1579,1724
Sudeste,SP,São Paulo,66770,MARACAÍ,10845,5423,5414
Sudeste,SP,São Paulo,61867,MARAPOAMA,2650,1319,1330
Sudeste,SP,São Paulo,66834,MARINÓPOLIS,1866,925,941
Sudeste,SP,São Paulo,66796,MARIÁPOLIS,3169,1565,1600
Sudeste,SP,São Paulo,66850,MARTINÓPOLIS,16749,8792,7957
Sudeste,SP,São Paulo,66818,MARÍLIA,171775,91804,79933
Sudeste,SP,São Paulo,66877,MATÃO,63989,32830,31127
Sudeste,SP,São Paulo,66893,MAUÁ,306653,160770,145549
Sudeste,SP,São Paulo,66915,MENDONÇA,4478,2216,2239
Sudeste,SP,São Paulo,66931,MERIDIANO,3135,1628,1507
Sudeste,SP,São Paulo,61964,MESÓPOLIS,1764,877,886
Sudeste,SP,São Paulo,66958,MIGUELÓPOLIS,13770,7151,6619
Sudeste,SP,São Paulo,66974,MINEIROS DO TIETÊ,9224,4685,4534
Sudeste,SP,São Paulo,67016,MIRA ESTRELA,2592,1315,1277
Sudeste,SP,São Paulo,66990,MIRACATU,17300,8633,8659
Sudeste,SP,São Paulo,67032,MIRANDÓPOLIS,20213,10408,9804
Sudeste,SP,São Paulo,67059,MIRANTE DO PARANAPANEMA,12431,6372,6057
Sudeste,SP,São Paulo,67075,MIRASSOL,42498,22089,20370
Sudeste,SP,São Paulo,67091,MIRASSOLÂNDIA,3565,1749,1816
Sudeste,SP,São Paulo,67113,MOCOCA,53411,27247,26145
Sudeste,SP,São Paulo,67130,MOGI DAS CRUZES,309844,163360,146206
Sudeste,SP,São Paulo,67156,MOGI GUAÇU,113319,58340,54963
Sudeste,SP,São Paulo,67172,MOGI MIRIM,68088,35246,32743
Sudeste,SP,São Paulo,67199,MOMBUCA,3296,1647,1649
Sudeste,SP,São Paulo,67237,MONGAGUÁ,44495,23608,20858
Sudeste,SP,São Paulo,67253,MONTE ALEGRE DO SUL,6170,3096,3073
Sudeste,SP,São Paulo,67270,MONTE ALTO,37137,19158,17945
Sudeste,SP,São Paulo,67296,MONTE APRAZÍVEL,17181,8865,8293
Sudeste,SP,São Paulo,67318,MONTE AZUL PAULISTA,13375,6895,6480
Sudeste,SP,São Paulo,67334,MONTE CASTELO,3438,1756,1665
Sudeste,SP,São Paulo,67377,MONTE MOR,41406,21427,19970
Sudeste,SP,São Paulo,67350,MONTEIRO LOBATO,3720,1786,1934
Sudeste,SP,São Paulo,67210,MONÇÕES,1941,965,976
Sudeste,SP,São Paulo,67393,MORRO AGUDO,20749,10540,10207
Sudeste,SP,São Paulo,67415,MORUNGABA,10163,5157,5003
Sudeste,SP,São Paulo,61069,MOTUCA,3753,1889,1864
Sudeste,SP,São Paulo,67431,MURUTINGA DO SUL,3592,1804,1782
Sudeste,SP,São Paulo,62340,NANTES,2327,1162,1165
Sudeste,SP,São Paulo,67458,NARANDIBA,4225,2102,2114
Sudeste,SP,São Paulo,67474,NATIVIDADE DA SERRA,6380,2868,3506
Sudeste,SP,São Paulo,67490,NAZARÉ PAULISTA,14073,6969,7086
Sudeste,SP,São Paulo,67512,NEVES PAULISTA,7580,3863,3706
Sudeste,SP,São Paulo,67539,NHANDEARA,7260,3792,3468
Sudeste,SP,São Paulo,67555,NIPOÃ,3897,1837,2047
Sudeste,SP,São Paulo,67571,NOVA ALIANÇA,5100,2587,2503
Sudeste,SP,São Paulo,61980,NOVA CAMPINA,7102,3475,3625
Sudeste,SP,São Paulo,61425,NOVA CANAÃ PAULISTA,2112,1033,1079
Sudeste,SP,São Paulo,62367,NOVA CASTILHO,1155,556,599
Sudeste,SP,São Paulo,67598,NOVA EUROPA,7709,3851,3856
Sudeste,SP,São Paulo,67610,NOVA GRANADA,15569,7865,7695
Sudeste,SP,São Paulo,67636,NOVA GUATAPORANGA,1998,1019,978
Sudeste,SP,São Paulo,67652,NOVA INDEPENDÊNCIA,2759,1421,1338
Sudeste,SP,São Paulo,67679,NOVA LUZITÂNIA,2549,1260,1289
Sudeste,SP,São Paulo,67695,NOVA ODESSA,45570,23527,22014
Sudeste,SP,São Paulo,61409,NOVAIS,3595,1751,1844
Sudeste,SP,São Paulo,67717,NOVO HORIZONTE,29338,15090,14240
Sudeste,SP,São Paulo,67733,NUPORANGA,5822,2953,2869
Sudeste,SP,São Paulo,67750,OCAUÇU,3068,1533,1535
Sudeste,SP,São Paulo,67792,OLÍMPIA,41115,21353,19709
Sudeste,SP,São Paulo,67814,ONDA VERDE,3832,1897,1935
Sudeste,SP,São Paulo,67830,ORIENTE,4600,2369,2231
Sudeste,SP,São Paulo,67857,ORINDIÚVA,4703,2346,2354
Sudeste,SP,São Paulo,67873,ORLÂNDIA,30871,16091,14723
Sudeste,SP,São Paulo,67890,OSASCO,569477,301551,267262
Sudeste,SP,São Paulo,67911,OSCAR BRESSANE,2747,1434,1310
Sudeste,SP,São Paulo,67938,OSVALDO CRUZ,24641,12874,11589
Sudeste,SP,São Paulo,67954,OURINHOS,79030,41930,37052
Sudeste,SP,São Paulo,67970,OURO VERDE,6227,3195,3032
Sudeste,SP,São Paulo,62383,OUROESTE,6780,3582,3198
Sudeste,SP,São Paulo,67997,PACAEMBU,9013,4653,4360
Sudeste,SP,São Paulo,68012,PALESTINA,9230,4681,4549
Sudeste,SP,São Paulo,68039,PALMARES PAULISTA,7421,3675,3736
Sudeste,SP,São Paulo,68055,PALMEIRA D'OESTE,8022,4113,3909
Sudeste,SP,São Paulo,68071,PALMITAL,17277,9061,8216
Sudeste,SP,São Paulo,68098,PANORAMA,10531,5469,5058
Sudeste,SP,São Paulo,68110,PARAGUAÇU PAULISTA,32544,16976,15486
Sudeste,SP,São Paulo,68136,PARAIBUNA,14448,7127,7298
Sudeste,SP,São Paulo,68179,PARANAPANEMA,13879,6885,6981
Sudeste,SP,São Paulo,68195,PARANAPUÃ,3144,1553,1591
Sudeste,SP,São Paulo,68217,PARAPUÃ,8523,4349,4169
Sudeste,SP,São Paulo,68152,PARAÍSO,4350,2162,2188
Sudeste,SP,São Paulo,68233,PARDINHO,5139,2537,2602
Sudeste,SP,São Paulo,68250,PARIQUERA-AÇU,15034,7576,7430
Sudeste,SP,São Paulo,61824,PARISI,2433,1199,1232
Sudeste,SP,São Paulo,68276,PATROCÍNIO PAULISTA,10783,5411,5337
Sudeste,SP,São Paulo,68292,PAULICÉIA,5929,2930,2996
Sudeste,SP,São Paulo,62405,PAULISTÂNIA,1837,920,915
Sudeste,SP,São Paulo,68330,PAULO DE FARIA,6543,3352,3187
Sudeste,SP,São Paulo,68314,PAULÍNIA,73171,37829,35299
Sudeste,SP,São Paulo,68357,PEDERNEIRAS,33014,16806,16158
Sudeste,SP,São Paulo,68373,PEDRA BELA,5081,2505,2566
Sudeste,SP,São Paulo,68390,PEDRANÓPOLIS,1877,925,952
Sudeste,SP,São Paulo,68411,PEDREGULHO,10856,5568,5288
Sudeste,SP,São Paulo,68438,PEDREIRA,34369,17552,16810
Sudeste,SP,São Paulo,61247,PEDRINHAS PAULISTA,2870,1390,1373
Sudeste,SP,São Paulo,68454,PEDRO DE TOLEDO,8238,4058,4164
Sudeste,SP,São Paulo,68470,PENÁPOLIS,46129,24409,21664
Sudeste,SP,São Paulo,68497,PEREIRA BARRETO,20501,10661,9795
Sudeste,SP,São Paulo,68519,PEREIRAS,6748,3293,3448
Sudeste,SP,São Paulo,68535,PERUÍBE,55852,29704,26007
Sudeste,SP,São Paulo,68551,PIACATU,4609,2350,2259
Sudeste,SP,São Paulo,68578,PIEDADE,42286,21215,21036
Sudeste,SP,São Paulo,68594,PILAR DO SUL,21662,10868,10741
Sudeste,SP,São Paulo,68616,PINDAMONHANGABA,113051,58647,54371
Sudeste,SP,São Paulo,68632,PINDORAMA,11540,5791,5658
Sudeste,SP,São Paulo,68675,PINHALZINHO,10626,5381,5236
Sudeste,SP,São Paulo,68691,PIQUEROBI,2746,1416,1330
Sudeste,SP,São Paulo,68713,PIQUETE,9143,4846,4297
Sudeste,SP,São Paulo,68730,PIRACAIA,22076,11244,10818
Sudeste,SP,São Paulo,68756,PIRACICABA,288967,151318,136949
Sudeste,SP,São Paulo,68772,PIRAJU,23593,12326,11260
Sudeste,SP,São Paulo,68799,PIRAJUÍ,16074,8412,7662
Sudeste,SP,São Paulo,68810,PIRANGI,8042,4090,3950
Sudeste,SP,São Paulo,68837,PIRAPORA DO BOM JESUS,12022,6123,5891
Sudeste,SP,São Paulo,68853,PIRAPOZINHO,20537,10640,9876
Sudeste,SP,São Paulo,68870,PIRASSUNUNGA,57715,29832,27875
Sudeste,SP,São Paulo,68896,PIRATININGA,8534,4443,4091
Sudeste,SP,São Paulo,68918,PITANGUEIRAS,26525,13243,13253
Sudeste,SP,São Paulo,68934,PLANALTO,4178,2070,2108
Sudeste,SP,São Paulo,68950,PLATINA,2778,1348,1430
Sudeste,SP,São Paulo,68993,POLONI,4548,2360,2185
Sudeste,SP,São Paulo,69019,POMPÉIA,16327,8449,7875
Sudeste,SP,São Paulo,69035,PONGAÍ,3180,1578,1602
Sudeste,SP,São Paulo,69051,PONTAL,27653,13862,13790
Sudeste,SP,São Paulo,61808,PONTALINDA,3313,1578,1732
Sudeste,SP,São Paulo,69078,PONTES GESTAL,2491,1249,1242
Sudeste,SP,São Paulo,69094,POPULINA,3691,1857,1834
Sudeste,SP,São Paulo,69116,PORANGABA,6571,3227,3341
Sudeste,SP,São Paulo,69132,PORTO FELIZ,40560,20669,19881
Sudeste,SP,São Paulo,69159,PORTO FERREIRA,41391,21555,19829
Sudeste,SP,São Paulo,61565,POTIM,12195,6365,5824
Sudeste,SP,São Paulo,69175,POTIRENDABA,12657,6422,6234
Sudeste,SP,São Paulo,68977,POÁ,93626,49318,44245
Sudeste,SP,São Paulo,62120,PRACINHA,1230,633,597
Sudeste,SP,São Paulo,69191,PRADÓPOLIS,13254,6569,6643
Sudeste,SP,São Paulo,69213,PRAIA GRANDE,213666,115757,97832
Sudeste,SP,São Paulo,62146,PRATÂNIA,4507,2154,2350
Sudeste,SP,São Paulo,69230,PRESIDENTE ALVES,3574,1817,1757
Sudeste,SP,São Paulo,69256,PRESIDENTE BERNARDES,11450,5918,5522
Sudeste,SP,São Paulo,69272,PRESIDENTE EPITÁCIO,31797,16669,15107
Sudeste,SP,São Paulo,69299,PRESIDENTE PRUDENTE,172720,91951,80279
Sudeste,SP,São Paulo,69310,PRESIDENTE VENCESLAU,29142,15640,13489
Sudeste,SP,São Paulo,69337,PROMISSÃO,28282,14640,13637
Sudeste,SP,São Paulo,62162,QUADRA,3110,1471,1639
Sudeste,SP,São Paulo,69353,QUATÁ,9554,4826,4728
Sudeste,SP,São Paulo,69370,QUEIROZ,3364,1610,1753
Sudeste,SP,São Paulo,69396,QUELUZ,6526,3319,3207
Sudeste,SP,São Paulo,69418,QUINTANA,5236,2660,2576
Sudeste,SP,São Paulo,69434,RAFARD,7496,3804,3690
Sudeste,SP,São Paulo,69450,RANCHARIA,24806,12843,11922
Sudeste,SP,São Paulo,69477,REDENÇÃO DA SERRA,4057,1894,2159
Sudeste,SP,São Paulo,69493,REGENTE FEIJÓ,13812,7237,6574
Sudeste,SP,São Paulo,69515,REGINÓPOLIS,4547,2311,2235
Sudeste,SP,São Paulo,69531,REGISTRO,46205,23883,22296
Sudeste,SP,São Paulo,69558,RESTINGA,6532,3236,3293
Sudeste,SP,São Paulo,69574,RIBEIRA,2996,1427,1569
Sudeste,SP,São Paulo,69590,RIBEIRÃO BONITO,9105,4615,4488
Sudeste,SP,São Paulo,69612,RIBEIRÃO BRANCO,15190,7403,7784
Sudeste,SP,São Paulo,69639,RIBEIRÃO CORRENTE,4028,1973,2054
Sudeste,SP,São Paulo,69655,RIBEIRÃO DO SUL,3531,1766,1765
Sudeste,SP,São Paulo,62421,RIBEIRÃO DOS ÍNDIOS,1800,947,853
Sudeste,SP,São Paulo,61700,RIBEIRÃO GRANDE,6730,3264,3465
Sudeste,SP,São Paulo,69671,RIBEIRÃO PIRES,90632,46824,43718
Sudeste,SP,São Paulo,69698,RIBEIRÃO PRETO,443222,238365,204647
Sudeste,SP,São Paulo,69736,RIFAINA,3702,1866,1836
Sudeste,SP,São Paulo,69752,RINCÃO,7828,3942,3884
Sudeste,SP,São Paulo,69779,RINÓPOLIS,7702,3898,3800
Sudeste,SP,São Paulo,69795,RIO CLARO,148111,78001,69692
Sudeste,SP,São Paulo,69817,RIO DAS PEDRAS,24380,12082,12295
Sudeste,SP,São Paulo,69833,RIO GRANDE DA SERRA,34882,17853,17018
Sudeste,SP,São Paulo,69850,RIOLÂNDIA,7200,3600,3595
Sudeste,SP,São Paulo,69710,RIVERSUL,4712,2375,2333
Sudeste,SP,São Paulo,61166,ROSANA,15752,7948,7802
Sudeste,SP,São Paulo,69876,ROSEIRA,8453,4316,4129
Sudeste,SP,São Paulo,69914,RUBINÉIA,3047,1525,1522
Sudeste,SP,São Paulo,69892,RUBIÁCEA,2053,1048,1005
Sudeste,SP,São Paulo,69930,SABINO,4777,2420,2343
Sudeste,SP,São Paulo,69957,SAGRES,2088,1061,1021
Sudeste,SP,São Paulo,69973,SALES,5067,2544,2512
Sudeste,SP,São Paulo,69990,SALES OLIVEIRA,8096,4106,3990
Sudeste,SP,São Paulo,70017,SALESÓPOLIS,15202,7424,7772
Sudeste,SP,São Paulo,70033,SALMOURÃO,4106,1999,2107
Sudeste,SP,São Paulo,61441,SALTINHO,6500,3269,3230
Sudeste,SP,São Paulo,70050,SALTO,88726,45710,42967
Sudeste,SP,São Paulo,70076,SALTO DE PIRAPORA,28104,14540,13564
Sudeste,SP,São Paulo,70092,SALTO GRANDE,5842,3036,2806
Sudeste,SP,São Paulo,70114,SANDOVALINA,3618,1775,1842
Sudeste,SP,São Paulo,70130,SANTA ADÉLIA,11775,5973,5801
Sudeste,SP,São Paulo,70157,SANTA ALBERTINA,4924,2487,2432
Sudeste,SP,São Paulo,70211,SANTA BRANCA,12549,6279,6270
Sudeste,SP,São Paulo,70173,SANTA BÁRBARA D'OESTE,140097,72251,67677
Sudeste,SP,São Paulo,70238,SANTA CLARA D'OESTE,2207,1112,1092
Sudeste,SP,São Paulo,70254,SANTA CRUZ DA CONCEIÇÃO,3856,1933,1923
Sudeste,SP,São Paulo,62189,SANTA CRUZ DA ESPERANÇA,2116,1053,1063
Sudeste,SP,São Paulo,70270,SANTA CRUZ DAS PALMEIRAS,20892,10429,10463
Sudeste,SP,São Paulo,70297,SANTA CRUZ DO RIO PARDO,34917,18158,16713
Sudeste,SP,São Paulo,70319,SANTA ERNESTINA,5092,2442,2645
Sudeste,SP,São Paulo,70335,SANTA FÉ DO SUL,25555,13561,11993
Sudeste,SP,São Paulo,70351,SANTA GERTRUDES,17196,8562,8634
Sudeste,SP,São Paulo,70378,SANTA ISABEL,41425,21211,20211
Sudeste,SP,São Paulo,70394,SANTA LÚCIA,7656,3809,3847
Sudeste,SP,São Paulo,70416,SANTA MARIA DA SERRA,4135,2070,2065
Sudeste,SP,São Paulo,70432,SANTA MERCEDES,2704,1322,1378
Sudeste,SP,São Paulo,70491,SANTA RITA D'OESTE,2449,1244,1205
Sudeste,SP,São Paulo,70513,SANTA RITA DO PASSA QUATRO,19142,10202,8940
Sudeste,SP,São Paulo,70530,SANTA ROSA DE VITERBO,19632,10110,9516
Sudeste,SP,São Paulo,62200,SANTA SALETE,1799,870,929
Sudeste,SP,São Paulo,70459,SANTANA DA PONTE PENSA,1641,809,832
Sudeste,SP,São Paulo,70475,SANTANA DE PARNAÍBA,84675,44308,40323
Sudeste,SP,São Paulo,70556,SANTO ANASTÁCIO,14500,7723,6777
Sudeste,SP,São Paulo,70572,SANTO ANDRÉ,573104,303485,269176
Sudeste,SP,São Paulo,70599,SANTO ANTÔNIO DA ALEGRIA,5053,2554,2499
Sudeste,SP,São Paulo,70610,SANTO ANTÔNIO DE POSSE,16745,8470,8253
Sudeste,SP,São Paulo,61328,SANTO ANTÔNIO DO ARACANGUÁ,6414,3191,3216
Sudeste,SP,São Paulo,70637,SANTO ANTÔNIO DO JARDIM,5398,2597,2798
Sudeste,SP,São Paulo,70653,SANTO ANTÔNIO DO PINHAL,6207,3045,3161
Sudeste,SP,São Paulo,70670,SANTO EXPEDITO,2756,1389,1367
Sudeste,SP,São Paulo,70718,SANTOS,343758,189495,153755
Sudeste,SP,São Paulo,70696,SANTÓPOLIS DO AGUAPEÍ,3392,1728,1664
Sudeste,SP,São Paulo,71234,SARAPUÍ,7051,3440,3580
Sudeste,SP,São Paulo,71250,SARUTAIÁ,3227,1592,1627
Sudeste,SP,São Paulo,71277,SEBASTIANÓPOLIS DO SUL,2966,1476,1490
Sudeste,SP,São Paulo,71293,SERRA AZUL,7209,3579,3628
Sudeste,SP,São Paulo,71331,SERRA NEGRA,22592,11889,10702
Sudeste,SP,São Paulo,71315,SERRANA,32818,16832,15984
Sudeste,SP,São Paulo,71358,SERTÃOZINHO,89484,46019,43436
Sudeste,SP,São Paulo,71374,SETE BARRAS,10593,5193,5376
Sudeste,SP,São Paulo,71390,SEVERÍNIA,12501,6007,6492
Sudeste,SP,São Paulo,71412,SILVEIRAS,5198,2561,2630
Sudeste,SP,São Paulo,71439,SOCORRO,29766,15333,14426
Sudeste,SP,São Paulo,71455,SOROCABA,458748,244610,214137
Sudeste,SP,São Paulo,71471,SUD MENNUCCI,6367,3194,3171
Sudeste,SP,São Paulo,71498,SUMARÉ,186768,96487,90211
Sudeste,SP,São Paulo,71510,SUZANO,215897,112738,102760
Sudeste,SP,São Paulo,61301,SUZANÁPOLIS,2996,1484,1511
Sudeste,SP,São Paulo,70734,SÃO BENTO DO SAPUCAÍ,9381,4736,4645
Sudeste,SP,São Paulo,70750,SÃO BERNARDO DO CAMPO,620982,330092,290588
Sudeste,SP,São Paulo,70777,SÃO CAETANO DO SUL,136028,75018,60937
Sudeste,SP,São Paulo,70793,SÃO CARLOS,184522,95814,88524
Sudeste,SP,São Paulo,70815,SÃO FRANCISCO,2588,1309,1279
Sudeste,SP,São Paulo,70890,SÃO JOAQUIM DA BARRA,36280,18716,17535
Sudeste,SP,São Paulo,70912,SÃO JOSÉ DA BELA VISTA,7087,3477,3599
Sudeste,SP,São Paulo,70939,SÃO JOSÉ DO BARREIRO,3633,1759,1874
Sudeste,SP,São Paulo,70955,SÃO JOSÉ DO RIO PARDO,41616,21688,19909
Sudeste,SP,São Paulo,70971,SÃO JOSÉ DO RIO PRETO,328658,176024,152284
Sudeste,SP,São Paulo,70998,SÃO JOSÉ DOS CAMPOS,508693,266577,242022
Sudeste,SP,São Paulo,70831,SÃO JOÃO DA BOA VISTA,69004,36234,32739
Sudeste,SP,São Paulo,70858,SÃO JOÃO DAS DUAS PONTES,2396,1197,1199
Sudeste,SP,São Paulo,61883,SÃO JOÃO DE IRACEMA,1523,776,747
Sudeste,SP,São Paulo,70874,SÃO JOÃO DO PAU D'ALHO,2028,1003,1021
Sudeste,SP,São Paulo,61905,SÃO LOURENÇO DA SERRA,11940,6049,5889
Sudeste,SP,São Paulo,71013,SÃO LUÍS DO PARAITINGA,9452,4591,4861
Sudeste,SP,São Paulo,71030,SÃO MANUEL,30744,15820,14915
Sudeste,SP,São Paulo,71056,SÃO MIGUEL ARCANJO,25199,12575,12600
Sudeste,SP,São Paulo,71072,SÃO PAULO,9052724,4880298,4162595
Sudeste,SP,São Paulo,71099,SÃO PEDRO,25514,13483,12031
Sudeste,SP,São Paulo,71110,SÃO PEDRO DO TURVO,5625,2800,2825
Sudeste,SP,São Paulo,71137,SÃO ROQUE,59687,30935,28707
Sudeste,SP,São Paulo,71153,SÃO SEBASTIÃO,60844,30917,29907
Sudeste,SP,São Paulo,71170,SÃO SEBASTIÃO DA GRAMA,8096,4115,3981
Sudeste,SP,São Paulo,71196,SÃO SIMÃO,12228,6304,5920
Sudeste,SP,São Paulo,71218,SÃO VICENTE,254057,136022,117544
Sudeste,SP,São Paulo,71536,TABAPUÃ,9236,4634,4543
Sudeste,SP,São Paulo,71552,TABATINGA,11410,5536,5637
Sudeste,SP,São Paulo,71579,TABOÃO DA SERRA,208738,112460,96130
Sudeste,SP,São Paulo,71595,TACIBA,4464,2334,2130
Sudeste,SP,São Paulo,71617,TAGUAÍ,9022,4697,4316
Sudeste,SP,São Paulo,71633,TAIAÇU,4860,2418,2440
Sudeste,SP,São Paulo,71650,TAIÚVA,4672,2370,2302
Sudeste,SP,São Paulo,71676,TAMBAÚ,15007,7755,7252
Sudeste,SP,São Paulo,71692,TANABI,20253,10275,9975
Sudeste,SP,São Paulo,71730,TAPIRATIBA,10503,5356,5145
Sudeste,SP,São Paulo,71714,TAPIRAÍ,6434,3175,3256
Sudeste,SP,São Paulo,62260,TAQUARAL,2291,1115,1175
Sudeste,SP,São Paulo,71757,TAQUARITINGA,40202,20871,19327
Sudeste,SP,São Paulo,71773,TAQUARITUBA,16312,8509,7803
Sudeste,SP,São Paulo,61840,TAQUARIVAÍ,4879,2407,2472
Sudeste,SP,São Paulo,71790,TARABAI,5572,2831,2741
Sudeste,SP,São Paulo,61042,TARUMÃ,11192,5617,5575
Sudeste,SP,São Paulo,71811,TATUÍ,85353,44721,40598
Sudeste,SP,São Paulo,71838,TAUBATÉ,228875,120792,107778
Sudeste,SP,São Paulo,71854,TEJUPÁ,3910,1859,2020
Sudeste,SP,São Paulo,71870,TEODORO SAMPAIO,17586,9012,8569
Sudeste,SP,São Paulo,71897,TERRA ROXA,5664,2837,2827
Sudeste,SP,São Paulo,71919,TIETÊ,29849,15465,14360
Sudeste,SP,São Paulo,71935,TIMBURI,2417,1189,1228
Sudeste,SP,São Paulo,62049,TORRE DE PEDRA,2595,1264,1330
Sudeste,SP,São Paulo,71951,TORRINHA,7362,3720,3630
Sudeste,SP,São Paulo,62448,TRABIJU,1619,803,816
Sudeste,SP,São Paulo,71978,TREMEMBÉ,26869,13892,12953
Sudeste,SP,São Paulo,71994,TRÊS FRONTEIRAS,5073,2555,2518
Sudeste,SP,São Paulo,61620,TUIUTI,5401,2682,2710
Sudeste,SP,São Paulo,72036,TUPI PAULISTA,11542,6048,5487
Sudeste,SP,São Paulo,72010,TUPÃ,50791,26863,23813
Sudeste,SP,São Paulo,72052,TURIÚBA,1731,853,878
Sudeste,SP,São Paulo,72079,TURMALINA,1969,994,975
Sudeste,SP,São Paulo,61468,UBARANA,4488,2178,2307
Sudeste,SP,São Paulo,72095,UBATUBA,68789,35141,33609
Sudeste,SP,São Paulo,72117,UBIRAJARA,4157,1962,2189
Sudeste,SP,São Paulo,72133,UCHOA,7987,4065,3921
Sudeste,SP,São Paulo,72150,UNIÃO PAULISTA,1698,792,906
Sudeste,SP,São Paulo,72192,URU,1448,705,743
Sudeste,SP,São Paulo,72214,URUPÊS,11019,5663,5354
Sudeste,SP,São Paulo,72176,URÂNIA,6592,3425,3161
Sudeste,SP,São Paulo,72230,VALENTIM GENTIL,9571,4849,4721
Sudeste,SP,São Paulo,72257,VALINHOS,89688,46268,43399
Sudeste,SP,São Paulo,72273,VALPARAÍSO,16116,8175,7938
Sudeste,SP,São Paulo,61549,VARGEM,6863,3390,3468
Sudeste,SP,São Paulo,72311,VARGEM GRANDE DO SUL,31223,16179,15025
Sudeste,SP,São Paulo,72737,VARGEM GRANDE PAULISTA,38053,19497,18527
Sudeste,SP,São Paulo,72354,VERA CRUZ,7093,3704,3389
Sudeste,SP,São Paulo,72370,VINHEDO,58263,30329,27933
Sudeste,SP,São Paulo,72397,VIRADOURO,12035,6172,5863
Sudeste,SP,São Paulo,72419,VISTA ALEGRE DO ALTO,5472,2696,2776
Sudeste,SP,São Paulo,62227,VITÓRIA BRASIL,1600,791,806
Sudeste,SP,São Paulo,72435,VOTORANTIM,81985,42848,39137
Sudeste,SP,São Paulo,72451,VOTUPORANGA,69691,36821,32827
Sudeste,SP,São Paulo,72338,VÁRZEA PAULISTA,74333,38651,35682
Sudeste,SP,São Paulo,61921,ZACARIAS,2451,1212,1239
Sudeste,SP,São Paulo,61077,ÁGUAS DA PRATA,6385,3244,3140
Sudeste,SP,São Paulo,61093,ÁGUAS DE LINDÓIA,14444,7597,6845
Sudeste,SP,São Paulo,70190,ÁGUAS DE SANTA BÁRBARA,5145,2619,2522
Sudeste,SP,São Paulo,61115,ÁGUAS DE SÃO PEDRO,3786,2052,1734
Sudeste,SP,São Paulo,61239,ÁLVARES FLORENCE,4068,1954,2113
Sudeste,SP,São Paulo,61255,ÁLVARES MACHADO,18083,9365,8707
Sudeste,SP,São Paulo,61271,ÁLVARO DE CARVALHO,3151,1589,1561
Sudeste,SP,São Paulo,67776,ÓLEO,2669,1316,1352
Norte,TO,Tocatins,73008,ABREULÂNDIA,2079,951,1128
Norte,TO,Tocatins,73512,AGUIARNÓPOLIS,3459,1705,1754
Norte,TO,Tocatins,96954,ALIANÇA DO TOCANTINS,4096,2038,2058
Norte,TO,Tocatins,92070,ALMAS,4782,2329,2453
Norte,TO,Tocatins,92134,ALVORADA,6757,3388,3369
Norte,TO,Tocatins,92193,ANANÁS,6880,3476,3404
Norte,TO,Tocatins,73075,ANGICO,2343,1117,1226
Norte,TO,Tocatins,96970,APARECIDA DO RIO NEGRO,3549,1691,1858
Norte,TO,Tocatins,73334,ARAGOMINAS,4029,1909,2120
Norte,TO,Tocatins,92371,ARAGUACEMA,4595,2174,2421
Norte,TO,Tocatins,73318,ARAGUANÃ,3441,1714,1727
Norte,TO,Tocatins,92436,ARAGUATINS,20838,10508,10330
Norte,TO,Tocatins,92398,ARAGUAÇU,6388,3172,3216
Norte,TO,Tocatins,92410,ARAGUAÍNA,110079,59110,50969
Norte,TO,Tocatins,92452,ARAPOEMA,4566,2229,2337
Norte,TO,Tocatins,92479,ARRAIAS,7749,3831,3918
Norte,TO,Tocatins,96857,AUGUSTINÓPOLIS,11985,6173,5812
Norte,TO,Tocatins,92533,AURORA DO TOCANTINS,2975,1467,1508
Norte,TO,Tocatins,92576,AXIXÁ DO TOCANTINS,8111,4083,4028
Norte,TO,Tocatins,92592,BABAÇULÂNDIA,5952,2789,3163
Norte,TO,Tocatins,73580,BANDEIRANTES DO TOCANTINS,2359,1114,1245
Norte,TO,Tocatins,73610,BARRA DO OURO,3407,1621,1786
Norte,TO,Tocatins,96997,BARROLÂNDIA,4334,2073,2261
Norte,TO,Tocatins,92002,BERNARDO SAYÃO,3152,1524,1628
Norte,TO,Tocatins,73121,BOM JESUS DO TOCANTINS,3034,1398,1636
Norte,TO,Tocatins,73245,BRASILÂNDIA DO TOCANTINS,1677,784,893
Norte,TO,Tocatins,92738,BREJINHO DE NAZARÉ,3829,1911,1918
Norte,TO,Tocatins,92045,BURITI DO TOCANTINS,5923,2979,2944
Norte,TO,Tocatins,73067,CACHOEIRINHA,1808,846,962
Norte,TO,Tocatins,73091,CAMPOS LINDOS,5291,2500,2791
Norte,TO,Tocatins,73300,CARIRI DO TOCANTINS,3171,1520,1651
Norte,TO,Tocatins,73326,CARMOLÂNDIA,1964,948,1016
Norte,TO,Tocatins,73423,CARRASCO BONITO,2754,1350,1404
Norte,TO,Tocatins,92088,CASEARA,3463,1674,1789
Norte,TO,Tocatins,73210,CENTENÁRIO,1648,751,897
Norte,TO,Tocatins,73482,CHAPADA DA NATIVIDADE,2629,1191,1438
Norte,TO,Tocatins,73474,CHAPADA DE AREIA,1931,857,1074
Norte,TO,Tocatins,93114,COLINAS DO TOCANTINS,23067,12134,10933
Norte,TO,Tocatins,95290,COLMÉIA,6220,3133,3087
Norte,TO,Tocatins,92142,COMBINADO,3509,1739,1770
Norte,TO,Tocatins,93130,CONCEIÇÃO DO TOCANTINS,3185,1527,1658
Norte,TO,Tocatins,93211,COUTO MAGALHÃES,3813,1854,1959
Norte,TO,Tocatins,93238,CRISTALÂNDIA,5327,2598,2729
Norte,TO,Tocatins,73555,CRIXÁS DO TOCANTINS,1404,684,720
Norte,TO,Tocatins,73032,DARCINÓPOLIS,3883,1891,1992
Norte,TO,Tocatins,93416,DIANÓPOLIS,12630,6300,6330
Norte,TO,Tocatins,92185,DIVINÓPOLIS DO TOCANTINS,5312,2551,2761
Norte,TO,Tocatins,93459,DOIS IRMÃOS DO TOCANTINS,4730,2169,2561
Norte,TO,Tocatins,93475,DUERÉ,3149,1492,1657
Norte,TO,Tocatins,73296,ESPERANTINA,5707,2813,2894
Norte,TO,Tocatins,96679,FIGUEIRÓPOLIS,4173,2067,2106
Norte,TO,Tocatins,93556,FILADÉLFIA,5849,2791,3058
Norte,TO,Tocatins,93653,FORMOSO DO ARAGUAIA,13421,6568,6853
Norte,TO,Tocatins,73199,FORTALEZA DO TABOCÃO,2720,1323,1397
Norte,TO,Tocatins,96830,FÁTIMA,2951,1480,1471
Norte,TO,Tocatins,92240,GOIANORTE,3840,1846,1994
Norte,TO,Tocatins,95338,GOIATINS,7498,3609,3889
Norte,TO,Tocatins,96270,GUARAÍ,16575,8515,8060
Norte,TO,Tocatins,93858,GURUPI,57214,30196,27018
Norte,TO,Tocatins,73598,IPUEIRAS,1504,692,812
Norte,TO,Tocatins,94056,ITACAJÁ,5416,2641,2775
Norte,TO,Tocatins,94099,ITAGUATINS,4235,2052,2183
Norte,TO,Tocatins,73202,ITAPIRATINS,2728,1256,1472
Norte,TO,Tocatins,94170,ITAPORÃ DO TOCANTINS,1989,946,1043
Norte,TO,Tocatins,73369,JAÚ DO TOCANTINS,2562,1216,1346
Norte,TO,Tocatins,73253,JUARINA,1943,946,997
Norte,TO,Tocatins,73385,LAGOA DA CONFUSÃO,8093,3909,4184
Norte,TO,Tocatins,73113,LAGOA DO TOCANTINS,2771,1275,1496
Norte,TO,Tocatins,73407,LAJEADO,3290,1588,1702
Norte,TO,Tocatins,73601,LAVANDEIRA,1624,787,837
Norte,TO,Tocatins,95699,LIZARDA,2902,1324,1578
Norte,TO,Tocatins,73520,LUZINÓPOLIS,2107,1022,1085
Norte,TO,Tocatins,92304,MARIANÓPOLIS DO TOCANTINS,3056,1452,1604
Norte,TO,Tocatins,73270,MATEIROS,1706,816,890
Norte,TO,Tocatins,73059,MAURILÂNDIA DO TOCANTINS,2637,1222,1415
Norte,TO,Tocatins,94617,MIRACEMA DO TOCANTINS,14367,7295,7072
Norte,TO,Tocatins,94633,MIRANORTE,9684,4923,4761
Norte,TO,Tocatins,94692,MONTE DO CARMO,4531,2146,2385
Norte,TO,Tocatins,73563,MONTE SANTO DO TOCANTINS,2306,1022,1284
Norte,TO,Tocatins,73342,MURICILÂNDIA,2165,1053,1112
Norte,TO,Tocatins,94811,NATIVIDADE,6300,3164,3136
Norte,TO,Tocatins,94838,NAZARÉ,3664,1789,1875
Norte,TO,Tocatins,96636,NOVA OLINDA,7577,3685,3892
Norte,TO,Tocatins,92401,NOVA ROSALÂNDIA,2726,1337,1389
Norte,TO,Tocatins,94994,NOVO ACORDO,3836,1813,2023
Norte,TO,Tocatins,73148,NOVO ALEGRE,1866,912,954
Norte,TO,Tocatins,73172,NOVO JARDIM,1997,940,1057
Norte,TO,Tocatins,73466,OLIVEIRA DE FÁTIMA,1595,731,864
Norte,TO,Tocatins,73440,PALMAS,185254,96903,88351
Norte,TO,Tocatins,73083,PALMEIRANTE,3294,1503,1791
Norte,TO,Tocatins,73040,PALMEIRAS DO TOCANTINS,3740,1834,1906
Norte,TO,Tocatins,96490,PALMEIRÓPOLIS,5354,2710,2644
Norte,TO,Tocatins,95214,PARANÃ,7740,3706,4034
Norte,TO,Tocatins,95192,PARAÍSO DO TOCANTINS,33107,17458,15649
Norte,TO,Tocatins,73261,PAU D'ARCO,3362,1588,1774
Norte,TO,Tocatins,95257,PEDRO AFONSO,9553,4773,4780
Norte,TO,Tocatins,95273,PEIXE,6979,3411,3568
Norte,TO,Tocatins,92487,PEQUIZEIRO,3713,1783,1930
Norte,TO,Tocatins,95370,PINDORAMA DO TOCANTINS,3319,1574,1745
Norte,TO,Tocatins,73016,PIRAQUÊ,2124,960,1164
Norte,TO,Tocatins,95478,PIUM,5331,2526,2805
Norte,TO,Tocatins,95516,PONTE ALTA DO BOM JESUS,3352,1578,1774
Norte,TO,Tocatins,95532,PONTE ALTA DO TOCANTINS,5025,2365,2660
Norte,TO,Tocatins,92509,PORTO ALEGRE DO TOCANTINS,2189,1023,1166
Norte,TO,Tocatins,95591,PORTO NACIONAL,40317,20815,19502
Norte,TO,Tocatins,92525,PRAIA NORTE,5086,2558,2528
Norte,TO,Tocatins,96296,PRESIDENTE KENNEDY,2655,1305,1350
Norte,TO,Tocatins,73571,PUGMIL,1914,919,995
Norte,TO,Tocatins,73229,RECURSOLÂNDIA,2377,1095,1282
Norte,TO,Tocatins,73024,RIACHINHO,3230,1544,1686
Norte,TO,Tocatins,73431,RIO DA CONCEIÇÃO,1791,856,935
Norte,TO,Tocatins,73415,RIO DOS BOIS,2194,1019,1175
Norte,TO,Tocatins,96792,RIO SONO,3772,1717,2055
Norte,TO,Tocatins,92541,SAMPAIO,3025,1524,1501
Norte,TO,Tocatins,73156,SANDOLÂNDIA,3042,1445,1597
Norte,TO,Tocatins,73350,SANTA FÉ DO ARAGUAIA,4501,2224,2277
Norte,TO,Tocatins,73130,SANTA MARIA DO TOCANTINS,2235,1029,1206
Norte,TO,Tocatins,73547,SANTA RITA DO TOCANTINS,1785,839,946
Norte,TO,Tocatins,92584,SANTA ROSA DO TOCANTINS,3683,1758,1925
Norte,TO,Tocatins,92606,SANTA TEREZA DO TOCANTINS,2428,1118,1310
Norte,TO,Tocatins,73539,SANTA TEREZINHA DO TOCANTINS,1857,905,952
Norte,TO,Tocatins,96598,SILVANÓPOLIS,4205,2038,2167
Norte,TO,Tocatins,73377,SUCUPIRA,1525,735,790
Norte,TO,Tocatins,73288,SÃO BENTO DO TOCANTINS,4015,1894,2121
Norte,TO,Tocatins,73105,SÃO FÉLIX DO TOCANTINS,1383,630,753
Norte,TO,Tocatins,73180,SÃO MIGUEL DO TOCANTINS,6781,3453,3328
Norte,TO,Tocatins,73393,SÃO SALVADOR DO TOCANTINS,2258,1075,1183
Norte,TO,Tocatins,96032,SÃO SEBASTIÃO DO TOCANTINS,2931,1455,1476
Norte,TO,Tocatins,92681,SÃO VALÉRIO,3354,1617,1737
Norte,TO,Tocatins,96130,SÍTIO NOVO DO TOCANTINS,7141,3564,3577
Norte,TO,Tocatins,96156,TAGUATINGA,10425,5134,5291
Norte,TO,Tocatins,73164,TAIPAS DO TOCANTINS,1734,809,925
Norte,TO,Tocatins,73504,TALISMÃ,2395,1104,1291
Norte,TO,Tocatins,96210,TOCANTINÓPOLIS,14496,7584,6912
Norte,TO,Tocatins,96199,TOCANTÍNIA,4734,2307,2427
Norte,TO,Tocatins,73458,TUPIRAMA,1789,793,996
Norte,TO,Tocatins,73237,TUPIRATINS,1790,835,955
Norte,TO,Tocatins,96652,WANDERLÂNDIA,6512,3200,3312
Norte,TO,Tocatins,96431,XAMBIOÁ,8262,4207,4055
Exterior,ZZ,Exterior,29254,ABIDJÃ,68,40,28
Exterior,ZZ,Exterior,29262,ABU DHABI,1750,909,841
Exterior,ZZ,Exterior,29270,ACCRA-GANA,50,23,27
Exterior,ZZ,Exterior,29289,AMÃ,793,445,348
Exterior,ZZ,Exterior,29297,ANCARA,40,29,11
Exterior,ZZ,Exterior,29300,ARGEL,15,8,7
Exterior,ZZ,Exterior,29319,ARTIGAS,685,418,267
Exterior,ZZ,Exterior,29327,ASSUNÇÃO,1981,1026,955
Exterior,ZZ,Exterior,39241,ASTANA,7,4,3
Exterior,ZZ,Exterior,29335,ATENAS,1047,687,360
Exterior,ZZ,Exterior,39080,ATLANTA,10746,6204,4542
Exterior,ZZ,Exterior,99350,BAMAKO,1,1,0
Exterior,ZZ,Exterior,29343,BANGKOK,148,69,79
Exterior,ZZ,Exterior,29351,BARCELONA,4989,3060,1929
Exterior,ZZ,Exterior,29360,BEIRUTE,4417,2516,1901
Exterior,ZZ,Exterior,29378,BELGRADO,76,48,28
Exterior,ZZ,Exterior,38881,BELMOPAN,8,4,4
Exterior,ZZ,Exterior,29386,BERLIM,7147,4608,2539
Exterior,ZZ,Exterior,29394,BISSAU,69,52,17
Exterior,ZZ,Exterior,29408,BOGOTÁ,1185,614,571
Exterior,ZZ,Exterior,29416,BOSTON,35044,17881,17163
Exterior,ZZ,Exterior,39209,BRATISLAVA,60,36,24
Exterior,ZZ,Exterior,39187,BRAZZAVILLE,3,0,3
Exterior,ZZ,Exterior,29424,BRIDGETOWN,14,10,4
Exterior,ZZ,Exterior,29432,BRUXELAS,3999,2592,1407
Exterior,ZZ,Exterior,29440,BUCARESTE,53,30,23
Exterior,ZZ,Exterior,29459,BUDAPESTE,229,110,119
Exterior,ZZ,Exterior,29467,BUENOS AIRES,6210,3982,2228
Exterior,ZZ,Exterior,29475,CAIENA,3641,2281,1360
Exterior,ZZ,Exterior,29483,CAIRO,137,83,54
Exterior,ZZ,Exterior,29491,CAMBERRA,2573,1469,1104
Exterior,ZZ,Exterior,30651,CANTÃO,211,68,143
Exterior,ZZ,Exterior,29505,CARACAS,1746,826,920
Exterior,ZZ,Exterior,29513,CHICAGO,7583,4533,3050
Exterior,ZZ,Exterior,29521,CHUY,35,17,18
Exterior,ZZ,Exterior,29530,CIDADE DO CABO,250,144,106
Exterior,ZZ,Exterior,29556,CIUDAD DEL ESTE,4235,1950,2285
Exterior,ZZ,Exterior,29564,CIUDAD GUAYANA,106,55,51
Exterior,ZZ,Exterior,29572,COCHABAMBA,294,182,112
Exterior,ZZ,Exterior,30929,COLOMBO,3,1,2
Exterior,ZZ,Exterior,38903,CONACRI,2,0,2
Exterior,ZZ,Exterior,29580,CONCEPCIÓN,65,21,44
Exterior,ZZ,Exterior,29599,COPENHAGUE-DINA,1319,954,365
Exterior,ZZ,Exterior,38920,COTONOU,2,2,0
Exterior,ZZ,Exterior,29602,CÓRDOBA,714,414,300
Exterior,ZZ,Exterior,29610,DACAR,99,59,40
Exterior,ZZ,Exterior,29637,DAMASCO,195,109,86
Exterior,ZZ,Exterior,38962,DAR ES SALAAM,35,18,17
Exterior,ZZ,Exterior,29653,DOHA,453,212,241
Exterior,ZZ,Exterior,29661,DUBLIN,2111,1225,886
Exterior,ZZ,Exterior,29645,DÍLI,75,41,34
Exterior,ZZ,Exterior,29670,ENCARNACIÓN,202,85,117
Exterior,ZZ,Exterior,29688,ESTOCOLMO,2727,1809,918
Exterior,ZZ,Exterior,30961,FARO,3623,2227,1396
Exterior,ZZ,Exterior,29696,FRANKFURT,8351,5764,2587
Exterior,ZZ,Exterior,99406,FREETOWN,2,0,2
Exterior,ZZ,Exterior,30669,GABORONE,5,2,3
Exterior,ZZ,Exterior,29700,GENEBRA,8315,5676,2639
Exterior,ZZ,Exterior,29718,GEORGETOWN,287,114,173
Exterior,ZZ,Exterior,98000,GUATEMALA,225,130,95
Exterior,ZZ,Exterior,29742,HAMAMATSU,10101,4480,5621
Exterior,ZZ,Exterior,29750,HANÓI,39,14,25
Exterior,ZZ,Exterior,29769,HARARE,5,4,1
Exterior,ZZ,Exterior,30902,HARTFORD,3833,2139,1694
Exterior,ZZ,Exterior,29777,HAVANA,113,49,64
Exterior,ZZ,Exterior,29785,HELSINQUE,680,377,303
Exterior,ZZ,Exterior,29793,HONG KONG-HONG,564,264,300
Exterior,ZZ,Exterior,29807,HOUSTON,14149,8294,5855
Exterior,ZZ,Exterior,29815,IAUNDÊ,25,20,5
Exterior,ZZ,Exterior,38989,IEREVAN-ARME,12,3,9
Exterior,ZZ,Exterior,29823,IQUITOS,17,10,7
Exterior,ZZ,Exterior,29831,ISLAMABADE,12,8,4
Exterior,ZZ,Exterior,39306,ISTAMBUL,161,112,49
Exterior,ZZ,Exterior,29840,JACARTA,104,42,62
Exterior,ZZ,Exterior,29173,KATMANDU,36,17,19
Exterior,ZZ,Exterior,29858,KIEV,47,16,31
Exterior,ZZ,Exterior,99430,KINGSTON-JAMAICA,94,47,47
Exterior,ZZ,Exterior,29874,KINSHASA,32,22,10
Exterior,ZZ,Exterior,29882,KUAITE,95,54,41
Exterior,ZZ,Exterior,29890,KUALA LUMPUR,128,64,64
Exterior,ZZ,Exterior,29904,LA PAZ,400,227,173
Exterior,ZZ,Exterior,29912,LAGOS,55,34,21
Exterior,ZZ,Exterior,99422,LETHEM,1,1,0
Exterior,ZZ,Exterior,29939,LIBREVILLE,21,19,2
Exterior,ZZ,Exterior,99341,LILONGUE,3,2,1
Exterior,ZZ,Exterior,29947,LIMA,1143,657,486
Exterior,ZZ,Exterior,29955,LISBOA,21195,12988,8207
Exterior,ZZ,Exterior,39160,LIUBLIANA,45,29,16
Exterior,ZZ,Exterior,29963,LOMÉ,3,3,0
Exterior,ZZ,Exterior,29971,LONDRES,25917,15017,10900
Exterior,ZZ,Exterior,29980,LOS ANGELES,8482,5275,3207
Exterior,ZZ,Exterior,29998,LUANDA,342,172,170
Exterior,ZZ,Exterior,99287,LUSACA,30,19,11
Exterior,ZZ,Exterior,30066,MADRI,15773,10565,5208
Exterior,ZZ,Exterior,39263,MALABO,7,2,5
Exterior,ZZ,Exterior,30082,MANILA,128,65,63
Exterior,ZZ,Exterior,30074,MANÁGUA,129,72,57
Exterior,ZZ,Exterior,30090,MAPUTO,675,360,315
Exterior,ZZ,Exterior,39102,MASCATE,75,41,34
Exterior,ZZ,Exterior,39004,MENDOZA,219,129,90
Exterior,ZZ,Exterior,30112,MIAMI,34356,19388,14968
Exterior,ZZ,Exterior,30120,MILÃO,14769,10981,3788
Exterior,ZZ,Exterior,30147,MONTEVIDÉU,2175,1289,886
Exterior,ZZ,Exterior,30155,MONTREAL,6406,3439,2967
Exterior,ZZ,Exterior,30163,MOSCOU,124,42,82
Exterior,ZZ,Exterior,30171,MUMBAI,21,16,5
Exterior,ZZ,Exterior,30180,MUNIQUE,9771,7069,2702
Exterior,ZZ,Exterior,30104,MÉXICO-MEXI,3419,1902,1517
Exterior,ZZ,Exterior,30198,NAGÓIA,24515,10787,13728
Exterior,ZZ,Exterior,30201,NAIRÓBI,68,38,30
Exterior,ZZ,Exterior,99180,NASSAU,39,23,16
Exterior,ZZ,Exterior,39322,NICOSIA,53,29,24
Exterior,ZZ,Exterior,30210,NOVA DELHI,95,51,44
Exterior,ZZ,Exterior,30228,NOVA YORK,23148,13681,9467
Exterior,ZZ,Exterior,30244,OSLO,1443,1095,348
Exterior,ZZ,Exterior,30252,OTTAWA,1187,644,543
Exterior,ZZ,Exterior,30260,PANAMÁ-PAN,1060,606,454
Exterior,ZZ,Exterior,30279,PARAMARIBO,1870,879,991
Exterior,ZZ,Exterior,30287,PARIS,11047,7206,3841
Exterior,ZZ,Exterior,30295,PASO LOS LIBRES,10,5,5
Exterior,ZZ,Exterior,30309,PEDRO JUAN CABALLERO,614,304,310
Exterior,ZZ,Exterior,30317,PEQUIM,215,95,120
Exterior,ZZ,Exterior,30325,PORT OF SPAIN,95,47,48
Exterior,ZZ,Exterior,30341,PORTO,14300,8736,5564
Exterior,ZZ,Exterior,30333,PORTO PRÍNCIPE,60,35,25
Exterior,ZZ,Exterior,30350,PRAGA,249,96,153
Exterior,ZZ,Exterior,30368,PRAIA,57,39,18
Exterior,ZZ,Exterior,30376,PRETÓRIA,605,324,281
Exterior,ZZ,Exterior,99155,PUERTO IGUAZÚ,8,4,4
Exterior,ZZ,Exterior,99236,PUERTO QUIJARRO,3,1,2
Exterior,ZZ,Exterior,30392,QUITO,958,539,419
Exterior,ZZ,Exterior,30406,RABAT,69,47,22
Exterior,ZZ,Exterior,30414,RAMALLAH-PALE,1204,716,488
Exterior,ZZ,Exterior,30422,RIADE,133,64,69
Exterior,ZZ,Exterior,30430,RIO BRANCO,40,25,15
Exterior,ZZ,Exterior,30449,ROMA,10709,7982,2727
Exterior,ZZ,Exterior,30457,ROTTERDÃ,4838,3380,1458
Exterior,ZZ,Exterior,30465,SALTO DEL GUAIRÁ,421,132,289
Exterior,ZZ,Exterior,30481,SANTIAGO,2680,1622,1058
Exterior,ZZ,Exterior,30988,SARAJEVO,8,5,3
Exterior,ZZ,Exterior,30538,SEUL,105,48,57
Exterior,ZZ,Exterior,29548,SINGAPURA-SING,441,238,203
Exterior,ZZ,Exterior,30473,STA C LA SIERRA-BOLI,2353,1185,1168
Exterior,ZZ,Exterior,30562,SYDNEY,5669,3140,2529
Exterior,ZZ,Exterior,30490,SÃO DOMINGOS,409,216,193
Exterior,ZZ,Exterior,30503,SÃO FRANCISCO,9631,5671,3960
Exterior,ZZ,Exterior,30511,SÃO JOSÉ,483,255,228
Exterior,ZZ,Exterior,30520,SÃO SALVADOR,157,98,59
Exterior,ZZ,Exterior,39225,SÃO TOMÉ,8,4,4
Exterior,ZZ,Exterior,30546,SÓFIA,16,3,13
Exterior,ZZ,Exterior,30570,TAIPÉ,528,271,257
Exterior,ZZ,Exterior,99317,TALIN,46,24,22
Exterior,ZZ,Exterior,99104,TBILISI,9,5,4
Exterior,ZZ,Exterior,30597,TEERÃ,49,34,15
Exterior,ZZ,Exterior,30600,TEGUCIGALPA,214,110,104
Exterior,ZZ,Exterior,30619,TEL AVIV,2096,1157,939
Exterior,ZZ,Exterior,30635,TORONTO,9970,5321,4649
Exterior,ZZ,Exterior,30686,TRÍPOLI,7,6,1
Exterior,ZZ,Exterior,30708,TUNIS,45,28,17
Exterior,ZZ,Exterior,30627,TÓQUIO,26092,11908,14184
Exterior,ZZ,Exterior,39284,UAGADUGU,8,5,3
Exterior,ZZ,Exterior,39063,VANCOUVER,4497,2578,1919
Exterior,ZZ,Exterior,30740,VARSÓVIA,188,81,107
Exterior,ZZ,Exterior,30767,VIENA,2531,1662,869
Exterior,ZZ,Exterior,30783,WASHINGTON,13033,7875,5158
Exterior,ZZ,Exterior,30805,WELLINGTON,1859,978,881
Exterior,ZZ,Exterior,30821,WINDHOEK,51,35,16
Exterior,ZZ,Exterior,30848,XANGAI,627,266,361
Exterior,ZZ,Exterior,99376,YANGON,9,6,3
Exterior,ZZ,Exterior,39020,ZAGREB,56,34,22
Exterior,ZZ,Exterior,30864,ZURIQUE,11353,8336,3017