orcamento,lingua_original,titulo,popularidade,data_lancamento,faturamento,tempo,estado,rotulo,media_votos,contagem_votos
237000000,en,Avatar,150.437577,2009-12-10,2787965087,162,Released,Enter the World of Pandora.,7.2,11800
300000000,en,Pirates of the Caribbean: At World's End,139.082615,2007-05-19,961000000,169,Released,"At the end of the world, the adventure begins.",6.9,4500
245000000,en,Spectre,107.376788,2015-10-26,880674609,148,Released,A Plan No One Escapes,6.3,4466
250000000,en,The Dark Knight Rises,112.31295,2012-07-16,1084939099,165,Released,The Legend Ends,7.6,9106
260000000,en,John Carter,43.926995,2012-03-07,284139100,132,Released,"Lost in our world, found in another.",6.1,2124
258000000,en,Spider-Man 3,115.699814,2007-05-01,890871626,139,Released,The battle within.,5.9,3576
260000000,en,Tangled,48.681969,2010-11-24,591794936,100,Released,They're taking adventure to new lengths.,7.4,3330
280000000,en,Avengers: Age of Ultron,134.279229,2015-04-22,1405403694,141,Released,A New Age Has Come.,7.3,6767
250000000,en,Harry Potter and the Half-Blood Prince,98.885637,2009-07-07,933959197,153,Released,Dark Secrets Revealed,7.4,5293
250000000,en,Batman v Superman: Dawn of Justice,155.790452,2016-03-23,873260194,151,Released,Justice or revenge,5.7,7004
270000000,en,Superman Returns,57.925623,2006-06-28,391081192,154,Released,,5.4,1400
200000000,en,Quantum of Solace,107.928811,2008-10-30,586090727,106,Released,"For love, for hate, for justice, for revenge.",6.1,2965
200000000,en,Pirates of the Caribbean: Dead Man's Chest,145.847379,2006-06-20,1065659812,151,Released,Jack is back!,7.0,5246
255000000,en,The Lone Ranger,49.046956,2013-07-03,89289910,149,Released,Never Take Off the Mask,5.9,2311
225000000,en,Man of Steel,99.398009,2013-06-12,662845518,143,Released,You will believe that a man can fly.,6.5,6359
225000000,en,The Chronicles of Narnia: Prince Caspian,53.978602,2008-05-15,419651413,150,Released,Hope has a new face.,6.3,1630
220000000,en,The Avengers,144.448633,2012-04-25,1519557910,143,Released,Some assembly required.,7.4,11776
380000000,en,Pirates of the Caribbean: On Stranger Tides,135.413856,2011-05-14,1045713802,136,Released,Live Forever Or Die Trying.,6.4,4948
225000000,en,Men in Black 3,52.035179,2012-05-23,624026776,106,Released,They are back... in time.,6.2,4160
250000000,en,The Hobbit: The Battle of the Five Armies,120.965743,2014-12-10,956019788,144,Released,Witness the defining chapter of the Middle-Earth saga,7.1,4760
215000000,en,The Amazing Spider-Man,89.866276,2012-06-27,752215857,136,Released,The untold story begins.,6.5,6586
200000000,en,Robin Hood,37.668301,2010-05-12,310669540,140,Released,"Rise and rise again, until lambs become lions.",6.2,1398
250000000,en,The Hobbit: The Desolation of Smaug,94.370564,2013-12-11,958400000,161,Released,Beyond darkness... beyond desolation... lies the greatest danger of all.,7.6,4524
180000000,en,The Golden Compass,42.990906,2007-12-04,372234864,113,Released,There are worlds beyond our own - the compass will show the way.,5.8,1303
207000000,en,King Kong,61.22601,2005-12-14,550000000,187,Released,The eighth wonder of the world.,6.6,2337
200000000,en,Titanic,100.025899,1997-11-18,1845034188,194,Released,Nothing on Earth could come between them.,7.5,7562
250000000,en,Captain America: Civil War,198.372395,2016-04-27,1153304495,147,Released,Divided We Fall,7.1,7241
209000000,en,Battleship,64.928382,2012-04-11,303025485,131,Released,The Battle for Earth Begins at Sea,5.5,2114
150000000,en,Jurassic World,418.708552,2015-06-09,1513528810,124,Released,The park is open.,6.5,8662
200000000,en,Skyfall,93.004993,2012-10-25,1108561013,143,Released,Think on your sins.,6.9,7604
200000000,en,Spider-Man 2,35.149586,2004-06-25,783766341,127,Released,There's a hero in all of us.,6.7,4321
200000000,en,Iron Man 3,77.68208,2013-04-18,1215439994,130,Released,Unleash the power behind the armor.,6.8,8806
200000000,en,Alice in Wonderland,78.530105,2010-03-03,1025491110,108,Released,You're invited to a very important date.,6.4,4645
210000000,en,X-Men: The Last Stand,3.857526,2006-05-24,459359555,104,Released,Take a Stand,6.3,3525
200000000,en,Monsters University,89.186492,2013-06-20,743559607,104,Released,School never looked this scary.,7.0,3528
150000000,en,Transformers: Revenge of the Fallen,21.939663,2009-06-19,836297228,150,Released,Revenge is coming.,6.0,3138
210000000,en,Transformers: Age of Extinction,116.840296,2014-06-25,1091405097,165,Released,This is not war. It's extinction.,5.8,3095
200000000,en,Oz: The Great and Powerful,46.985445,2013-03-07,491868548,130,Released,"In Oz, nothing is what it seems",5.7,3530
200000000,en,The Amazing Spider-Man 2,89.270217,2014-04-16,705717432,142,Released,No more secrets.,6.5,4179
170000000,en,TRON: Legacy,73.79505,2010-12-10,400062763,125,Released,The Game Has Changed.,6.3,2841
200000000,en,Cars 2,49.98659,2011-06-11,559852396,106,Released,Ka-ciao!,5.8,2033
200000000,en,Green Lantern,51.872839,2011-06-16,219851172,114,Released,"In our darkest hour, there will be light.",5.1,2487
200000000,en,Toy Story 3,59.995418,2010-06-16,1066969703,103,Released,No toy gets left behind.,7.6,4597
200000000,en,Terminator Salvation,71.862892,2009-05-20,371353001,115,Released,The End Begins.,5.9,2463
190000000,en,Furious 7,102.322217,2015-04-01,1506249360,137,Released,Vengeance Hits Home,7.3,4176
200000000,en,World War Z,81.834855,2013-06-20,531865000,116,Released,Remember Philly!,6.7,5560
250000000,en,X-Men: Days of Future Past,118.078691,2014-05-15,747862775,131,Released,"To save the future, they must alter the past",7.5,6032
190000000,en,Star Trek Into Darkness,78.291018,2013-05-05,467365246,132,Released,Earth Will Fall,7.4,4418
195000000,en,Jack the Giant Slayer,43.349855,2013-02-27,197687603,114,Released,Prepare for a giant adventure,5.5,2598
105000000,en,The Great Gatsby,61.196071,2013-05-10,351040419,143,Released,Reserving judgments is a matter of infinite hope... I come to the admission that it has a limit.,7.3,3769
150000000,en,Prince of Persia: The Sands of Time,62.169881,2010-05-19,335154643,116,Released,Defy the Future,6.2,2317
180000000,en,Pacific Rim,56.523205,2013-07-11,407602906,131,Released,"To Fight Monsters, We Created Monsters",6.7,4794
195000000,en,Transformers: Dark of the Moon,28.529607,2011-06-28,1123746996,154,Released,The invasion we always feared. An enemy we never expected.,6.1,3299
185000000,en,Indiana Jones and the Kingdom of the Crystal Skull,75.674458,2008-05-21,786636033,122,Released,The adventure continues . . .,5.7,2495
175000000,en,The Good Dinosaur,51.692953,2015-11-14,331926147,93,Released,Little Arms With Big Attitude,6.6,1736
185000000,en,Brave,125.114374,2012-06-21,538983207,93,Released,Change your fate.,6.7,4641
185000000,en,Star Trek Beyond,65.352913,2016-07-07,343471816,122,Released,,6.6,2568
180000000,en,WALL·E,66.390712,2008-06-22,521311860,98,Released,An adventure beyond the ordinar-E.,7.8,6296
140000000,en,Rush Hour 3,22.57178,2007-08-08,258022233,91,Released,The Rush Is On!,6.1,783
200000000,en,2012,45.274225,2009-10-10,769653595,158,Released,We Were Warned.,5.6,4903
200000000,en,A Christmas Carol,39.744242,2009-11-04,325233863,96,Released,Season's Greedings,6.6,1095
176000003,en,Jupiter Ascending,85.36908,2015-02-04,183987723,124,Released,Expand your universe.,5.2,2768
180000000,en,The Legend of Tarzan,42.741719,2016-06-29,356743061,109,Released,Human. Nature.,5.5,2430
180000000,en,"The Chronicles of Narnia: The Lion, the Witch and the Wardrobe",67.391328,2005-12-07,748806957,143,Released,Evil Has Reigned For 100 Years...,6.7,2629
178000000,en,X-Men: Apocalypse,139.272042,2016-05-18,543934787,144,Released,Only the strong will survive,6.4,4721
185000000,en,The Dark Knight,187.322927,2008-07-16,1004558444,152,Released,Why So Serious?,8.2,12002
175000000,en,Up,92.201962,2009-05-13,735099082,96,Released,,7.7,6870
175000000,en,Monsters vs Aliens,36.167578,2009-03-19,381509870,94,Released,"When aliens attack, monsters fight back.",6.0,1423
140000000,en,Iron Man,120.725053,2008-04-30,585174222,126,Released,Heroes aren't born. They're built.,7.4,8776
170000000,en,Hugo,32.319043,2011-11-22,185770160,126,Released,One of the most legendary directors of our time takes you on an extraordinary adventure.,7.0,2141
170000000,en,Wild Wild West,40.748915,1999-06-29,222104681,106,Released,It's a whole new west.,5.1,1020
145000000,en,The Mummy: Tomb of the Dragon Emperor,60.034162,2008-07-01,401128639,112,Released,A New Evil Awakens.,5.2,1387
175000000,en,Suicide Squad,90.23792,2016-08-02,745000000,123,Released,Worst Heroes Ever,5.9,7458
175000000,en,Evan Almighty,27.082182,2007-06-09,173000000,96,Released,A comedy of biblical proportions,5.3,1151
178000000,en,Edge of Tomorrow,79.456485,2014-05-27,370541256,113,Released,"Live, Die, Repeat",7.6,4858
175000000,en,Waterworld,44.640292,1995-07-28,264218220,135,Released,Beyond the horizon lies the secret to a new beginning.,5.9,992
175000000,en,G.I. Joe: The Rise of Cobra,32.852443,2009-08-04,302469017,118,Released,"When all else fails, they don't.",5.6,1962
175000000,en,Inside Out,128.655964,2015-06-09,857611174,94,Released,Meet the little voices inside your head.,8.0,6560
175000000,en,The Jungle Book,94.199316,2016-04-07,966550600,106,Released,,6.7,2892
200000000,en,Iron Man 2,77.300194,2010-04-28,623933331,124,Released,"It's not the armor that makes the hero, but the man inside.",6.6,6849
170000000,en,Snow White and the Huntsman,77.178973,2012-05-30,396600000,127,Released,The Fairytale is Over,5.8,3118
180000000,en,Maleficent,110.620647,2014-05-28,758539785,97,Released,Don't believe the fairy tale.,7.0,4496
170000000,en,Dawn of the Planet of the Apes,243.791743,2014-06-26,710644566,130,Released,One last chance for peace.,7.3,4410
27000000,en,The Lovers,2.418535,2015-02-13,0,109,Released,Love is longer than life.,4.8,34
175000000,en,47 Ronin,41.796339,2013-12-06,150962475,119,Released,For courage. For loyalty. For honor.,5.9,1326
170000000,en,Captain America: The Winter Soldier,72.225265,2014-03-20,714766572,136,Released,In heroes we trust.,7.6,5764
165000000,en,Shrek Forever After,44.041186,2010-05-16,752600867,93,Released,It ain't Ogre... Til it's Ogre,6.0,1959
190000000,en,Tomorrowland,130.311355,2015-05-19,209154322,130,Released,Imagine a world where nothing is impossible.,6.2,2846
165000000,en,Big Hero 6,203.73459,2014-10-24,652105443,102,Released,From the creators of Wreck-it Ralph and Frozen,7.8,6135
165000000,en,Wreck-It Ralph,62.341073,2012-11-01,471222889,108,Released,The story of a regular guy just looking for a little wreck-ognition.,7.1,4570
165000000,en,The Polar Express,47.323228,2004-11-10,305875730,100,Released,This holiday season... believe.,6.4,1474
165000000,en,Independence Day: Resurgence,48.775723,2016-06-22,389681935,120,Released,We had twenty years to prepare. So did they.,4.9,2491
165000000,en,How to Train Your Dragon,67.263269,2010-03-05,494878759,98,Released,One adventure will change two worlds,7.5,4227
200000000,en,Terminator 3: Rise of the Machines,69.405188,2003-07-02,435000000,109,Released,The Machines Will Rise.,5.9,2143
170000000,en,Guardians of the Galaxy,481.098624,2014-07-30,773328629,121,Released,All heroes start somewhere.,7.9,9742
165000000,en,Interstellar,724.247784,2014-11-05,675120017,169,Released,Mankind was born on Earth. It was never meant to die here.,8.1,10867
160000000,en,Inception,167.58371,2010-07-14,825532764,148,Released,Your mind is the scene of the crime.,8.1,13752
15000000,ja,シン・ゴジラ,9.476999,2016-07-29,77000000,120,Released,A god incarnate. A city doomed.,6.5,143
250000000,en,The Hobbit: An Unexpected Journey,108.849621,2012-11-26,1021103568,169,Released,From the smallest beginnings come the greatest legends.,7.0,8297
38000000,en,The Fast and the Furious,6.909942,2001-06-22,207283925,106,Released,Live life 1/4 mile at a time.,6.6,3428
150000000,en,The Curious Case of Benjamin Button,60.269279,2008-11-24,333932083,166,Released,"Life isn't measured in minutes, but in moments.",7.3,3292
160000000,en,X-Men: First Class,3.195174,2011-05-24,353624124,132,Released,Witness the moment that will change our world.,7.1,5181
160000000,en,The Hunger Games: Mockingjay - Part 2,127.284427,2015-11-18,653428261,137,Released,The fire will burn forever.,6.6,3984
150000000,en,The Sorcerer's Apprentice,35.580815,2010-07-13,215283742,109,Released,It's The Coolest Job Ever.,5.8,1470
160000000,en,Poseidon,21.133748,2006-05-12,181674817,99,Released,Mayday,5.5,583
170000000,en,Alice Through the Looking Glass,56.268916,2016-05-25,299370084,113,Released,It's time for a little madness.,6.5,1725
160000000,en,Shrek the Third,42.986467,2007-05-17,798958165,93,Released,Who's ready for Thirds?,6.0,2278
160000000,en,Warcraft,63.148529,2016-05-25,433677183,123,Released,Two worlds. One home.,6.3,2268
155000000,en,Terminator Genisys,202.042635,2015-06-23,440603537,126,Released,Reset the future,5.8,3631
155000000,en,The Chronicles of Narnia: The Voyage of the Dawn Treader,49.661984,2010-08-13,415686217,113,Released,Return to magic. Return to hope. Return to Narnia.,6.2,1514
140000000,en,Pearl Harbor,34.20669,2001-05-21,449220945,183,Released,It takes a moment to change history. It takes love to change lives.,6.6,1791
150000000,en,Transformers,25.468493,2007-06-27,709709780,144,Released,Their war. Our world.,6.6,4040
155000000,en,Alexander,39.019229,2004-11-21,167298192,175,Released,The greatest legend of all was real.,5.6,927
150000000,en,Harry Potter and the Order of the Phoenix,78.144395,2007-06-28,938212738,138,Released,Evil Must Be Confronted.,7.4,5494
150000000,en,Harry Potter and the Goblet of Fire,101.250416,2005-11-05,895921036,157,Released,Dark And Difficult Times Lie Ahead.,7.5,5608
150000000,en,Hancock,56.758411,2008-07-01,624029371,92,Released,Bad Behavior. Bad Attitude. Real Hero.,6.2,2961
150000000,en,I Am Legend,70.867401,2007-12-14,585349010,101,Released,The last man on Earth is not alone,6.9,4853
150000000,en,Charlie and the Chocolate Factory,53.905592,2005-07-13,474968763,115,Released,Willy Wonka is semi-sweet and nuts.,6.7,3624
150000000,en,Ratatouille,65.677399,2007-06-22,623722818,111,Released,He's dying to become a chef.,7.5,4369
150000000,en,Batman Begins,115.040024,2005-06-10,374218673,140,Released,Evil fears the knight.,7.5,7359
150000000,en,Madagascar: Escape 2 Africa,44.141021,2008-10-30,603900354,89,Released,Still together. Still lost!,6.2,1810
150000000,en,Night at the Museum: Battle of the Smithsonian,81.781591,2009-05-20,413106170,105,Released,When the lights go off the battle is on.,5.9,1971
150000000,en,X-Men Origins: Wolverine,5.954334,2009-04-28,373062864,107,Released,Witness the Origin.,6.2,4021
150000000,en,The Matrix Revolutions,73.313918,2003-11-05,424988211,129,Released,Everything that has a beginning has an end.,6.4,3096
150000000,en,Frozen,165.125366,2013-11-27,1274219009,102,Released,Only the act of true love will thaw a frozen heart.,7.3,5295
150000000,en,The Matrix Reloaded,70.78591,2003-05-15,738599701,138,Released,Free your mind.,6.7,3443
170000000,en,Thor: The Dark World,99.499595,2013-10-29,644571402,112,Released,Delve into the darkness,6.8,4755
150000000,en,Mad Max: Fury Road,434.278564,2015-05-13,378858340,120,Released,What a Lovely Day.,7.2,9427
150000000,en,Angels & Demons,67.447636,2009-05-13,356613439,138,Released,,6.5,2129
150000000,en,Thor,86.493424,2011-04-21,449326618,115,Released,Two worlds. One hero.,6.6,6525
150000000,en,Bolt,41.845878,2008-11-21,309979994,98,Released,Fully Awesome. Ridonculous. Let It Begin.,6.3,1750
150000000,en,G-Force,26.710398,2009-07-21,292817841,88,Released,The world needs bigger heroes,5.1,510
150000000,en,Wrath of the Titans,44.927635,2012-03-27,301000000,99,Released,Feel the Wrath,5.5,1431
150000000,en,Dark Shadows,50.306728,2012-05-08,245527149,113,Released,Every Family Has Its Demons,5.7,2320
150000000,en,Mission: Impossible - Rogue Nation,114.522237,2015-07-23,682330139,131,Released,Desperate Times. Desperate Measures.,7.1,3224
150000000,en,The Wolfman,21.214571,2010-02-11,0,102,Released,When the moon is full the legend comes to life,5.5,549
150000000,en,Bee Movie,29.332905,2007-10-28,287594577,91,Released,Born to bee wild.,5.7,1171
150000000,en,Kung Fu Panda 2,51.247321,2011-05-25,665692281,91,Released,Prepare for the Year of Awesomeness!,6.7,1880
150000000,en,The Last Airbender,33.769336,2010-06-30,318502923,103,Released,"Four nations, one destiny",4.7,1151
150000000,en,Mission: Impossible III,63.079003,2006-05-03,397850012,126,Released,The Mission Begins 05:05:06.,6.5,2028
150000000,en,White House Down,39.004588,2013-06-27,205366737,131,Released,It will start like any other day.,6.4,1891
150000000,en,Mars Needs Moms,12.362599,2011-03-09,38992758,88,Released,Mom needs a little space.,5.5,199
149000000,en,Flushed Away,22.550135,2006-10-22,64459316,85,Released,Someone's Going Down,6.0,874
150000000,en,Pan,48.03528,2015-09-24,128388320,111,Released,Every legend has a beginning.,5.9,954
145000000,en,Mr. Peabody & Sherman,38.73494,2014-02-07,272912430,92,Released,He's Leaving His Mark On History,6.7,843
175000000,en,Troy,66.803149,2004-05-13,497409852,163,Released,For passion. For honor. For destiny. For victory. For love.,6.9,2759
145000000,en,Madagascar 3: Europe's Most Wanted,44.989192,2012-06-06,746921274,93,Released,"Six years ago, they disappeared without a trace. Next summer, they finally resurface.",6.4,1808
140000000,en,Die Another Day,54.159392,2002-11-17,431971116,133,Released,He’s never been cooler.,5.8,1092
144000000,en,Ghostbusters,66.21806,2016-07-14,229147509,116,Released,Who You Gonna Call?,5.3,2142
140000000,en,Armageddon,58.485967,1998-07-01,553799566,151,Released,The Earth's Darkest Day Will Be Man's Finest Hour,6.4,2482
140000000,en,Men in Black II,91.332849,2002-07-03,441818803,88,Released,Same Planet. New Scum.,6.0,3114
70000000,en,Beowulf,35.601665,2007-11-05,195735876,115,Released,Evil breeds pain.,5.5,841
145000000,en,Kung Fu Panda 3,56.747978,2016-01-23,521170825,95,Released,Grab destiny by the rice dumplings.,6.7,1603
145000000,en,Mission: Impossible - Ghost Protocol,77.77477,2011-12-07,694713380,133,Released,No Plan. No Backup. No Choice.,6.8,3972
145000000,en,Rise of the Guardians,61.788035,2012-11-21,306941670,97,Released,You better believe.,7.1,1922
100000000,en,Fun with Dick and Jane,25.159168,2005-12-21,202026112,90,Released,Giving big businesses a run for their money!,5.9,627
140000000,en,The Last Samurai,52.341226,2003-12-05,456758981,154,Released,"In the face of an enemy, in the heart of one man, lies the soul of a warrior.",7.3,1895
140000000,en,Exodus: Gods and Kings,101.599427,2014-12-03,268031828,150,Released,"Once brothers, now enemies.",5.6,1921
150000000,en,Star Trek,73.616808,2009-05-06,385680446,127,Released,The future begins.,7.4,4518
139000000,en,Spider-Man,82.502566,2002-05-01,821708551,121,Released,With great power comes great responsibility.,6.8,5265
145000000,en,How to Train Your Dragon 2,100.21391,2014-06-12,609123048,102,Released,The training is over.,7.6,3106
140000000,en,Gods of Egypt,56.257249,2016-02-25,150680864,127,Released,The battle for eternity begins,5.3,1277
135000000,en,Stealth,17.88953,2005-07-28,76932943,121,Released,Fear The Sky,4.9,331
130000000,en,Watchmen,64.798873,2009-03-05,185258983,163,Released,Justice is coming to all of us.  No matter what we do.,7.0,2811
140000000,en,Lethal Weapon 4,24.855701,1998-07-10,285444603,127,Released,The faces you love. The action you expect.,6.3,767
137000000,en,Hulk,34.981698,2003-06-19,245360480,138,Released,Unleash the hero within,5.3,1533
130000000,en,G.I. Joe: Retaliation,59.325589,2013-03-26,371876278,110,Released,,5.4,3025
130000000,en,Sahara,21.605568,2005-04-06,119269486,124,Released,Dirk Pitt. Adventure has a new name.,5.7,434
137000000,en,Final Fantasy: The Spirits Within,26.074908,2001-07-02,85131830,106,Released,Unleash a new reality,5.9,433
140000000,en,Captain America: The First Avenger,74.506246,2011-07-22,370569774,124,Released,When patriots become heroes,6.6,7047
135000000,en,The World Is Not Enough,39.604363,1999-11-08,361832400,128,Released,As the countdown begins for the new millennium there is still one number you can always count on.,6.0,862
150000000,en,Master and Commander: The Far Side of the World,36.973031,2003-11-14,212011111,138,Released,The courage to do the impossible lies in the hearts of men.,6.9,790
120000000,en,The Twilight Saga: Breaking Dawn - Part 2,99.687084,2012-11-13,829000000,115,Released,The epic finale that will live forever,6.1,2553
130000000,en,Happy Feet Two,17.7735,2011-11-17,150406466,100,Released,Every step counts.,5.8,373
150000000,en,The Incredible Hulk,62.898336,2008-06-12,163712074,114,Released,You'll like him when he's angry.,6.1,3021
140000000,en,The BFG,44.19092,2016-06-01,183345589,120,Released,The world is more giant than you can imagine.,6.0,1000
135000000,en,The Revenant,100.635882,2015-12-25,532950503,156,Released,"(n. One who has returned, as if from the dead.)",7.3,6396
135000000,en,Turbo,44.765377,2013-07-11,282570682,96,Released,SLO NO MO,6.1,1074
135000000,en,Rango,29.91353,2011-03-02,245724603,107,Released,Heroes come in all different colors.,6.6,2051
132000000,en,Penguins of Madagascar,84.366984,2014-11-22,373552094,92,Released,The Movie Event That Will Blow Their Cover,6.5,1346
70000000,en,The Bourne Ultimatum,45.381501,2007-08-03,442824138,115,Released,Remember everything. Forgive nothing.,7.3,2888
130000000,en,Kung Fu Panda,84.689648,2008-06-04,631744560,90,Released,Prepare for awesomeness.,6.9,3145
130000000,en,Ant-Man,120.09361,2015-07-14,519311965,117,Released,Heroes don't get any bigger.,7.0,5880
130000000,en,The Hunger Games: Catching Fire,76.310119,2013-11-15,847423452,146,Released,Every revolution begins with a spark.,7.4,6495
135000000,en,Home,63.473086,2015-03-18,368871007,94,Released,Worlds Collide,6.8,1519
132000000,en,War of the Worlds,48.572726,2005-06-28,591739379,116,Released,They're already here.,6.2,2322
130000000,en,Bad Boys II,38.068736,2003-07-18,273339556,147,Released,"If you can't stand the heat, get out of Miami.",6.3,1564
130000000,en,Puss in Boots,20.678787,2011-10-28,554987477,90,Released,Live for danger. Fight for justice. Pray for mercy.,6.4,451
110000000,en,Salt,48.829437,2010-07-21,293329073,100,Released,Who is Salt?,6.2,2093
125000000,en,Noah,46.115758,2014-03-20,362637473,139,Released,The end of the world is just the beginning.,5.6,2350
130000000,en,The Adventures of Tintin,89.938296,2011-10-25,371940071,107,Released,"This year, discover how far adventure will take you.",6.7,2061
130000000,en,Harry Potter and the Prisoner of Azkaban,79.679601,2004-05-31,789804554,141,Released,Something wicked this way comes.,7.7,5877
130000000,en,Australia,28.840997,2008-11-18,49554002,165,Released,Welcome to Australia!,6.3,694
130000000,en,After Earth,42.840582,2013-05-30,243843127,100,Released,"Danger is real, fear is a choice",5.0,2532
127500000,en,Dinosaur,26.548594,2000-05-19,354248063,82,Released,You have never seen anything like this.,6.2,542
127000000,en,Night at the Museum: Secret of the Tomb,115.597753,2014-12-17,349424282,97,Released,One Final Night to Save the Day.,6.1,1851
130000000,en,Megamind,68.757242,2010-10-28,321887208,95,Released,His brain is off the chain.,6.7,1918
125000000,en,Harry Potter and the Philosopher's Stone,109.984351,2001-11-16,976475550,152,Released,Let the Magic Begin.,7.5,7006
130000000,en,R.I.P.D.,39.448066,2013-07-18,61648500,96,Released,To protect and serve the living,5.4,1260
140000000,en,Pirates of the Caribbean: The Curse of the Black Pearl,271.972889,2003-07-09,655011224,143,Released,Prepare to be blown out of the water.,7.5,6985
125000000,en,The Hunger Games: Mockingjay - Part 1,206.227151,2014-11-18,752100229,123,Released,Fire burns brighter in the darkness,6.6,5584
125000000,en,The Da Vinci Code,45.313197,2006-05-17,767820459,149,Released,Seek the truth.,6.5,2704
103000000,en,Rio 2,42.40024,2014-03-19,500188435,102,Released,"He's villainous, she's venomous.",6.3,978
110000000,en,X2,2.871739,2003-04-24,407711549,133,Released,The time has come for those who are different to stand united.,6.8,3506
125000000,en,Fast Five,7.255718,2011-04-20,626137675,130,Released,Get the Fifth Gear.,7.1,2438
125000000,en,Sherlock Holmes: A Game of Shadows,81.499621,2011-11-22,334615000,129,Released,The game is afoot.,7.0,3886
125000000,en,Clash of the Titans,47.686442,2010-04-01,232713139,106,Released,Titans will clash.,5.6,2233
65000000,en,Total Recall,43.129703,1990-06-01,261317921,113,Released,"They stole his mind, now he wants it back.",7.1,1710
160000000,en,The 13th Warrior,27.220157,1999-08-27,61698899,102,Released,Prey for the living.,6.4,510
130000000,en,The Bourne Legacy,90.33681,2012-08-08,276572938,120,Released,There Was Never Just One,6.0,2651
125000000,en,Batman & Robin,50.073575,1997-06-20,238207122,125,Released,Strength. Courage. Honor. And loyalty.,4.2,1418
123000000,en,How the Grinch Stole Christmas,45.419668,2000-11-17,345141403,104,Released,He puts the mean in green.,6.2,1386
125000000,en,The Day After Tomorrow,41.380094,2004-05-26,544272402,124,Released,Where will you be?,6.2,2392
125000000,en,Mission: Impossible II,54.931334,2000-05-24,546388105,123,Released,Expect the impossible again.,5.9,1928
120000000,en,The Perfect Storm,25.752118,2000-03-15,325756637,130,Released,The storm is coming.,6.2,597
130000000,en,4: Rise of the Silver Surfer,60.810723,2007-06-13,289047763,92,Released,Discover the secret of the Surfer.,5.4,2589
120000000,en,Life of Pi,51.328145,2012-11-20,609016565,127,Released,Believe The Unbelievable,7.2,5797
110000000,en,Ghost Rider,46.834704,2007-02-16,228738393,114,Released,Hell Is About To Be Unleashed,5.2,1712
120000000,en,Jason Bourne,62.641286,2016-07-27,415484914,123,Released,You know his name,5.9,2341
120000000,en,Charlie's Angels: Full Throttle,33.616115,2003-06-27,259175788,106,Released,This summer the Angels are back.,5.2,914
130000000,en,Prometheus,68.889395,2012-05-30,403170142,124,Released,The Search for Our Beginning Could Lead to Our End.,6.3,5080
120000000,en,Stuart Little 2,27.990284,2002-07-19,169956806,78,Released,A Little Goes A Long Way,5.4,613
115000000,en,Elysium,67.33767,2013-08-07,286140700,109,Released,He can save us all.,6.4,3439
105000000,en,The Chronicles of Riddick,27.835436,2004-06-11,115772733,119,Released,All the power in the universe can't change destiny,6.3,1570
120000000,en,RoboCop,66.757869,2014-01-30,242688965,102,Released,We've got the future under control.,5.7,2342
120000000,en,Speed Racer,17.060695,2008-05-09,93945766,135,Released,Go!,5.7,354
120000000,en,How Do You Know,11.137655,2010-12-17,48668907,121,Released,How do you know it's love?,4.9,223
117000000,en,Knight and Day,44.906918,2010-06-15,261930431,109,Released,Every Hit Man Deserves a Second Shot!,5.9,1547
120000000,en,Oblivion,67.698004,2013-04-10,286168572,124,Released,Earth is a memory worth fighting for,6.4,4800
113000000,en,Star Wars: Episode III - Revenge of the Sith,44.108427,2005-05-17,850000000,140,Released,The saga is complete.,7.1,4116
120000000,en,Star Wars: Episode II - Attack of the Clones,43.987061,2002-05-15,649398328,142,Released,A Jedi Shall Not Know Anger. Nor Hatred. Nor Love.,6.4,3992
115000000,en,"Monsters, Inc.",106.815545,2001-11-01,562816256,92,Released,We Scare Because We Care.,7.5,5996
120000000,en,The Wolverine,15.953444,2013-07-23,415440673,126,Released,"When he's most vulnerable, he's most dangerous.",6.3,4053
115000000,en,Star Wars: Episode I - The Phantom Menace,54.035265,1999-05-19,924317558,136,Released,Every generation has a legend. Every journey has a first step. Every saga has a beginning.,6.3,4432
135000000,en,The Croods,64.183321,2013-03-20,585178928,98,Released,Meet the first modern family.,6.8,2399
97250400,fr,Astérix aux Jeux Olympiques,20.344364,2008-01-13,132900000,116,Released,,5.0,471
115000000,en,Windtalkers,18.714197,2002-06-14,77628265,134,Released,Honor Was Their Code.,5.8,341
115000000,en,The Huntsman: Winter's War,60.467984,2016-04-06,164602163,114,Released,The story before Snow White,6.0,1523
125000000,en,Teenage Mutant Ninja Turtles,143.350376,2014-08-07,477200000,101,Released,Mysterious. Dangerous. Reptilious. You've never seen heroes like this.,5.8,2636
105000000,en,Gravity,110.153618,2013-09-27,716392705,91,Released,Don't Let Go,7.3,5751
116000000,en,Dante's Peak,16.90444,1997-02-07,178127760,108,Released,The pressure is building...,5.7,428
135000000,en,Teenage Mutant Ninja Turtles: Out of the Shadows,39.873791,2016-06-01,245623848,112,Released,Raise some shell.,5.8,963
120000000,en,Fantastic Four,38.126095,2015-08-05,167977596,100,Released,Change is coming.,4.4,2278
110000000,en,Night at the Museum,48.780039,2006-10-20,574480841,108,Released,Where History Comes To Life,6.3,2862
110000000,en,San Andreas,100.412364,2015-05-27,470490832,114,Released,"A rescue pilot survived an earthquake, this is what happens next",6.0,2968
110000000,en,Tomorrow Never Dies,42.887121,1997-12-11,333011068,119,Released,Yesterday is a memory. Today is history. Tomorrow is in the hands of one man.,6.0,925
110000000,en,The Patriot,23.657284,2000-06-28,215294342,165,Released,Some things are worth fighting for.,6.8,1099
110000000,en,Ocean's Twelve,76.840712,2004-12-09,362744280,125,Released,Twelve is the new eleven.,6.4,2124
110000000,en,Mr. & Mrs. Smith,44.635452,2005-06-07,478207520,120,Released,Smart and sexy.,6.5,2965
110000000,en,Insurgent,103.718387,2015-03-18,295238201,119,Released,One Choice Can Destroy You,6.2,3829
116000000,en,The Aviator,45.616098,2004-12-17,102000000,170,Released,"For some men, the sky was the limit. For him, it was just the beginning.",7.0,1489
112000000,en,Gulliver's Travels,22.845143,2010-12-25,237382724,85,Released,Something big is going down.,4.9,621
120000000,en,The Green Hornet,31.703608,2011-01-12,227817248,119,Released,Breaking the Law to Protect It.,5.5,1251
110000000,en,300: Rise of an Empire,71.510596,2014-03-05,337580051,102,Released,Seize your glory!,6.1,2397
110000000,en,The Smurfs,36.65422,2011-07-29,563749323,103,Released,Smurf Happens.,5.5,1179
110000000,en,Home on the Range,19.625972,2004-04-02,103951461,76,Released,Bust a Moo,5.7,389
110000000,en,Allegiant,86.105615,2016-03-09,179246868,121,Released,Break the boundaries of your world,5.9,1998
110000000,en,Real Steel,37.195046,2011-09-28,299268508,127,Released,"If you get one shot, make it real.",6.6,2692
105000000,en,The Smurfs 2,32.473628,2013-07-30,347434178,105,Released,Get ready to get naughty!,5.5,695
160000000,en,Speed 2: Cruise Control,23.336875,1997-06-13,164508066,121,Released,"As the stakes get higher, the ride gets even faster.",4.1,434
110000000,en,Ender's Game,45.94834,2013-10-23,125537191,114,Released,This is not a game.,6.6,2303
110000000,en,Live Free or Die Hard,48.93337,2007-06-20,383531464,128,Released,The old school cop is back!,6.4,2089
93000000,en,The Lord of the Rings: The Fellowship of the Ring,138.049577,2001-12-18,871368364,178,Released,One ring to rule them all,8.0,8705
110000000,en,Around the World in 80 Days,22.643776,2004-06-16,72178895,120,Released,Let your imagination soar.,5.7,672
107000000,en,Ali,18.866672,2001-12-11,87713825,157,Released,Float like a butterfly and sting like a bee.,6.7,447
0,en,The Cat in the Hat,18.251129,2003-11-21,0,82,Released,Don't mess with the hat.,4.9,366
120000000,en,"I, Robot",95.914473,2004-07-15,347234916,115,Released,Laws are made to be broken.,6.7,3793
130000000,en,Kingdom of Heaven,44.490453,2005-05-03,211643158,144,Released,"Be without fear in the face of your enemies. Safeguard the helpless, and do no wrong",6.6,1157
133000000,en,Stuart Little,30.475297,1999-12-17,300135367,84,Released,The Little Family Just Got Bigger,5.8,959
105000000,en,The Princess and the Frog,62.479574,2009-12-08,267045765,97,Released,Every Love Story Begins With a Kiss...,6.7,1247
108000000,en,The Martian,167.93287,2015-09-30,630161890,141,Released,Bring Him Home,7.6,7268
126000000,en,The Island,37.68056,2005-07-20,162949164,136,Released,Your time will come...,6.5,1770
90000000,en,Town & Country,1.004579,2001-04-27,10372291,104,Released,There's no such thing as a small affair.,3.7,16
90000000,en,Gone in Sixty Seconds,52.995628,2000-06-09,237202299,118,Released,"Ice Cold, Hot Wired.",6.1,1485
103000000,en,Gladiator,95.301296,2000-05-01,457640427,155,Released,A Hero Will Rise.,7.9,5439
102000000,en,Minority Report,65.948959,2002-06-20,358372926,145,Released,The system is perfect until it comes after you.,7.1,2608
100000000,en,Harry Potter and the Chamber of Secrets,132.397737,2002-11-13,876688482,161,Released,Hogwarts is back in session.,7.4,5815
150000000,en,Casino Royale,88.935165,2006-11-14,599045960,144,Released,Everyone has a past. Every legend has a beginning.,7.3,3855
100000000,en,Planet of the Apes,51.188633,2001-07-25,362211740,119,Released,You'll be sorry you were ever born human,5.6,1243
100000000,en,Terminator 2: Judgment Day,101.74155,1991-07-01,520000000,137,Released,It's nothing personal.,7.7,4185
80000000,en,Public Enemies,33.691694,2009-07-01,214104620,140,Released,America's Most Wanted.,6.5,1344
100000000,en,American Gangster,42.361215,2007-11-02,266465037,157,Released,There are two sides to the American dream,7.4,1502
115000000,en,True Lies,38.729418,1994-07-14,378882411,141,Released,"When he said I do, he never said what he did.",6.8,1116
100000000,en,The Taking of Pelham 1 2 3,40.597856,2009-06-11,150166126,106,Released,I can't get it out of my head. I'm gonna die today.,6.2,954
100000000,en,Little Fockers,32.389353,2010-12-21,310650585,98,Released,"Kids bring everyone closer, right?",5.4,1060
100000000,en,The Other Guys,24.399642,2010-08-06,170432927,107,Released,When the cops are busy... Our only hope is...,6.1,1383
100000000,en,Eraser,24.507987,1996-06-21,242295562,115,Released,He will erase your past to protect your future.,5.6,543
100000000,en,Django Unchained,82.121691,2012-12-25,425368238,165,Released,"Life, liberty and the pursuit of vengeance.",7.8,10099
100000000,en,The Hunchback of Notre Dame,46.727941,1996-06-21,100138851,91,Released,,6.8,1129
100000000,en,The Emperor's New Groove,51.113717,2000-12-09,169327687,78,Released,It's All About.....ME!,7.2,1490
100000000,en,The Expendables 2,53.732892,2012-08-08,312573423,103,Released,Back for War.,6.1,2896
100000000,en,National Treasure,58.849256,2004-11-19,347451894,131,Released,The greatest adventure history has ever revealed.,6.4,1926
100000000,en,Eragon,30.863434,2006-12-14,249288105,104,Released,"As darkness falls, the last dragon will choose its rider.",4.9,967
100000000,en,Where the Wild Things Are,31.586215,2009-10-16,100086793,101,Released,There's one in all of us.,6.4,572
100000000,en,Epic,36.711378,2013-05-15,268426634,102,Released,Discover a world beyond your imagination,6.4,1121
100000000,en,The Tourist,41.426678,2010-12-08,278731369,103,Released,It all started when he met a woman,6.0,1699
100000000,en,End of Days,20.652943,1999-11-24,211989043,121,Released,Prepare for the end.,5.5,482
100000000,en,Blood Diamond,52.792678,2006-12-07,170877916,143,Released,It will cost you everything.,7.3,2281
100000000,en,The Wolf of Wall Street,95.007934,2013-12-25,392000694,180,Released,EARN. SPEND. PARTY.,7.9,6571
100000000,en,Batman Forever,48.205606,1995-05-31,336529144,121,Released,"Courage now, truth always...",5.2,1498
105000000,en,Starship Troopers,58.782359,1997-11-06,121214377,129,Released,The only good bug is a dead bug.,6.7,1560
102000000,en,Cloud Atlas,73.872343,2012-10-26,130482868,172,Released,Everything is Connected,6.6,2977
80000000,en,Legend of the Guardians: The Owls of Ga'Hoole,37.321848,2010-07-10,140073390,97,Released,On his way to finding a legend...he will become one.,6.5,703
100000000,en,Catwoman,32.271938,2004-07-22,82102379,104,Released,CATch her in IMAX,4.2,808
100000000,en,Hercules,76.842247,2014-07-23,243400000,99,Released,"Before he was a legend, he was a man.",5.6,1680
140000000,en,Treasure Planet,38.924136,2002-11-26,109578115,95,Released,Find your place in the universe.,7.2,948
100000000,en,Land of the Lost,19.38841,2009-06-05,68688831,102,Released,Right place. Wrong time.,5.3,381
90000000,en,The Expendables 3,61.025639,2014-08-04,206172544,127,Released,New team. New attitude. New mission.,6.1,1795
105000000,en,Point Break,33.507289,2015-12-03,133718711,114,Released,The only law that matters is gravity,5.5,783
84000000,en,Son of the Mask,17.815595,2005-02-18,0,94,Released,Who's next?,3.6,338
100000000,en,In the Heart of the Sea,50.767332,2015-11-20,93820758,122,Released,Based on the incredible true story that inspired Moby Dick,6.5,1276
100000000,en,The Adventures of Pluto Nash,12.092241,2002-08-15,7103973,95,Released,Action's future has arrived...,4.4,142
100000000,en,Green Zone,30.254021,2010-03-11,94882889,115,Released,Chief Warrant Officer Roy Miller is done following orders,6.4,717
99000000,en,The Peanuts Movie,34.308098,2015-11-05,246233113,88,Released,The story of an underdog. And his dog.,6.5,604
10000000,en,The Spanish Prisoner,3.091077,1997-09-08,13835130,110,Released,It's the oldest con in the book.,7.1,73
98000000,en,The Mummy Returns,41.862983,2001-04-28,433013274,130,Released,The most powerful force on earth is about to be unleashed by the two people who should know better.,6.0,2206
100000000,en,Gangs of New York,46.160048,2002-12-14,193772504,167,Released,America was born in the streets.,7.1,1910
94000000,zh,金陵十三釵,12.516546,2011-12-15,95311434,145,Released,,7.1,187
85000000,en,Surf's Up,23.230851,2007-06-08,149044513,85,Released,"In the coldest place on Earth, he's the hottest thing around.",5.9,601
90000000,en,The Stepford Wives,19.224754,2004-06-10,102000000,93,Released,The wives of Stepford have a secret.,5.4,334
92000000,en,Black Hawk Down,44.455166,2001-12-28,172989651,144,Released,Leave No Man Behind.,7.2,1811
0,en,The Campaign,16.460356,2012-08-09,104907746,85,Released,May The Best Loser Win.,5.6,578
90000000,en,The Fifth Element,109.528572,1997-05-07,263920180,126,Released,There is no future without it.,7.3,3885
100000000,en,Sex and the City 2,18.325897,2010-05-26,288347692,146,Released,Carrie on.,5.4,426
95000000,en,The Road to El Dorado,37.054554,2000-03-31,76432727,89,Released,They came for the gold... they stayed for the adventure.,7.0,858
95000000,en,Ice Age: Continental Drift,65.229868,2012-06-26,877244782,88,Released,"Manny, Diego, and Sid embark upon another adventure after their continent is set adrift.",6.2,2672
95000000,en,Cinderella,101.187052,2015-03-12,543514353,105,Released,Midnight is just the beginning.,6.7,2374
65000000,en,The Lovely Bones,29.257137,2009-12-26,93525586,136,Released,The story of a life and everything that came after...,6.6,1065
94000000,en,Finding Nemo,85.688789,2003-05-30,940335536,100,Released,"There are 3.7 trillion fish in the ocean, they're looking for one.",7.6,6122
94000000,en,The Lord of the Rings: The Return of the King,123.630332,2003-12-01,1118888979,201,Released,The eye of the enemy is moving.,8.1,8064
79000000,en,The Lord of the Rings: The Two Towers,106.914973,2002-12-18,926287400,179,Released,A New Power Is Rising.,8.0,7487
95000000,en,Seventh Son,63.628459,2014-12-12,114178613,102,Released,"When darkness falls, the son will rise. When the son falls, the dark knight will rise.",5.2,957
115000000,en,Lara Croft: Tomb Raider,41.498631,2001-06-11,274703340,100,Released,Born into Wealth. Groomed by the Elite. Trained for Combat.,5.7,2192
100000000,en,Transcendence,58.991388,2014-04-16,103039258,119,Released,"Yesterday, Dr. Will Caster was only human...",5.9,2295
93000000,en,Jurassic Park III,1.859364,2001-07-18,368780809,92,Released,"This time, it's not just a walk in the park!",5.7,2077
93000000,en,Rise of the Planet of the Apes,138.433168,2011-08-03,482860185,105,Released,Evolution Becomes Revolution.,7.0,4347
90000000,en,The Spiderwick Chronicles,21.436682,2008-02-14,162839667,95,Released,Their World Is Closer Than You Think.,6.3,572
92000000,en,A Good Day to Die Hard,65.402595,2013-02-06,304654182,98,Released,Yippee Ki-Yay Mother Russia,5.2,3493
145000000,en,The Alamo,10.660441,2004-04-07,25819961,137,Released,You will never forget,5.8,106
92000000,en,The Incredibles,77.817571,2004-11-05,631442092,115,Released,"No gut, no glory",7.4,5152
98000000,en,Cutthroat Island,7.029308,1995-12-22,10017322,119,Released,The Course Has Been Set. There Is No Turning Back. Prepare Your Weapons. Summon Your Courage. Discover the Adventure of a Lifetime!,5.7,136
95000000,en,Percy Jackson & the Olympians: The Lightning Thief,61.121717,2010-02-01,226497209,118,Released,Worlds Collide,6.0,2010
90000000,en,Men in Black,104.121555,1997-07-02,589390539,98,Released,Protecting the Earth from the scum of the universe.,6.9,4412
90000000,en,Toy Story 2,73.575118,1999-10-30,497366869,92,Released,The toys are back!,7.3,3806
100000000,en,Unstoppable,37.698465,2010-11-04,167805466,98,Released,"1,000,000 Tons. 100,000 Lives. 100 Minutes.",6.3,1165
90000000,en,Rush Hour 2,35.814765,2001-08-03,347325802,90,Released,Get ready for a second Rush!,6.4,1054
100000000,en,What Lies Beneath,15.835672,2000-07-21,155464351,130,Released,He was the perfect husband until his one mistake followed them home.,6.3,488
100000000,en,Cloudy with a Chance of Meatballs,46.781182,2009-09-17,242988466,90,Released,Prepare to get served.,6.5,1747
90000000,en,Ice Age: Dawn of the Dinosaurs,69.457898,2009-06-29,886686817,94,Released,You Won't Believe Your Ice!,6.5,2271
90000000,en,The Secret Life of Walter Mitty,43.348022,2013-12-18,188133322,114,Released,"Stop Dreaming, Start Living",7.0,3144
92000000,en,Charlie's Angels,40.20395,2000-11-02,264105545,98,Released,Get Some Action,5.6,1232
90000000,en,The Departed,63.429157,2006-10-05,289847354,151,Released,Lies. Betrayal. Sacrifice. How far will you take it?,7.9,4339
90000000,en,Mulan,67.427755,1998-06-18,304320254,88,Released,"This time, the princess saves the prince.",7.6,2008
92000000,en,Tropic Thunder,43.192048,2008-08-09,188072649,107,Released,The movie they think they're making... isn't a movie anymore.,6.5,1667
90000000,en,The Girl with the Dragon Tattoo,47.651083,2011-12-14,232617430,158,Released,Evil shall with evil be expelled.,7.2,2434
90000000,en,Die Hard: With a Vengeance,51.881077,1995-05-19,366101666,128,Released,Think fast. Look alive. Die hard.,6.9,2066
90000000,en,Sherlock Holmes,57.834787,2009-12-23,524028679,128,Released,Nothing escapes him.,7.0,5766
100000000,en,Ben-Hur,29.608322,2016-08-17,94061311,125,Released,First to finish. Last to die.,5.3,621
120000000,en,Atlantis: The Lost Empire,51.548589,2001-06-02,186053725,95,Released,Atlantis is waiting...,6.7,1224
0,en,Alvin and the Chipmunks: The Road Chip,27.867368,2015-12-17,233755553,92,Released,Fast & furry-ous,5.8,428
75000000,en,Valkyrie,38.832842,2008-12-25,200276000,121,Released,Many saw evil. They dared to stop it.,6.7,1173
90000000,en,You Don't Mess with the Zohan,40.597344,2008-06-05,201596308,113,Released,Lather. Rinse. Save the world.,5.5,1048
88000000,en,Pixels,140.849495,2015-07-16,243637091,105,Released,Game On.,5.6,2513
100000000,en,A.I. Artificial Intelligence,34.035114,2001-06-29,235926552,146,Released,"David is 11 years old. He weighs 60 pounds. He is 4 feet, 6 inches tall. He has brown hair. His love is real. But he is not.",6.8,1974
90000000,en,The Haunted Mansion,16.302378,2003-11-25,182290266,99,Released,Check your pulse at the door... if you have one.,5.2,466
90000000,en,Contact,55.249434,1997-07-11,171120329,150,Released,"If it's just us, it seems like an awful waste of space.",7.2,1308
95000000,en,Hollow Man,28.200874,2000-08-04,190213455,112,Released,What would you do if you knew you couldn't be seen?,5.6,634
80000000,en,The Interpreter,18.69984,2005-04-08,162944923,128,Released,The truth needs no translation.,6.2,392
90000000,en,Percy Jackson: Sea of Monsters,40.262261,2013-08-07,174578751,106,Released,"Where There Are Gods, There Are Monsters.",5.9,1648
95000000,en,Lara Croft Tomb Raider: The Cradle of Life,56.811056,2003-07-21,156505388,117,Released,Adventuress Lara Croft goes on a quest to save the mythical Pandora's Box,5.5,1418
90000000,en,Now You See Me 2,51.535701,2016-06-02,334901337,129,Released,You Haven't Seen Anything Yet,6.7,3235
68000000,en,The Saint,20.913852,1997-04-03,118063304,116,Released,Never reveal your name. Never turn your back. Never surrender your heart.,5.9,302
92000000,en,Spy Game,27.166757,2001-11-18,143049560,126,Released,It's not how you play the game. It's how the game plays you.,6.8,579
90000000,en,Mission to Mars,16.058284,2000-03-10,60874615,114,Released,Let There Be Life.,5.7,369
90000000,en,Rio,46.200042,2011-04-03,484635760,96,Released,1 out of every 8 Americans is afraid of flying. Most of them don't have feathers.,6.5,2166
100000000,en,Bicentennial Man,24.939295,1999-12-17,93700000,131,Released,One robot's 200 year journey to become an ordinary man.,6.9,963
90000000,en,Volcano,19.836124,1997-04-25,0,104,Released,The coast is toast,5.2,376
90000000,en,The Devil's Own,15.350451,1997-03-12,140807547,107,Released,"They come from different worlds. They fight for different causes. Now, two men from opposite sides of the law are about to go to war.",5.9,290
100000000,en,K-19: The Widowmaker,15.625949,2002-07-19,35168966,138,Released,Fate has found its hero.,6.1,264
20000000,en,Conan the Barbarian,31.802807,1982-04-02,79114085,129,Released,Thief. Warrior. Gladiator. King.,6.6,650
88000000,en,Cinderella Man,24.100863,2005-06-02,108539911,144,Released,One man's extraordinary fight to save the family he loved.,7.3,616
90000000,en,The Nutcracker: The Untold Story,3.593349,2010-11-24,16178959,110,Released,,5.4,50
87000000,en,Seabiscuit,14.824166,2003-07-22,148336445,141,Released,The hopes of a nation rode on a long shot.,6.7,216
92000000,en,Twister,32.079995,1996-05-10,494471524,113,Released,The Dark Side of Nature.,6.1,950
90000000,en,Cast Away,57.739713,2000-12-22,429632142,143,Released,"At the edge of the world, his journey begins.",7.5,3218
100000000,en,Happy Feet,37.272385,2006-11-16,384335608,108,Released,WARNING: May Cause Toe-Tapping.,5.9,1410
75000000,en,The Bourne Supremacy,53.213931,2004-07-23,288500217,108,Released,They should have left him alone.,7.2,2825
85000000,en,Air Force One,36.38795,1997-07-25,315156409,124,Released,The fate of a nation rests on the courage of one man.,6.2,840
85000000,en,Ocean's Eleven,60.929352,2001-12-07,450717150,116,Released,Are you in or out?,7.2,3783
75000000,en,The Three Musketeers,36.605246,2011-08-31,132274484,110,Released,Every legend has a new beginning.,5.6,924
85000000,en,Hotel Transylvania,56.257411,2012-09-20,358375603,91,Released,Where monsters go to get away from it all,6.8,2566
85000000,en,Enchanted,29.21998,2007-11-20,340487652,107,Released,This fairytale princess is about to meet a real Prince Charming,6.6,1449
85000000,en,Safe House,34.773106,2012-02-09,208076205,115,Released,No one is safe,6.3,1345
85000000,en,102 Dalmatians,9.895061,2000-10-07,183611771,100,Released,Meet Two Unlikely Heroes With A Bone To Pick.,5.1,313
75000000,en,Tower Heist,36.743324,2011-11-02,152930623,104,Released,Ordinary guys. An extraordinary robbery.,5.8,932
85000000,en,The Holiday,44.967453,2006-12-08,194168700,136,Released,It's Christmas Eve and we are going to go celebrate being young and being alive.,6.7,1225
90000000,en,Enemy of the State,41.207568,1998-11-20,250649836,132,Released,It's not paranoia if they're really after you.,6.7,1240
85000000,en,It's Complicated,16.479851,2009-12-23,219103655,121,Released,First comes marriage. Then comes divorce. And then...,6.2,360
85000000,en,Ocean's Thirteen,42.069993,2007-06-07,311312624,122,Released,What are the odds of getting even? 13 to one.,6.5,1999
85000000,en,Open Season,26.61951,2006-09-29,197309027,83,Released,One Fur All & All Fur One,6.1,656
85000000,en,Divergent,80.316463,2014-03-14,288747895,139,Released,What makes you different makes you dangerous.,6.9,4663
68000000,en,Enemy at the Gates,41.273567,2001-03-13,96976270,131,Released,Some Men Are Born To Be Heroes.,7.2,999
85000000,en,The Rundown,24.107835,2003-09-26,80916492,104,Released,cut to the chase,6.4,514
85000000,en,Last Action Hero,32.044191,1993-06-18,137298489,130,Released,This isn't the movies anymore.,6.1,712
85000000,en,Memoirs of a Geisha,16.595874,2005-12-06,162242962,145,Released,"My world is as forbidden as it is fragile; without its mysteries, it cannot survive.",7.3,652
85000000,en,The Fast and the Furious: Tokyo Drift,8.282876,2006-06-03,158468292,104,Released,"On the streets of Tokyo, speed needs no translation...",6.1,1705
0,en,Arthur Christmas,19.83683,2011-02-22,0,97,Released,Ever wonder how 2 Billion presents get delivered all in 1 night?,6.7,333
90000000,en,Meet Joe Black,36.069611,1998-11-12,142940100,178,Released,Sooner or later everyone does.,6.9,1147
85000000,en,Collateral Damage,18.827753,2002-02-06,78382433,108,Released,What would you do if you lost everything?,5.5,427
0,en,All That Jazz,5.159407,1979-12-20,37823676,123,Released,All that work. All that glitter. All that pain. All that love. All that crazy rhythm. All that jazz.,7.3,85
85000000,en,Mirror Mirror,48.126297,2012-03-15,183018522,106,Released,The Snow White legend comes alive.,5.5,1114
60000000,en,Scott Pilgrim vs. the World,38.885195,2010-07-27,47664559,112,Released,Get the hot girl. Defeat her evil exes. Hit love where it hurts.,7.2,2126
60000000,en,The Core,29.211255,2003-03-28,74208267,136,Released,Earth has a deadline.,5.4,516
84000000,en,Nutty Professor II: The Klumps,17.783361,2000-07-27,123307945,106,Released,The Klumps are back!,4.7,332
84000000,en,Scooby-Doo,31.435539,2002-06-14,275650703,88,Released,Get a Clue,5.4,820
50000000,en,Dredd,57.673932,2012-09-07,41037742,95,Released,Judgement is coming,6.6,1940
82500000,en,Click,41.176631,2006-06-22,237681299,107,Released,What If You Had A Remote... That Controlled Your Universe?,6.0,2104
8000000,en,Creepshow,13.661289,1982-11-12,21028755,120,Released,The Most Fun You'll Ever Have... BEING SCARED!,6.7,226
85000000,en,Cats & Dogs 2 : The Revenge of Kitty Galore,11.77398,2010-07-30,112483764,82,Released,Just like real spies... only furrier.,4.9,119
85000000,en,Jumper,21218,2008-02-10,222231186,88,Released,anywhere is possible.,5.9,1799
85000000,en,Hellboy II: The Golden Army,58.57976,2008-07-11,160388063,120,Released,Saving the world is a hell of a job.,6.5,1527
65000000,en,Zodiac,51.970905,2007-03-02,84785914,157,Released,There's more than one way to lose your life to a killer.,7.3,2023
82000000,en,The 6th Day,18.447479,2000-11-17,96085477,123,Released,Are You Who You Think You Are,5.7,595
80000000,en,Bruce Almighty,109.684788,2003-05-23,484572835,101,Released,In Bruce we trust,6.4,3012
80000000,en,The Expendables,77.580661,2010-08-03,274470394,103,Released,Choose Your Weapon.,6.0,2926
80000000,en,Mission: Impossible,75.290998,1996-05-22,457696359,110,Released,Expect the Impossible.,6.7,2631
75000000,en,The Hunger Games,68.550698,2012-03-12,691210692,142,Released,May The Odds Be Ever In Your Favor.,6.9,9455
80000000,en,The Hangover Part II,58.040149,2011-05-25,254455986,102,Released,The Wolfpack Is Back,6.2,3739
80000000,en,Batman Returns,59.113174,1992-06-19,280000000,126,Released,"The Bat, the Cat, the Penguin.",6.6,1673
80000000,en,Over the Hedge,36.32705,2006-04-22,343397247,83,Released,Taking back the neighborhood... One snack at a time.,6.3,1074
80000000,en,Lilo & Stitch,55.659988,2002-06-21,145771527,85,Released,He's coming to our galaxy.,7.1,1314
85000000,en,Charlotte's Web,14.132583,2006-12-15,144000000,97,Released,"Something unexpected, unbelievable, unforgettable.",5.8,288
75000000,en,Deep Impact,34.070054,1998-05-08,140464664,120,Released,Heaven and Earth are about to collide.,5.9,855
84000000,en,RED 2,44.34333,2013-07-18,0,116,Released,The best never rest.,6.4,1526
82000000,en,The Longest Yard,26.065735,2005-05-19,190320568,113,Released,"If you can't get out, get even.",6.2,785
75000000,en,Alvin and the Chipmunks: Chipwrecked,23.473004,2011-12-14,342695435,87,Released,This holiday it's gonna get squeaky.,5.4,484
80000000,en,Grown Ups 2,45.589568,2013-07-11,246984278,100,Released,Just because they're a little older doesn't mean they've grown up.,5.8,1155
80000000,en,Get Smart,23.496054,2008-06-19,230685453,110,Released,Saving The World...And Loving It!,6.0,1051
80000000,en,Something's Gotta Give,16.939441,2003-12-12,266728738,128,Released,Schmucks are people too.,6.3,410
80000000,en,Shutter Island,81.914696,2010-02-18,294804195,138,Released,Someone is missing.,7.8,6336
80000000,en,Four Christmases,19.500893,2008-11-26,163733697,88,Released,"His father, her mother, his mother and her father all in one day.",5.3,331
75000000,en,Robots,29.558157,2005-03-10,260696994,91,Released,You can shine no matter what you're made of.,6.0,1333
80000000,en,Face/Off,46.075037,1997-06-27,245676146,138,Released,"In order to catch him, he must become him.",6.8,1583
80000000,en,Bedtime Stories,23.531721,2008-12-24,212874442,99,Released,Whatever they dream up... he has to survive.,5.9,901
80000000,en,Road to Perdition,49.078546,2002-07-12,181001478,117,Released,Pray for Michael Sullivan.,7.3,1077
80000000,en,Just Go with It,37.02665,2011-02-10,214918407,117,Released,Sometimes a guy's best wingman... is a wingwoman,6.3,1543
75000000,en,Con Air,45.154631,1997-06-01,224012234,115,Released,They were deadly on the ground,Con Air,6.5
80000000,en,Eagle Eye,46.887983,2008-09-25,178066569,118,Released,Don't walk. Run.,6.3,1018
79000000,en,Cold Mountain,24.598479,2003-12-24,173013509,154,Released,Find the strength. Find the courage. No matter what it takes... find the way home.,6.7,533
80000000,en,The Book of Eli,32.363538,2010-01-14,157107755,118,Released,Some will kill to have it. He will kill to protect it.,6.6,2164
80000000,en,Flubber,11.50396,1997-11-26,177977226,93,Released,Catch it if you can!,5.3,695
80000000,en,The Haunting,19.375768,1999-07-23,91188905,113,Released,Some houses are born bad.,5.2,369
80000000,en,Space Jam,36.125715,1996-11-15,250200000,88,Released,Get ready to jam.,6.5,1288
0,en,The Pink Panther,25.450534,2006-01-18,0,93,Released,Pardon His French.,5.6,550
80000000,en,The Day the Earth Stood Still,41.890722,2008-12-10,233093859,104,Released,12.12.08 is the Day the Earth Stood Still,5.2,1043
75000000,en,Conspiracy Theory,22.179658,1997-08-07,136982834,135,Released,What if your most paranoid nightmares had just come true?,6.5,431
68000000,en,Fury,139.575085,2014-10-15,211817906,135,Released,War never ends quietly.,7.4,3946
70000000,en,Six Days Seven Nights,18.264635,1998-06-12,164000000,98,Released,"After this week in paradise, they’re going to need a vacation.",5.6,332
80000000,en,Yogi Bear,11.187696,2010-12-11,201584141,80,Released,Life's a Pic-A-Nic,5.2,220
80000000,en,Spirit: Stallion of the Cimarron,41.670544,2002-05-24,122563539,83,Released,Leader. Hero. Legend.,7.4,831
80000000,en,Zookeeper,27.46264,2011-07-06,169852759,102,Released,Welcome to his jungle.,5.3,498
80000000,en,Lost in Space,17.455024,1998-04-03,136159423,130,Released,"Danger, Will Robinson!",5.0,388
80000000,en,The Manchurian Candidate,21.394281,2004-07-30,96105964,129,Released,This summer everything is under control.,6.2,393
0,en,Déjà Vu,0.605645,1998-04-22,0,117,Released,Your future is set...,8.0,1
80000000,en,Hotel Transylvania 2,61.692197,2015-09-21,473226958,89,Released,They're back to raise a little terror,6.7,1497
80000000,en,Fantasia 2000,14.530946,1999-12-17,90874570,74,Released,,7.0,292
80000000,en,The Time Machine,25.978555,2002-03-04,123729176,96,Released,The greatest adventure THROUGH all time!,5.8,631
90000000,en,Mighty Joe Young,6.643778,1998-12-25,0,114,Released,Survival is an instinct.,5.9,208
102000000,en,Swordfish,36.788745,2001-06-07,147080413,99,Released,Log On. Hack In. Go Anywhere. Get Everything.,6.1,932
75000000,en,The Legend of Zorro,31.054334,2005-10-24,142400065,129,Released,The original caped crusader is back!,5.9,893
85000000,en,What Dreams May Come,21.891078,1998-10-02,71485043,113,Released,After life there is more. The end is just the beginning.,6.8,577
85000000,en,Little Nicky,18.335992,2000-11-10,0,90,Released,He's Never Been To Earth. He's Never Even Slept Over Some Other Dude's House.,5.2,438
88000000,en,The Brothers Grimm,40.138009,2005-08-26,105316267,118,Released,Eliminating Evil Since 1812.,5.6,818
70000000,en,Mars Attacks!,44.090535,1996-12-12,101371017,106,Released,Nice planet. We'll take it!,6.1,1509
0,fr,Évolution,3.300061,2015-09-14,0,81,Released,,6.4,47
0,en,The Edge,20.632673,1997-09-06,43312294,117,Released,"They were fighting over a woman when the plane went down. Now, their only chance for survival is each other.",6.7,349
80000000,en,Surrogates,36.664991,2009-09-24,122444772,89,Released,How do you save humanity when the only thing that's real is you?,5.9,1195
80000000,en,Thirteen Days,18.26121,2000-12-24,34566746,145,Released,You'll never believe how close we came,6.9,189
80000000,en,Daylight,16.681269,1996-12-06,159212469,115,Released,No air. No escape. No time.,5.8,378
80000000,en,Walking With Dinosaurs,10.088006,2013-12-18,126546518,87,Released,The Greatest Adventure in 70 Million Years,5.2,133
44000000,en,Battlefield Earth,7.89147,2000-05-10,21400000,118,Released,Take Back The Planet,3.0,255
80000000,en,Looney Tunes: Back in Action,16.715631,2003-11-14,68514844,90,Released,Real life has never been so animated.,5.6,297
80000000,en,Nine,9.357734,2009-12-03,53825515,112,Released,"This Holiday Season, Be Italian",5.1,165
80000000,en,Timeline,11.22268,2003-11-26,19480739,116,Released,They had to travel into the past to save the future,5.4,318
80000000,en,The Postman,14.564667,1997-12-25,17626234,177,Released,The year is 2013. One man walked in off the horizon and hope came with him.,6.1,299
90000000,en,Babe: Pig in the City,11.356079,1998-11-25,69131860,92,Released,This little pig went to the city...,5.2,305
90000000,en,The Last Witch Hunter,52.612025,2015-10-21,146936910,106,Released,Hunt forever.,5.7,1316
80000000,en,Red Planet,13.800656,2000-11-10,33463969,106,Released,Not A Sound. Not A Warning. Not A Chance. Not Alone.,5.4,267
86000000,en,Arthur et les Minimoys,27.097932,2006-12-13,107944236,94,Released,Adventure awaits in your own backyard.,6.0,639
0,en,Oceans,10.706613,2009-10-17,19406406,84,Released,Explore the depths of our planet's oceans.  Experience the stories that connect their world to ours.,7.3,111
80000000,en,A Sound of Thunder,7.342892,2005-05-15,5989640,110,Released,Some Rules Should Never Be Broken.,4.8,111
130000000,en,Pompeii,50.561849,2014-02-18,117831631,105,Released,No warning. No escape.,5.2,1267
8000000,es,Don Gato: El inicio de la pandilla,0.719996,2015-10-30,0,89,Released,,5.3,9
60000000,en,A Beautiful Mind,59.248437,2001-12-11,313542341,135,Released,I need to believe that something extra ordinary is possible...,7.7,3009
45000000,en,The Lion King,90.457886,1994-06-23,788241776,89,Released,Life's greatest adventure is finding your place in the Circle of Life.,8.0,5376
79000000,en,Journey 2: The Mysterious Island,40.723459,2012-01-19,355692760,94,Released,Believe the Impossible. Discover the Incredible.,5.8,1030
78000000,en,Cloudy with a Chance of Meatballs 2,41.247402,2013-09-26,248384621,95,Released,Something big was leftover.,6.4,915
78000000,en,Red Dragon,10.083905,2002-09-29,209196298,124,Released,Before the Silence.,6.7,1115
100000000,en,Hidalgo,16.759252,2004-03-05,108103450,136,Released,Unbridled. Unbroken. Unbeaten.,6.5,318
79000000,en,Jack and Jill,22.132418,2011-11-11,149673788,91,Released,His twin sister is coming for the holidays... ...and it ain't pretty.,4.1,604
76000000,en,2 Fast 2 Furious,10.520961,2003-06-05,236350661,107,Released,How Fast Do You Want It?,6.2,2028
64000000,en,The Little Prince,35.384423,2015-07-29,97571250,92,Released,Growing up isn't the problem... forgetting is.,7.6,756
80000000,en,The Invasion,15.673154,2007-08-17,15071514,99,Released,Do not trust anyone. Do not show emotion. Do not fall asleep.,5.7,359
76000000,en,The Adventures of Rocky & Bullwinkle,8.981427,2000-06-30,35134820,88,Released,This summer it's not the same old bull.,3.9,87
75000000,en,The Secret Life of Pets,31.482872,2016-06-18,875958308,87,Released,Think this is what they do all day?,5.9,3462
78000000,en,The League of Extraordinary Gentlemen,47.436675,2003-07-11,179265204,110,Released,The power of seven become a league of one.,5.7,1155
76000000,en,Despicable Me 2,136.886704,2013-06-25,970761885,98,Released,Back 2 Work,7.0,4637
75000000,en,Independence Day,60.442593,1996-06-25,816969268,145,Released,Earth. Take a good look. It might be your last.,6.7,3260
73000000,en,The Lost World: Jurassic Park,2.502487,1997-05-23,229074524,129,Released,Something has survived.,6.2,2487
75000000,en,Madagascar,48.110909,2005-05-25,532680671,86,Released,Someone's got a zoo loose.,6.6,3237
76000000,en,Children of Men,35.387874,2006-09-22,69959751,109,Released,The future's a thing of the past.,7.4,2071
75000000,en,X-Men,4.66891,2000-07-13,296339527,104,Released,Evolution Begins,6.8,4097
75000000,en,Wanted,73.82289,2008-06-19,258270008,110,Released,Choose your destiny.,6.4,2528
75000000,en,The Rock,51.469576,1996-06-06,335062621,136,Released,Alcatraz.  Only one man has ever broken out.  Now five million lives depend on two men breaking in.,6.9,1456
80000000,en,Ice Age: The Meltdown,85.115058,2006-03-23,660940780,91,Released,The Ice age is melting away.,6.5,2951
75000000,en,50 First Dates,61.437586,2004-02-13,196482882,99,Released,Imagine having to win over the girl of your dreams... every friggin' day.,6.6,2105
50000000,en,Hairspray,31.160542,2007-07-13,90450008,117,Released,"When you follow your own beat, the world will follow you.",6.5,709
80000000,en,Exorcist: The Beginning,15.761384,2004-08-20,78000586,114,Released,Go back to where the horror began.,4.7,183
75000000,en,Inspector Gadget,17.561955,1999-07-23,0,78,Released,The greatest hero ever assembled.,4.3,318
75000000,en,Now You See Me,71.124686,2013-05-29,117698894,115,Released,4 amazing magicians. 3 impossible heists. 1 billion dollars. This is no illusion.,7.3,5487
80000000,en,Grown Ups,38.864027,2010-06-24,271430189,102,Released,Boys will be boys. . . some longer than others.,6.0,1705
60000000,en,The Terminal,57.753914,2004-06-17,219417255,128,Released,Life is waiting.,7.0,1910
35000000,en,Hotel for Dogs,13.25753,2009-01-16,73034460,100,Released,No stray gets turned away.,5.7,202
75000000,en,Vertical Limit,13.318744,2000-12-08,215663859,124,Released,The Mountain Will Decide.,5.9,283
75000000,en,Charlie Wilson's War,18.70031,2007-12-19,119000410,102,Released,Based on a true story. You think we could make all this up?,6.5,338
75000000,en,Shark Tale,47.094369,2004-09-20,367275019,90,Released,The story of what happens when one little fish tells a great white lie...,5.8,1557
70000000,en,Dreamgirls,14.486311,2006-12-25,154937680,134,Released,One Dream Will Change Everything,6.6,284
53000000,en,Be Cool,18.61472,2005-03-04,95226116,118,Released,Everyone is looking for the next big hit,5.4,292
70000000,en,Munich,29.035222,2005-12-22,130358911,164,Released,The world was watching in 1972 as 11 Israeli athletes were murdered at the Munich Olympics. This is the story of what happened next.,6.9,696
70000000,en,Tears of the Sun,27.055085,2003-03-07,85632458,121,Released,He was trained to follow orders. He became a hero by defying them.,6.4,573
75000000,en,Killers,23.004607,2010-06-04,98159963,100,Released,Perfect wife. Perfect target.,5.7,772
75000000,en,The Man from U.N.C.L.E.,48.744209,2015-08-13,108145109,116,Released,Saving the world never goes out of style.,7.1,2265
80000000,en,Spanglish,14.209329,2004-12-17,55041367,130,Released,Every family has a hero.,5.8,369
75000000,en,Monster House,36.368839,2006-07-21,140175006,91,Released,The House is . . . ALIVE!,6.3,874
75000000,en,Bandits,24.353302,2001-10-12,67631903,123,Released,"Two's company, three's a crime.",6.2,302
55000000,en,First Knight,19.143321,1995-07-07,127600435,134,Released,Their greatest battle would be for her love.,5.9,311
75000000,en,Anna and the King,13.327372,1999-12-16,0,148,Released,,6.4,197
75000000,en,Immortals,37.917002,2011-11-10,226904017,110,Released,The Gods need a hero.,5.7,880
52000000,en,Hostage,23.663713,2005-03-09,77944725,113,Released,Every Second Counts,6.2,512
75000000,en,Titan A.E.,14.44381,2000-06-16,36754634,94,Released,"When Earth Ends, The Adventure Begins.",6.3,313
75000000,en,Hollywood Homicide,10.605084,2003-06-09,51142659,116,Released,,5.0,166
75000000,en,Soldier,11.873856,1998-10-23,14567883,99,Released,"Left for dead on a remote planet for obsolete machines and people, a fallen hero has one last battle to fight",6.1,221
0,en,Carriers,12.708963,2009-09-04,5802422,84,Released,"The rules are simple. You break them, you die...",5.8,282
75000000,en,Monkeybone,8.098369,2001-02-23,5409517,93,Released,"If It Yells, If It Swings, It's Got To Be Monkeybone!",4.3,78
45000000,en,Flight of the Phoenix,20.374308,2004-12-17,21009180,113,Released,"Out of the ashes, hope will rise.",5.7,276
75000000,en,Unbreakable,42.006908,2000-11-13,248118121,106,Released,Some things are only revealed by accident.,6.9,1946
74000000,en,Minions,875.581305,2015-06-17,1156730962,91,Released,"Before Gru, they had a history of bad bosses",6.4,4571
82000000,en,Sucker Punch,39.127082,2011-03-24,89792502,110,Released,You will be unprepared,5.9,1623
73000000,en,Snake Eyes,20.790703,1998-08-07,103891409,98,Released,Believe everything except your eyes.,5.8,327
75000000,en,Sphere,18.65988,1998-02-13,13100000,134,Released,"A thousand feet beneath the sea, the blackest holes are in the mind...",5.8,476
73000000,en,The Angry Birds Movie,45.720894,2016-05-11,349779543,97,Released,Why so angry?,5.9,1022
70000000,en,Fool's Gold,21.789615,2008-02-07,111231041,112,Released,This February True Love Takes a Dive.,5.4,444
75000000,en,Funny People,20.199057,2009-07-31,61458982,146,Released,"George Simmons was prepared to die, but then a funny thing happened.",5.7,390
70000000,en,The Kingdom,26.123705,2007-08-22,86658558,110,Released,How do you stop an enemy who isn't afraid to die?,6.5,513
72500000,en,Talladega Nights: The Ballad of Ricky Bobby,12.599836,2006-08-04,162966177,116,Released,The story of a man who could only count to #1,6.2,491
70000000,en,Dr. Dolittle 2,13.543053,2001-06-22,176104344,87,Released,The doctor is in again.,4.9,410
72000000,en,Braveheart,60.722162,1995-05-24,210000000,177,Released,Every man dies. Not every man truly lives.,7.7,3336
72000000,en,Jarhead,32.227223,2005-11-04,96889998,125,Released,Welcome to the suck.,6.6,765
75000000,en,The Simpsons Movie,46.875375,2007-07-25,527068851,87,Released,See our family. And feel better about yours.,6.9,2264
72000000,en,The Majestic,11.215702,2001-12-21,37317558,152,Released,Sometimes your life comes into focus one frame at a time.,6.6,188
94000000,en,Driven,8.468586,2001-04-27,54744738,116,Released,Get ready for the race of your life.,4.5,179
74500000,en,Deux frères,8.884318,2004-04-07,62172050,109,Released,"Two infant tiger cubs, separated from their parents and each other.",6.9,180
60000000,en,The Village,27.491891,2004-07-30,256697520,108,Released,There is no turning back,6.2,1071
71000000,en,Doctor Dolittle,21.462935,1998-06-22,294456605,85,Released,He doesn't just talk to the animals!,5.4,686
72000000,en,Signs,28.848187,2002-08-02,408247917,106,Released,It’s not like they didn’t warn us.,6.4,1599
150000000,en,Shrek 2,47.320801,2004-05-19,919838758,93,Released,Once upon another time...,6.7,2988
120000000,en,Cars,82.643036,2006-06-08,461983149,117,Released,Ahhh... it's got that new movie smell.,6.6,3877
70000000,en,Runaway Bride,20.230535,1999-07-30,309457509,116,Released,Catch her if you can.,5.7,455
70000000,en,xXx,46.217769,2002-08-09,277448382,124,Released,A New Breed Of Secret Agent.,5.8,1424
74000000,en,The SpongeBob Movie: Sponge Out of Water,36.952268,2015-02-05,311594032,93,Released,He's leaving his world behind.,5.8,719
80000000,en,Ransom,16.411345,1996-11-08,309492681,117,Released,Someone is going to pay.,6.4,470
70000000,en,Inglourious Basterds,72.595961,2009-08-18,319131050,153,Released,Once upon a time in Nazi occupied France...,7.9,6430
70000000,en,Hook,33.648404,1991-12-11,300854823,144,Released,What if Peter Pan grew up?,6.6,1532
70000000,en,Die Hard 2,57.69847,1990-07-02,240031094,124,Released,Die Harder,6.6,1896
80000000,en,S.W.A.T.,34.052253,2003-08-08,116643346,117,Released,You're either S.W.A.T. or you're not.,5.8,770
68000000,en,Vanilla Sky,27.299301,2001-12-10,203388341,136,Released,"Forget everything you know, and open your eyes.",6.5,1078
75000000,en,Lady in the Water,20.219385,2006-07-21,42285169,110,Released,Time is running out for a happy ending.,5.3,409
70000000,en,AVP: Alien vs. Predator,42.957216,2004-08-12,171183863,101,Released,Whoever wins... We lose,5.5,1217
75000000,en,Alvin and the Chipmunks: The Squeakquel,29.412262,2009-12-21,443140005,88,Released,The Boys are back in town... and they have competition.,5.4,666
75000000,en,We Were Soldiers,19.708731,2002-03-01,114660784,138,Released,400 U.S paratroopers. 4000 Vietnamese soldiers. 12 000 miles away from home. 1 man led them into battle.,6.7,521
70000000,en,Olympus Has Fallen,59.428223,2013-03-20,161025640,120,Released,When our flag falls our nation will rise.,6.2,2981
70000000,en,Star Trek: Insurrection,19.711951,1998-12-10,118000000,103,Released,The battle for paradise has begun.,6.3,391
70000000,en,Battle: Los Angeles,49.199234,2011-03-08,202466756,116,Released,It's not war. It's survival.,5.5,1448
70000000,en,Big Fish,46.199482,2003-12-25,122919055,125,Released,An adventure as big as life itself.,7.6,1994
0,en,Wolf,13.758526,1994-06-17,0,125,Released,The animal is out.,6.0,216
66000000,en,War Horse,29.505574,2011-12-25,177584879,146,Released,Separated by War. Tested by Battle. Bound by Friendship.,7.0,992
70000000,en,The Monuments Men,43.873266,2014-01-24,154984035,118,Released,It was the greatest art heist in history,5.8,1523
70000000,en,The Abyss,24.961625,1989-08-09,90000098,139,Released,"There's everything you've ever known about adventure, and then there's The Abyss.",7.1,808
70000000,en,Wall Street: Money Never Sleeps,23.25645,2010-09-02,134748021,133,Released,Gordon never gives up.,5.8,493
70000000,en,Dracula Untold,64.457947,2014-10-01,215529201,92,Released,Every bloodline has a beginning,6.2,2389
70000000,en,The Siege,20.089933,1998-11-06,116672912,116,Released,On November 6th our freedom is history,6.0,352
70000000,en,Stardust,48.032734,2007-08-09,135560026,127,Released,This Summer A Star Falls. The Chase Begins.,7.1,1184
70000000,en,Seven Years in Tibet,16.92991,1997-09-12,131457682,136,Released,At the end of the world his real journey began.,7.0,630
70000000,en,The Dilemma,14.780634,2011-01-13,67112664,111,Released,Two best friends. Nothing could come between them... or could it?,5.2,304
70000000,en,Bad Company,14.086292,2002-06-07,65977295,116,Released,Two Mismatched Partners. One Messed Up Case!,5.4,228
60000000,en,Doom,29.261348,2005-10-20,55987321,105,Released,No one gets out alive.,5.0,609
70000000,en,I Spy,13.267631,2002-10-31,33561137,97,Released,Attitude meets espionage.,5.2,269
70000000,en,Underworld: Awakening,58.401204,2012-01-19,160112671,88,Released,Vengeance Returns,6.1,1862
75000000,en,Rock of Ages,23.515938,2012-06-13,59418613,123,Released,Nothin' but a good time,6.0,385
70000000,en,Hart's War,14.244518,2002-02-15,32287044,125,Released,"Beyond Courage, Beyond Honor.",5.9,241
66000000,en,Killer Elite,29.501489,2011-09-23,57777106,116,Released,May the best man live.,6.1,695
0,en,Rollerball,9.306253,2002-02-08,0,98,Released,Go Ballistic,3.4,106
70000000,en,Ballistic: Ecks vs. Sever,8.37378,2002-09-20,19924033,91,Released,,4.3,97
70000000,en,Hard Rain,10.930537,1998-01-16,19870567,97,Released,"In the worst storm in living memory, one guard stands between five men and three million dollars.",5.5,179
75000000,en,Osmosis Jones,10.54544,2001-08-07,13596911,95,Released,Every BODY needs a hero,5.9,228
70000000,en,Legends of Oz: Dorothy's Return,6.682006,2013-06-13,18662027,88,Released,There's trouble in OZ...,5.9,43
70000000,en,Blackhat,46.832372,2015-01-13,17752940,133,Released,We are no longer in control.,5.1,826
70000000,en,Sky Captain and the World of Tomorrow,24.664776,2004-09-17,57958696,107,Released,Who will save us?,5.7,439
70000000,en,Basic Instinct 2,13.483387,2006-03-29,38629478,114,Released,Everything interesting begins in the mind,4.6,180
50000000,en,Escape Plan,44.478043,2013-10-09,122915111,115,Released,No one breaks out alone.,6.7,1659
70000000,en,The Legend of Hercules,25.020428,2014-01-10,61279452,99,Released,Every Man Has a Destiny,4.4,533
68000000,en,The Sum of All Fears,22.392544,2002-05-31,193000000,124,Released,"27,000 nuclear weapons. One is missing.",5.9,437
68000000,en,The Twilight Saga: Eclipse,107.069763,2010-06-23,698491347,124,Released,It all begins ... With a choice.,5.8,2301
68000000,en,The Score,22.572323,2001-07-13,71069884,124,Released,There are no partners in crime,6.7,423
69000000,en,Despicable Me,113.858273,2010-07-08,543513985,95,Released,Superbad. Superdad.,7.1,6478
60000000,en,Money Train,10.004564,1995-11-21,35431113,103,Released,"Get on, or GET OUT THE WAY!",5.4,222
68000000,en,Ted 2,68.734513,2015-06-25,217022588,115,Released,"Ted is Coming, Again.",6.2,2463
70000000,en,Agora,18.888806,2009-05-17,39041505,127,Released,"Alexandria, Egypt. 391 A.D. The World Changed Forever.",6.9,395
68000000,en,Mystery Men,12.948627,1999-08-06,29762011,121,Released,"We're not your classic heroes, we're the other guys.",5.7,250
36000000,en,Hall Pass,27.11589,2011-02-25,83160734,105,Released,"One Week, No Rules",5.4,611
90000000,en,The Insider,26.153669,1999-10-28,60289912,157,Released,Two men driven to tell the truth... whatever the cost.,7.3,481
80000000,en,The Finest Hours,28.223664,2016-01-25,52099090,114,Released,"32 survivors, room for 12.",6.3,588
70000000,en,Body of Lies,37.507136,2008-10-10,113280098,128,Released,Trust no one. Deceive everyone.,6.5,895
69000000,en,Dinner for Schmucks,11.023691,2010-07-30,86387857,114,Released,Takes One To Know One.,5.5,531
69000000,en,Abraham Lincoln: Vampire Hunter,38.634767,2012-06-20,112265139,94,Released,Are you a patriot or a vampire?,5.5,1269
66000000,en,Entrapment,25.877794,1999-04-29,212404396,112,Released,The trap is set.,6.0,602
66000000,en,The X Files,18.59991,1998-06-19,189198313,121,Released,Fight the Future,6.6,488
67000000,en,The Last Legion,12.282911,2007-04-19,25303038,102,Released,The end of an empire...the beginning of a legend.,5.0,207
70000000,en,Saving Private Ryan,76.041867,1998-07-24,481840909,169,Released,The mission is a man.,7.9,5048
66000000,en,Need for Speed,54.81489,2014-03-13,203277636,130,Released,For honor. For love. For redemption.,6.1,1520
70000000,en,What Women Want,31.39165,2000-12-15,374111707,127,Released,He has the power to hear everything women are thinking. Finally... a man is listening.,6.1,992
59000000,en,Ice Age,99.561972,2002-03-10,383257136,81,Released,They came. They thawed. They conquered.,7.1,3857
68000000,en,Dreamcatcher,26.792794,2003-03-21,75715436,136,Released,A circle of friendship. A web of mystery. A pattern of fear.,5.3,567
65000000,en,Lincoln,36.307296,2012-11-09,275293450,149,Released,"With the moral courage and fierce determination to succeed, his choices will change the fate of generations to come.",6.7,1429
63000000,en,The Matrix,104.309993,1999-03-30,463517383,136,Released,Welcome to the Real World.,7.9,8907
52000000,en,Apollo 13,68.140214,1995-06-30,355237933,140,Released,"Houston, we have a problem.",7.3,1599
65000000,en,The Santa Clause 2,14.646884,2002-10-31,172855065,104,Released,What's Christmas Fun without some Reindeer Games?,5.5,297
61000000,en,Les Misérables,48.356214,2012-12-18,441809770,157,Released,Fight. Dream. Hope. Love.,7.1,1884
65000000,en,You've Got Mail,28.540267,1998-12-17,250821495,119,Released,Someone you pass on the street may already be the love of your life.,6.3,838
65000000,en,Step Brothers,22.977983,2008-07-25,128107642,98,Released,They grow up so fast.,6.5,1062
95000000,en,The Mask of Zorro,31.086791,1998-07-16,250288523,136,Released,No one has seen his face... but everyone ... knows this mark.,6.3,1183
65000000,en,Due Date,43.865294,2010-11-04,211780824,95,Released,Leave Your Comfort Zone,6.2,1685
65000000,en,Unbroken,43.055253,2014-12-25,163442937,137,Released,Survival. Resilience. Redemption.,7.3,1400
65000000,en,Space Cowboys,15.772081,2000-07-31,128884132,130,Released,Space will never be the same.,6.3,403
70000000,en,Cliffhanger,26.19909,1993-05-28,255000211,112,Released,The height of adventure.,6.1,588
50000000,en,Broken Arrow,22.769108,1996-02-09,150270147,108,Released,Prepare to Go Ballistic.,5.7,453
65000000,en,The Kid,18.281798,2000-07-07,69700000,104,Released,Nobody ever grows up quite like they imagined.,6.0,238
63000000,en,World Trade Center,24.697533,2006-08-09,162945894,128,Released,The world saw evil that day. Two men saw something else.,5.9,447
65000000,en,Mona Lisa Smile,19.718544,2003-12-19,0,117,Released,"In a world that told them how to think, she showed them how to live.",6.5,393
65000000,en,The Dictator,31.349143,2012-05-15,179379533,83,Released,kurd,5.9,1743
65000000,en,Eyes Wide Shut,27.870312,1999-07-14,162091208,159,Released,Cruise. Kidman. Kubrick.,7.1,1234
65000000,en,Annie,33.439187,2014-12-19,133821816,119,Released,It's a Hard Knock Life,6.0,466
50100000,en,Focus,59.634029,2015-02-25,153962963,105,Released,Never Drop The Con.,6.7,2542
65000000,en,This Means War,38.994297,2012-02-14,156974557,103,Released,It's SPY Against SPY,5.9,1389
65000000,en,Blade: Trinity,49.660055,2004-12-08,128905366,123,Released,The final hunt begins.,5.7,1252
4200000,en,Red Dawn,11.743085,1984-08-10,38376497,114,Released,,6.4,215
65000000,en,Primary Colors,9.110247,1998-03-20,0,143,Released,What went down on the way to the top.,6.1,94
65000000,en,Resident Evil: Retribution,6.227675,2012-09-12,240159255,95,Released,The Ultimate Battle Begins,5.6,1600
45000000,en,Death Race,42.57877,2008-08-22,73762516,105,Released,Get ready for a killer race.,6.0,1175
65000000,en,The Long Kiss Goodnight,15.858629,1996-10-11,89456761,120,Released,What's forgotten is not always gone.,6.5,314
65000000,en,Proof of Life,14.866901,2000-12-08,0,135,Released,,6.0,208
65000000,en,Zathura: A Space Adventure,15.194239,2005-11-06,64321501,101,Released,Adventure Is Waiting,6.1,779
63000000,en,Fight Club,146.757391,1999-10-15,100853753,139,Released,Mischief. Mayhem. Soap.,8.3,9413
65000000,en,We Are Marshall,8.629665,2006-12-12,43545364,124,Released,From the ashes we rose.,6.7,186
65000000,en,Hudson Hawk,16.803457,1991-05-23,17218080,100,Released,Danger is his middle name.,5.4,269
65000000,en,Lucky Numbers,2.952595,2000-10-27,0,105,Released,When they put their heads together... it's a no brainer.,4.9,52
65000000,en,"I, Frankenstein",31.324734,2014-01-22,71154592,92,Released,"In the battle between good and evil, an immortal holds the key",5.0,687
50000000,en,Oliver Twist,20.415572,2005-09-23,42093706,130,Released,,6.7,274
43000000,en,Elektra,28.613892,2005-01-13,56681566,97,Released,Looks can kill,4.8,575
65000000,en,Sin City: A Dame to Kill For,85.428395,2014-08-20,39407616,102,Released,There is no justice without sin.,6.3,1286
64000000,en,Random Hearts, she tells him that she doesn't but she later joins him and they grow close.,"[{""iso_3166_1"": ""US"", ""name"": ""United States of America""}]",1999-10-08,74608570,"[{""iso_639_1"": ""en"", ""name"": ""English""}]",Released,Random Hearts,5.3
55000000,en,Everest,60.246978,2015-09-10,203427584,121,Released,The Storm Awaits.,6.7,1772
50000000,en,Perfume: The Story of a Murderer,42.551902,2006-09-13,132180323,147,Released,Based on the best-selling novel,7.1,1165
63000000,en,Austin Powers in Goldmember,40.137264,2002-07-26,296655431,94,Released,He's still evil... He's still deadly... and he's still surrounded by frickin' idiots!,5.9,979
65000000,en,Astro Boy,24.857079,2009-10-15,44091067,94,Released,Have a blast.,6.1,409
63000000,en,Jurassic Park,40.413191,1993-06-11,920100000,127,Released,An adventure 65 million years in the making.,7.6,4856
63000000,en,Wyatt Earp,13.859307,1994-06-24,25052000,191,Released,The epic story of love and adventure in a lawless land.,6.5,202
62000000,en,Clear and Present Danger,18.832471,1994-08-03,215887717,141,Released,The war of drugs would lead him to the war of power.,6.4,386
65000000,zh,天將雄師,9.568884,2015-02-19,121545703,127,Released,When the Eagle meets the Dragon,5.9,145
64000000,en,Little Man,12.421504,2006-08-31,101595121,98,Released,Big things come in small packages,5.3,261
62000000,en,U-571,18.096884,2000-04-20,127666415,116,Released,Heroes are ordinary men who do extraordinary things in extraordinary times.,6.1,340
62000000,en,The American President,11.056763,1995-11-17,107879496,106,Released,Why can't the most powerful man in the world have the one thing he wants most?,6.5,195
62000000,en,The Love Guru,13.218008,2008-06-20,41819064,87,Released,His Karma is Huge,4.3,242
62000000,en,3000 Miles to Graceland,11.262655,2001-02-23,18720175,125,Released,Crime Is King.,5.8,178
44000000,en,The Hateful Eight,68.717016,2015-12-25,155760117,167,Released,No one comes up here without a damn good reason.,7.6,4274
53000000,en,Blades of Glory,19.412028,2007-03-30,0,93,Released,Kick Some Ice.,5.9,569
63000000,en,Hop,16.791058,2011-03-30,183953723,95,Released,"Candy, chicks and rock 'n' roll.",5.5,331
65000000,en,300,65.197968,2006-12-09,422610419,117,Released,"Spartans, prepare for glory!",7.0,4997
80000000,en,Meet the Fockers,32.829538,2004-12-22,516642939,115,Released,Misery loves family.,6.1,1373
60000000,en,Marley & Me,30.951203,2008-12-25,244082376,115,Released,Heel the love.,6.9,1343
60000000,en,The Green Mile,103.698022,1999-12-10,284600000,189,Released,Miracles do happen.,8.2,4048
0,en,Wild Hogs,31.719463,2007-03-02,253625427,100,Released,A lot can happen on the road to nowhere.,5.6,648
150000000,en,Chicken Little,47.973995,2005-11-04,314432665,81,Released,"When it comes to saving the world, it helps to be a little chicken.",5.6,944
61000000,en,Gone Girl,143.041543,2014-10-01,369330363,145,Released,You don't know what you've got 'til it's...,7.9,5862
60000000,en,The Bourne Identity,86.476817,2002-06-14,214034224,119,Released,He was the perfect weapon until he became the target.,7.3,3583
58000000,en,GoldenEye,59.824565,1995-11-16,352194034,130,Released,No limits. No fears. No substitutes.,6.6,1174
60000000,en,The General's Daughter,18.345613,1999-06-18,149705852,116,Released,Go behind the lies.,6.1,205
60000000,en,The Truman Show,56.488027,1998-06-04,264118201,103,Released,On the air. Unaware.,7.8,4537
70000000,en,The Prince of Egypt,29.464852,1998-12-15,218613188,99,Released,The Power Is Real.,6.8,817
60000000,en,Daddy Day Care,18.106021,2003-05-03,164433867,92,Released,Who's your daddy?,5.6,506
61000000,en,2 Guns,42.881415,2013-08-02,131940411,109,Released,"2 Guns, 1 Bank.",6.6,1589
60000000,en,Cats & Dogs,18.735024,2001-07-04,93375151,87,Released,Things Are Gonna Get Hairy!,5.0,352
60000000,en,The Italian Job,62.766854,2003-05-30,176070171,110,Released,Get in. Get out. Get even.,6.6,1919
60000000,en,Two Weeks Notice,24.153567,2002-12-19,93354918,101,Released,Over. Done. Finished. A comedy about love at last glance.,5.9,487
60000000,en,Antz,41.515702,1998-10-02,171757863,83,Released,Every ant has his day.,6.0,1272
70000000,en,Couples Retreat,26.676487,2009-09-19,171844840,113,Released,It may be paradise... but it's no vacation.,5.3,588
60000000,en,Days of Thunder,16.278022,1990-06-27,157920733,107,Released,You can't stop the thunder.,5.9,353
60000000,en,Cheaper by the Dozen 2,18.831023,2005-12-21,129181830,94,Released,Same Big Family... Even Bigger Adventure.,5.7,526
61000000,en,Maze Runner: The Scorch Trials,113.161483,2015-09-09,311256926,132,Released,The Maze Was Just the Beginning.,6.4,3040
60000000,en,Eat Pray Love,28.800112,2010-08-12,204594016,133,Released,Let Yourself GO,5.8,636
60000000,en,The Family Man,19.705489,2000-12-12,0,125,Released,"What if you made different choices? What if you said yes, instead of no? What if you got a second chance?",6.5,521
58000000,en,RED,41.430245,2010-10-13,71664962,111,Released,Still armed. Still dangerous. Still got it.,6.6,2808
55000000,en,Any Given Sunday,23.127561,1999-12-16,100230832,163,Released,Play or be Played.,6.8,422
60000000,en,The Horse Whisperer,12.867352,1998-05-14,186883563,170,Released,,6.7,292
65000000,en,Collateral,44.815022,2004-08-04,217764291,120,Released,It started like any other night.,7.0,1451
60000000,en,The Scorpion King,37.537093,2002-04-16,165333180,92,Released,Warrior. Legend. King.,5.3,779
60000000,en,Ladder 49,10.99991,2004-10-01,74541707,115,Released,Their greatest challenge lies in rescuing one of their own,6.2,207
60000000,en,Jack Reacher,56.868399,2012-12-20,218340595,130,Released,The Law Has Limits. He Does Not.,6.3,2998
60000000,en,Deep Blue Sea,22.991269,1999-07-28,73648228,105,Released,Bigger. Smarter. Faster. Meaner.,5.6,604
60000000,en,Michael Jackson's This Is It,15.798622,2009-10-28,0,111,Released,Like You've Never Seen Him Before,6.7,247
60000000,en,Contagion,38.820858,2011-09-08,137551594,106,Released,Nothing spreads like fear,6.2,1325
0,en,Kangaroo Jack,10.292864,2003-01-17,0,89,Released,He stole the money... And he's not giving it back.,4.3,203
60000000,en,Coraline,51.146047,2009-02-05,124596398,100,Released,Be careful what you wish for.,7.3,1386
60000000,en,The Happening,20.501582,2008-06-11,163403799,91,Released,We've Sensed It. We've Seen The Signs. Now... It's Happening.,4.9,950
70000000,en,Man on Fire,45.299089,2004-04-23,130293714,146,Released,"Creasy's art is death, and he is about to paint his masterpiece.",7.3,1553
50000000,en,The Shaggy Dog,4.280619,2006-03-09,61112916,98,Released,It's going to be a ruff day.,4.5,137
60000000,en,Starsky & Hutch,28.848842,2004-03-05,170268750,101,Released,They're the man.,5.6,644
60000000,en,Jingle All the Way,22.501041,1996-11-15,129832389,89,Released,"Two Dads, One Toy, No Prisoners.",5.5,575
66000000,en,Hellboy,47.479755,2004-04-02,99318987,122,Released,From the Dark Side to Our Side.,6.5,2225
70000000,en,A Civil Action,10.147321,1998-03-05,56702901,115,Released,Justice has its price.,6.1,109
60000000,en,ParaNorman,39.539045,2012-08-03,107139399,90,Released,It's all fun and games until someone raises the dead.,6.7,789
60000000,en,The Jackal,19.747459,1997-11-14,159330280,124,Released,How do you stop an assassin who has no identity?,6.1,527
60000000,en,Paycheck,29.018826,2003-12-25,96269812,119,Released,Remember the future.,5.9,581
60000000,en,Up Close & Personal,4.801849,1996-03-01,0,119,Released,"Every Day we Have, is One More Than We Deserve.",5.9,50
60000000,en,The Tale of Despereaux,16.493576,2008-12-19,50877145,93,Released,Small Mouse. Big Dreams,5.8,258
0,en,The Tuxedo,21.549232,2002-09-27,0,98,Released,Suit up for action!,5.3,483
60000000,en,Under Siege 2: Dark Territory,13.080725,1995-07-13,104324083,100,Released,Last time he rocked the boat. This time the sky's the limit.,5.6,210
60000000,en,Jack Ryan: Shadow Recruit,42.538258,2014-01-15,50549107,105,Released,Trust no one.,5.9,1173
60000000,en,Joy,29.876507,2015-12-24,101134059,124,Released,,6.4,1581
60000000,en,London Has Fallen,61.849521,2016-03-02,205754447,99,Released,The world's leaders have assembled. So have their enemies.,5.8,1621
70000000,en,Alien: Resurrection,37.44963,1997-11-12,162000000,109,Released,It's already too late.,5.9,1365
61000000,en,Shooter,37.378081,2007-03-22,95696996,124,Released,Yesterday was about honor. Today is about justice.,6.9,1462
60000000,en,The Boxtrolls,30.656345,2014-09-10,108255770,97,Released,When troubles strikes friends stack together,6.6,668
75000000,en,Practical Magic,15.142701,1998-10-16,46683377,104,Released,"For two sisters from a family of witches, falling in love is the trickiest spell of all.",6.3,338
60000000,en,The Lego Movie,59.547928,2014-02-06,469160692,100,Released,The story of a nobody who saved everybody.,7.5,3070
0,en,Miss Congeniality 2: Armed and Fabulous,19.998581,2005-03-11,0,115,Released,You might feel a little prick,5.3,425
60000000,en,Reign of Fire,27.615108,2002-07-12,43061982,101,Released,Fight Fire With Fire,6.0,669
60000000,en,Gangster Squad,29.041198,2013-01-10,105200903,113,Released,No Names. No Badges. No Mercy.,6.2,1778
60000000,en,Year One,25.293538,2009-06-18,62357900,97,Released,Meet your ancestors,4.6,524
60000000,en,Invictus,23.85119,2009-12-10,122233971,134,Released,His people needed a leader. He gave them a champion.,7.0,1125
60000000,en,State of Play,21.685719,2009-04-17,87784194,127,Released,Find The Truth,6.7,484
78146652,en,Duplicity,13.630049,2009-03-19,60000000,125,Released,Outwit. Outspy. Outsmart. Outplay. Then get out.,5.7,201
65000000,en,My Favorite Martian,6.80692,1999-02-11,36850101,94,Released,The martian has landed. There goes the neighborhood.,5.1,80
60000000,en,The Sentinel,15.352807,2006-04-19,77920346,108,Released,"In 141 years, there's never been a traitor in the Secret Service.... Until Now.",5.8,225
70000000,en,Planet 51,23.661071,2009-11-19,104945765,91,Released,Something strange is coming to their planet...Us!,5.6,556
60000000,en,Star Trek: Nemesis,21.605533,2002-12-13,67312826,117,Released,A generation's final journey... begins.,6.1,479
60000000,en,Intolerable Cruelty,22.620125,2003-09-02,119940815,100,Released,They can't keep their hands off each others assets.,5.8,391
0,en,Trouble with the Curve,18.587114,2012-09-21,0,111,Released,Whatever Life Throws at You,6.6,366
80000000,en,Edge of Darkness,24.657931,2010-01-29,74901339,117,Released,Some secrets take us to the edge.,6.2,487
60000000,en,The Relic,12.621769,1997-01-10,33956608,110,Released,The Next Evolution In Terror.,5.8,130
60000000,en,Analyze That,21.08952,2002-12-06,55003135,96,Released,Back in therapy,5.7,380
60000000,en,Righteous Kill,18.380176,2008-09-11,73174566,101,Released,Most people respect the badge. Everybody respects the gun.,5.9,375
60000000,en,Mercury Rising,18.877795,1998-04-03,0,111,Released,Someone knows too much.,6.0,368
60000000,en,The Soloist,17.299333,2009-04-24,31720158,109,Released,Life has a mind of its own,6.6,234
80000000,en,The Legend of Bagger Vance,16.848899,2000-11-02,39459427,126,Released,It Was Just A Moment Ago.,6.3,251
60000000,en,Almost Famous,21.547446,2000-09-15,47383689,122,Released,Experience it. Enjoy it. Just don't fall for it.,7.4,797
0,en,Garfield: A Tail of Two Kitties,16.930969,2006-06-15,141702264,78,Released,The Ego has landed.,5.1,464
60000000,en,xXx: State of the Union,36.689223,2005-04-27,71073932,101,Released,Prepare for the next level,4.7,549
60000000,en,Priest,28.350927,2011-05-05,78309131,87,Released,Vampire Killer,5.4,692
60000000,en,Sinbad: Legend of the Seven Seas,18.815442,2003-07-02,26288320,86,Released,,6.6,372
60000000,en,Event Horizon,29.787135,1997-08-15,26673242,96,Released,Infinite Space - Infinite Terror,6.5,742
60000000,en,Dragonfly,8.927137,2002-02-22,52322400,104,Released,When someone you love dies... are they gone forever?,6.1,204
50000000,en,The Black Dahlia,15.213484,2006-09-15,49111202,121,Released,Inspired by the most notorious unsolved murder in California history.,5.7,287
60000000,en,Flyboys,13.155999,2006-09-22,17800000,140,Released,Inspired by a true story,6.3,271
72000000,en,The Last Castle,15.433244,2001-10-19,27642707,131,Released,A Castle Can Only Have One King,7.0,285
90000000,en,Supernova,5.762037,2000-01-14,14828081,91,Released,"In the farthest reaches of space, something has gone terribly wrong.",4.9,109
60000000,en,Winter's Tale,22.736038,2014-02-13,30800231,118,Released,This is not a true story. This is true love.,6.0,487
60000000,en,The Mortal Instruments: City of Bones,45.514031,2013-08-21,90565421,130,Released,You have been chosen,6.2,1602
60000000,en,Meet Dave,18.676291,2008-07-08,50650079,90,Released,There's a Whole Other World Going on Inside of Him.,5.0,371
30000000,en,Dark Water,14.376463,2005-06-27,25473093,105,Released,"This Season, The Mystery Of The Darkness Will Consume Your Life",5.3,274
80000000,en,Edtv,14.298297,1999-03-26,0,122,Released,Fame. Be careful. It's out there.,5.7,166
60000000,en,Inkheart,27.018886,2008-12-11,57490374,106,Released,Every story ever written is just waiting to become real.,6.0,592
60000000,en,The Spirit,14.84856,2008-12-25,39031337,103,Released,I'm gonna kill you all kinds of dead.,4.7,320
60000000,en,Mortdecai,52.417529,2015-01-21,30418560,106,Released,Sophistication Has a Name.,5.4,1055
60000000,en,In the Name of the King: A Dungeon Siege Tale,15.406173,2007-11-29,0,127,Released,Rise and fight,4.1,224
35000000,en,Beyond Borders,6.523472,2003-10-23,0,127,Released,Where hope survives.,6.7,110
68490000,zh,西游记之孙悟空三打白骨精,4.72629,2016-01-22,193677158,120,Released,,6.0,24
80000000,en,The Great Raid,8.923215,2005-08-12,10166502,132,Released,The most daring rescue mission of our time is a story that has never been told,6.8,91
58000000,en,Deadpool,514.569956,2016-02-09,783112979,108,Released,Witness the beginning of a happy ending,7.4,10995
60000000,en,Holy Man,9.265672,1998-10-08,0,114,Released,The Comedy Where Nothing's Sacred!,4.9,111
58800000,en,American Sniper,87.53437,2014-12-11,542307423,133,Released,The most lethal sniper in U.S. history.,7.4,4469
58000000,en,Goosebumps,45.351617,2015-08-05,158162788,103,Released,The stories are alive.,6.2,995
58000000,en,Just Like Heaven,13.43573,2005-09-16,102854431,95,Released,It's a wonderful afterlife.,6.5,579
83000000,en,The Flintstones in Viva Rock Vegas,6.248309,2000-04-28,59468275,90,Released,Get ready to rock!,4.4,134
63000000,en,Rambo III,31.294717,1988-05-24,189015611,102,Released,The first was for himself. The second for his country. This time it's to save his friend.,5.7,690
58000000,en,Leatherheads,7.739276,2008-03-24,41299492,114,Released,"If Love Is a Game, Who'll Make the First Pass?",5.7,130
60000000,en,The Ridiculous 6,19.694695,2015-12-11,0,119,Released,,4.9,388
58000000,en,Did You Hear About the Morgans?,14.403696,2009-12-17,85280250,103,Released,We're not in Manhattan anymore.,5.1,276
58000000,en,The Internship,1.551497,2013-06-07,44000000,119,Released,Hiring them was a brilliant mistake.,6.1,1658
60000000,en,Resident Evil: Afterlife,2.143764,2010-09-09,300228084,97,Released,She's back...And she's bringing a few of her friends.,5.8,1363
58000000,en,Red Tails,12.29603,2012-01-19,50365377,125,Released,High-Octane Action and Daring Dogfights!,5.9,178
57000000,en,The Devil's Advocate,33.8473,1997-10-17,152944660,144,Released,Evil has its winning ways.,7.2,1374
70000000,en,That's My Boy,21.723897,2012-06-14,58058367,116,Released,The story of a child… and his son.,5.5,453
57000000,en,DragonHeart,31.791979,1996-05-31,115267375,103,Released,You will believe.,6.4,535
60000000,en,After the Sunset,14.113066,2004-11-12,61347797,97,Released,Who will walk away?,6.0,226
57000000,en,Ghost Rider: Spirit of Vengeance,48.622278,2011-12-10,149217355,95,Released,He Rides Again.,4.7,1135
57000000,en,Captain Corelli's Mandolin,9.061866,2001-08-17,62112895,131,Released,,5.5,145
56000000,en,The Pacifier,35.4763,2005-03-04,113006880,95,Released,Welcome to the infantry.,5.8,842
56000000,en,Walking Tall,23.438398,2004-04-02,57223890,86,Released,One man will stand up for what's right.,6.0,381
55000000,en,Forrest Gump,138.133331,1994-07-06,677945399,142,Released,"The world will never be the same, once you've seen it through the eyes of Forrest Gump.",8.2,7927
60000000,en,Alvin and the Chipmunks,47.336034,2007-12-13,361366633,92,Released,Get your squeak on!,5.5,1177
55000000,en,Meet the Parents,29.97224,2000-10-06,330444045,108,Released,First comes love. Then comes the interrogation.,6.6,1698
55000000,en,Pocahontas,47.845589,1995-06-14,346079773,81,Released,An American legend comes to life.,6.7,1457
55000000,en,Superman,48.507081,1978-12-13,300218018,143,Released,You'll Believe a Man Can Fly!,6.9,1022
54000000,en,The Nutty Professor,20.28119,1996-06-26,128769345,95,Released,"Inside Sherman Klump, a party animal is about to break out.",5.4,702
70000000,en,Hitch,34.576913,2005-02-10,368100420,118,Released,The cure for the common man.,6.4,1665
55000000,en,George of the Jungle,22.573237,1997-07-15,0,92,Released,Watch out!,5.4,496
55000000,en,American Wedding,36.194802,2003-08-01,231449203,103,Released,Forever hold your piece.,6.0,1129
55000000,en,Captain Phillips,52.786917,2013-10-10,95000000,134,Released,Out here survival is everything.,7.6,2454
55000000,en,Date Night,38.06168,2010-04-08,152263880,97,Released,One ordinary couple. One little white lie.,5.9,1122
50000000,en,Casper,19.830132,1995-05-26,287928194,100,Released,Get an afterlife,6.0,1019
55000000,en,The Equalizer,79.922059,2014-09-24,192330738,132,Released,What do you see when you look at me?,7.1,2954
55000000,en,Maid in Manhattan,19.738215,2002-12-13,154906693,105,Released,,5.6,485
53000000,en,Crimson Tide,20.334629,1995-05-12,157387195,116,Released,Danger runs deep.,7.0,498
55000000,en,The Pursuit of Happyness,80.581367,2006-12-14,307077295,117,Released,,7.7,2525
55000000,en,Flightplan,32.05145,2005-09-22,223387299,98,Released,If Someone Took Everything You Live For... How Far Would You Go To Get It Back?,6.1,772
55000000,en,Disclosure,15.064058,1994-12-09,214015089,123,Released,Sex Is Power.,5.9,210
55000000,en,City of Angels,21.272734,1998-04-10,198685114,114,Released,She didn't believe in angels until she fell in love with one.,6.4,529
30000000,en,Kill Bill: Vol. 1,79.754966,2003-10-10,180949000,111,Released,Go for the kill.,7.7,4949
55000000,en,Bowfinger,13.191829,1999-08-12,0,97,Released,The con is on.,6.0,254
30000000,en,Kill Bill: Vol. 2,50.622607,2004-04-16,152159461,136,Released,The bride is back for the final cut.,7.6,3948
55000000,en,Tango & Cash,22.787667,1989-12-22,63408614,104,Released,Two of L.A.'s top rival cops are going to have to work together... Even if it kills them.,6.1,458
55000000,en,Death Becomes Her,29.498304,1992-07-30,149022650,104,Released,In one small bottle... The fountain of youth. The secret of eternal life. The power of an ancient potion. Sometimes it works... sometimes it doesn't.,6.3,636
55000000,en,Shanghai Noon,25.400935,2000-05-26,56932305,110,Released,The old west meets the far east.,6.2,735
55000000,en,Executive Decision,17.231675,1996-03-15,121969216,133,Released,Fasten your seat belts,5.8,256
55000000,en,Mr. Popper's Penguins,32.835777,2011-06-17,187361754,94,Released,,5.7,751
55000000,en,The Forbidden Kingdom,17.097041,2008-04-18,127906624,104,Released,The battle for eternity is the fantasy of a lifetime.,6.3,461
55000000,en,Free Birds,14.414937,2013-10-30,110000000,91,Released,Hang On To Your Nuggets,5.7,254
50000000,en,Alien³,45.856409,1992-05-22,159773545,114,Released,The bitch is back.,6.2,1633
55000000,en,Evita,7.027139,1996-12-14,141047179,134,Released,The Most Anticipated Motion Picture Event of The Year,5.9,120
55000000,en,Ronin,32.657488,1998-09-25,41610884,122,Released,Your ally could become your enemy.,6.7,658
50000000,en,The Ghost and the Darkness,12.46525,1996-10-11,75000000,109,Released,Prey For The Hunters,6.4,236
55000000,en,Paddington,39.882276,2014-11-27,259207227,95,Released,The Adventure Begins,7.0,883
68000000,en,The Watch,39.395881,2012-07-26,68267862,98,Released,Got Protection?,5.3,881
55000000,en,The Hunted,8.634954,2003-03-11,34234008,94,Released,Some men should not be found.,6.0,189
80000000,en,Instinct,7.386394,1999-06-04,0,126,Released,,6.2,146
55000000,en,Stuck on You,8.802525,2003-12-10,33828318,118,Released,"Whatever happens to the boys, one thing is certain. Nothing will ever come between them.",5.1,188
0,en,Semi-Pro,10.449975,2008-02-28,33472850,91,Released,Putting the funk into the dunk.,5.4,251
60000000,en,The Pirates! In an Adventure with Scientists!,23.700759,2012-03-12,118338361,88,Released,It's A Plunderful Life,6.4,374
55000000,en,Changeling,27.50916,2008-01-30,113020255,141,Released,"To find her son, she did what no one else dared.",7.3,1131
50000000,en,Chain Reaction,20.58862,1996-08-02,60209334,107,Released,Reaction Time 8-4-96,5.3,284
55000000,en,The Fan,4.366488,1996-08-15,18626419,116,Released,All fans have a favorite player.  This one has a favorite target.,5.7,194
70000000,en,The Phantom of the Opera,18.927463,2004-12-08,154648887,143,Released,The classic musical comes to the big screen for the first time.,7.0,438
55000000,en,Elizabeth: The Golden Age,15.274137,2007-09-09,74237563,114,Released,Woman. Warrior. Queen.,6.6,303
62000000,en,Æon Flux,29.954302,2005-11-30,52304001,93,Released,The Perfect World Meets The Perfect Assassin,5.4,703
56000000,en,Gods and Generals,4.362535,2003-02-21,12923936,214,Released,The nations heart was touched by...,6.1,48
55000000,en,Turbulence,4.700024,1997-01-09,11466088,100,Released,"If you weren't afraid of flying before, you will be now.",5.2,62
55000000,en,Imagine That,12.340384,2009-06-19,0,107,Released,What if your daughter's imagination... Was the secret to your success?,5.7,134
50000000,en,Muppets Most Wanted,14.808304,2014-03-20,80383290,112,Released,Taking the world by farce,6.2,316
57000000,en,Thunderbirds,9.27875,2004-07-23,28283637,95,Released,,4.2,91
55000000,en,Burlesque,22.863516,2010-11-23,89519773,119,Released,It takes a legend... to make a star,6.9,573
47000000,fr,Un long dimanche de fiançailles,23.05451,2004-10-26,0,133,Released,Never let go,7.1,346
2000000,en,Lolita,23.962109,1962-06-13,9250000,153,Released,How did they ever make a movie of ...,7.3,395
55000000,en,D-Tox,12.669778,2002-01-04,6416302,96,Released,Survival is a Killer.,5.3,123
54000000,en,Blade II,67.169587,2002-03-22,155010032,117,Released,Faster. Sharper. Deadlier.,6.2,1528
55000000,en,Seven Pounds,41.472404,2008-12-18,168167691,123,Released,Seven names. Seven strangers. One secret.,7.5,2039
55000000,en,Bullet to the Head,22.503935,2013-01-31,9489829,92,Released,Revenge Never Gets Old.,5.2,481
54000000,en,The Godfather: Part III,59.194915,1990-12-24,136766062,162,Released,All the power on earth can't change destiny.,7.1,1546
57000000,en,Elizabethtown,22.894898,2005-10-06,52034889,123,Released,It's a heck of a place to find yourself,6.1,327
54000000,en,"You, Me and Dupree",18.600367,2006-07-14,130431368,108,Released,Two's company. Dupree's a crowd.,5.4,407
54000000,en,Superman II,30.515175,1980-12-04,190458706,127,Released,The Man of Steel meets his match!,6.5,629
54000000,en,Gigli,9.053456,2003-08-01,7266209,121,Released,Life doesn't play by the rules.,3.5,104
55000000,en,All the King's Men,7.768223,2006-09-10,9450897,125,Released,Some people will do anything to gain power. Some will do anything to keep it.,5.7,95
46000000,en,Shaft,19.643365,2000-06-15,107196498,99,Released,"Still the man, any questions?",5.5,308
53000000,en,Anastasia,45.565918,1997-11-20,139804348,94,Released,Discover the Adventure Behind the Greatest Mystery of Our Time.,7.4,1432
52500000,en,Moulin Rouge!,57.374341,2001-03-09,179213434,127,Released,No Laws. No Limits. One Rule. Never Fall In Love.,7.4,1300
75000000,en,Domestic Disturbance,8.41856,2001-10-30,54249294,89,Released,He will do anything to protect his family.,5.4,113
53000000,en,Black Mass,46.049902,2015-09-04,98837872,122,Released,Keep your enemies close.,6.3,1242
90000000,en,Flags of Our Fathers,23.9366,2006-10-18,65900249,132,Released,They fight for their country but they die for their friends.,6.7,526
53000000,en,Law Abiding Citizen,49.593978,2009-10-15,126690726,109,Released,The System Must Pay.,7.2,1486
67000000,en,Grindhouse,16.637642,2007-04-06,25037897,191,Released,A double feature that'll tear you in two!,6.8,459
0,en,Beloved,1.453765,1998-10-16,0,172,Released,The past has a life of its own.,5.9,26
0,en,Lucky You,6.162872,2007-05-01,5761917,124,Released,Change your game. Change your life.,5.4,81
52000000,en,Catch Me If You Can,73.944049,2002-12-25,352114312,141,Released,The true story of a real fake.,7.7,3795
40000000,en,Zero Dark Thirty,38.306954,2012-12-19,132820716,157,Released,The Greatest Manhunt in History,6.7,1702
52000000,en,The Break-Up,26.251217,2006-06-01,204999686,106,Released,. . . pick a side.,5.6,832
52000000,en,Mamma Mia!,30.780599,2008-07-03,609841637,108,Released,Take a trip down the aisle you'll never forget,6.4,1386
52000000,en,Valentine's Day,25.41929,2010-02-10,216485654,125,Released,A Love Story. More or Less.,5.7,1013
50000000,en,The Dukes of Hazzard,15.98212,2005-08-05,110803676,104,Released,Cousins. Outlaws. Thrillbillies.,5.1,316
52000000,en,The Thin Red Line,40.072583,1998-12-25,98126565,170,Released,Every man fights his own war.,7.2,771
52000000,en,The Change-Up,32.015477,2011-08-05,75450437,112,Released,Who says men can't change?,5.9,736
82000000,en,Man on the Moon,24.444186,1999-12-22,47434430,118,Released,"Hello, my name is Andy and this is my movie.",6.9,435
52000000,en,Casino,40.06688,1995-11-22,116112375,178,Released,No one stays at the top forever.,7.8,1307
52000000,en,From Paris with Love,27.916284,2010-02-05,52826594,92,Released,Two agents. One city. No merci.,6.1,675
52000000,en,Bulletproof Monk,15.20707,2003-03-28,0,104,Released,A power beyond measure requires a protector without equal.,5.1,278
51000000,en,"Me, Myself & Irene",39.001682,2000-06-22,149270999,116,Released,From gentle to mental.,6.1,927
51000000,en,Barnyard,10.430832,2006-08-04,72779000,90,Released,What happens in the barn stays in the barn,5.3,225
0,en,Deck the Halls,5.952527,2006-11-22,47231070,93,Released,There glows the neighborhood,5.1,109
50000000,en,The Twilight Saga: New Moon,94.815867,2009-03-15,709827462,130,Released,The Next Chapter Begins.,5.6,2436
60000000,en,Shrek,67.298732,2001-05-16,484409218,90,Released,The greatest fairy tale never told.,7.3,4056
50200000,en,The Adjustment Bureau,26.60772,2011-03-03,127869379,106,Released,Fight for your fate.,6.5,1652
48000000,en,Robin Hood: Prince of Thieves,28.803729,1991-06-14,390493908,143,Released,"For the good of all men, and the love of one woman, he fought to uphold justice by breaking the law.",6.6,909
50000000,en,Jerry Maguire,27.039636,1996-12-06,273552592,139,Released,Everybody loved him... Everybody disappeared.,6.7,913
50000000,en,Ted,68.87691,2012-06-29,549368315,106,Released,Ted is coming.,6.3,4697
50000000,en,As Good as It Gets,37.885022,1997-12-19,314178011,139,Released,A comedy from the heart that goes for the throat.,7.2,915
50000000,en,Patch Adams,35.537397,1998-12-25,202292902,115,Released,Laughter is contagious,7.0,832
50000000,en,Anchorman 2: The Legend Continues,38.125008,2013-12-18,173649015,119,Released,It's kind of a big deal,6.0,923
50000000,en,Mr. Deeds,18.121404,2002-06-28,171269535,96,Released,"Small town kid, big time right hook.",5.6,644
50000000,en,Super 8,37.069253,2011-06-08,260095987,112,Released,It Arrives.,6.6,2435
52000000,en,Erin Brockovich,30.347332,2000-03-17,256271286,131,Released,She brought a small town to its feet and a huge corporation to its knees.,7.1,716
50000000,en,How to Lose a Guy in 10 Days,23.854701,2003-02-07,177371441,116,Released,One of them is lying. So is the other.,6.3,850
50000000,en,22 Jump Street,52.380982,2014-06-05,188441614,112,Released,They're not 21 anymore,7.0,3319
60000000,en,Interview with the Vampire,50.163785,1994-11-11,223664608,123,Released,Drink from me and live forever,7.2,1516
70000000,en,Yes Man,43.849351,2008-12-09,225990978,104,Released,One Word Can Change Everything.,6.4,1813
50000000,en,Central Intelligence,45.318703,2016-06-15,216972543,107,Released,Saving the world takes a little Hart and a big Johnson,6.2,1650
0,en,Stepmom,16.368283,1998-12-25,0,124,Released,Be there for the joy. Be there for the tears. Be there for each other.,6.9,277
50000000,en,Daddy's Home,38.616744,2015-12-25,242786137,96,Released,Choose your Daddy,5.8,854
50000000,en,Into the Woods,65.90161,2014-12-25,212902372,125,Released,Be careful what you wish for...,5.6,1652
45000000,en,Inside Man,45.220386,2006-03-23,184376254,129,Released,It looked like the perfect bank robbery. But you can't judge a crime by its cover.,7.3,1630
90000000,en,Payback,17.457947,1999-02-05,161626121,100,Released,No More Mr. Nice Guy.,6.7,548
50000000,en,Congo,10.755847,1995-06-09,152022101,109,Released,Where you are the endangered species.,5.0,213
50000000,en,We Bought a Zoo,38.629763,2011-12-22,120081841,124,Released,A True Zoo Story,6.5,909
50000000,en,Knowing, in it are some chilling predictions -- some that have already occurred and others that are about to -- that lead him to believe his family plays a role in the events that are about to unfold.,"[{""iso_3166_1"": ""GB"", ""name"": ""United Kingdom""}, {""iso_3166_1"": ""US"", ""name"": ""United States of America""}, {""iso_3166_1"": ""AU"", ""name"": ""Australia""}]",2009-03-19,155446362,"[{""iso_639_1"": ""en"", ""name"": ""English""}]",Released,Knowing,5.9
50000000,en,Failure to Launch,18.806031,2006-03-10,88715192,97,Released,"To leave the nest, some men just need a little push.",5.5,399
50000000,en,The Ring Two,32.233713,2005-03-17,161451538,110,Released,The dead don't sleep.,5.4,632
50000000,en,"Crazy, Stupid, Love.",37.990705,2011-07-29,142851197,118,Released,This Is Stupid,7.0,2443
50000000,en,Garfield,17.667826,2004-06-10,200804534,80,Released,Get ready for frisky business.,5.2,820
60000000,en,Christmas with the Kranks,9.225166,2004-11-24,0,99,Released,No! Ho! Ho!,5.2,193
50000000,en,Moneyball,46.180421,2011-09-22,110206216,133,Released,What are you really worth?,7.0,1381
50000000,en,Outbreak,30.397496,1995-03-10,189859560,127,Released,This animal carries a deadly virus... and the greatest medical crisis in the world is about to happen.,6.3,513
50000000,en,Non-Stop,83.295796,2014-01-26,222809600,106,Released,The hijacking was just the beginning.,6.8,2268
50000000,en,Race to Witch Mountain,23.935053,2009-03-12,106303988,98,Released,The race is on,5.5,509
54000000,en,V for Vendetta,84.630969,2006-03-15,132511035,132,Released,People should not be afraid of their governments. Governments should be afraid of their people.,7.7,4442
50000000,en,Shanghai Knights,16.251204,2003-02-06,88323487,115,Released,A Royal Kick In The Arse.,6.0,692
50000000,en,Curious George,9.894346,2006-02-10,69834815,86,Released,Get Carried Away With The Cutest Little Monkey Around!,6.2,106
50000000,en,Herbie Fully Loaded,12.050755,2005-06-22,66002004,101,Released,Start your engines...,5.1,542
50000000,en,Don't Say a Word,11.596207,2001-09-28,100020092,113,Released,...I'll never tell.,6.0,220
50000000,en,Hansel & Gretel: Witch Hunters,53.02787,2013-01-17,224803475,88,Released,Classic tale. New twist.,5.7,3239
50000000,en,Unfaithful,14.382253,2002-05-10,119137784,124,Released,Where do you go when you've gone too far?,6.3,276
50000000,en,I Am Number Four,43.450266,2011-02-18,144492830,109,Released,Three like him have already been killed…he is Number Four.,5.9,1567
50000000,en,Syriana,16.871194,2005-11-23,94000000,128,Released,Everything is connected.,6.3,451
50000000,en,13 Hours: The Secret Soldiers of Benghazi,42.526529,2016-01-13,69411370,144,Released,"When everything went wrong, six men had the courage to do what was right.",7.0,938
50000000,en,The Book of Life,34.890999,2014-10-01,97437106,95,Released,,7.3,755
45000000,en,Firewall,18.186026,2006-02-10,82800000,105,Released,Nothing Is More Dangerous Than A Man With Everything To Lose.,5.6,267
50000000,en,Absolute Power,13.576765,1997-02-14,50068310,121,Released,Corrupts Absolutely.,6.4,223
50000000,en,G.I. Jane,19.434672,1997-08-22,48169156,125,Released,Failure is not an option.,6.0,395
50000000,en,The Game,62.925175,1997-09-12,109423648,129,Released,What do you get for the man who has everything?,7.5,1506
50000000,en,Silent Hill,32.927994,2006-04-21,97607453,125,Released,We've been expecting you.,6.3,1067
0,en,The Replacements,14.837288,2000-08-07,0,118,Released,Throw the ball. Catch the girl. Keep it simple.,6.1,203
50000000,en,American Reunion,39.920035,2012-04-04,234989584,113,Released,Save the best piece for last.,6.1,1611
50000000,en,The Negotiator,28.725621,1998-07-29,44547681,140,Released,He frees hostages for a living. Now he's taking hostages to survive.,6.8,582
50000000,en,Into the Storm,20.566554,2014-08-06,160602194,89,Released,Prepare to go,5.8,817
50000000,en,Beverly Hills Cop III,20.333953,1994-05-24,119208989,104,Released,,5.5,434
50000000,en,Gremlins 2: The New Batch,33.98637,1990-06-15,41482207,106,Released,Here they grow again.,6.2,652
50000000,en,The Judge,42.472324,2014-10-08,83719388,141,Released,Defend your Honor.,7.2,1417
50000000,en,The Peacemaker,15.931084,1997-09-26,0,124,Released,How do you get the world's attention?,5.8,255
45000000,en,Resident Evil: Apocalypse,29.880122,2004-09-10,129394835,94,Released,You're all going to die.,6.1,1267
50000000,en,Bridget Jones: The Edge of Reason,28.803802,2004-11-10,40203020,108,Released,Same Bridget. Brand new diary.,6.1,750
50000000,en,Out of Time,14.993459,2003-10-03,55495563,105,Released,The Clock Is Ticking...,6.1,298
50000000,en,On Deadly Ground,9.114168,1994-02-18,49000000,102,Released,His Battle To Save The Alaskan Wilderness And Protect Its People Can Only Be Won...,4.5,104
50000000,en,The Adventures of Sharkboy and Lavagirl,12.31101,2005-06-10,69425966,92,Released,Smaller heroes. Just as super.,4.4,269
40000000,en,The Beach,41.362082,2000-02-11,144056873,119,Released,Somewhere on this planet it must exist.,6.3,1233
50000000,en,Raising Helen,13.298205,2004-05-27,49718611,119,Released,Her uptown life gets turned inside out!,5.9,189
40000000,en,Ninja Assassin,19.085403,2009-09-29,60462347,99,Released,"Fear not the weapon, but the hand that wields it.",6.2,371
50000000,en,For Love of the Game,9.622345,1999-09-17,0,137,Released,Billy Chapel must choose between the woman he loves and the game he lives for.,6.3,88
50000000,en,Striptease,11.106006,1996-06-28,113309743,115,Released,Some People Get Into Trouble No Matter What They WEAR.,4.4,205
50000000,en,Marmaduke,12.25622,2010-06-04,83761844,87,Released,Live Large,5.0,149
50000000,en,Hereafter,13.365715,2010-10-15,105197635,129,Released,Touched by death. Changed by life.,5.8,510
50000000,en,Murder by Numbers,16.167093,2002-04-19,56714147,120,Released,The only flaw in their plan was her.,6.0,268
50000000,en,Assassins,23.073933,1995-10-06,30303072,132,Released,"In the shadows of life, In the business of death, One man found a reason to live...",6.0,387
50000000,en,Hannibal Rising,6.567065,2007-02-06,82169884,121,Released,It started with revenge.,6.0,654
50000000,en,The Story of Us,6.22577,1999-10-13,58900031,95,Released,,5.9,75
44000000,en,The Host,42.933027,2013-03-22,63327201,125,Released,You will be one of us,6.0,1817
50000000,en,Basic,19.226763,2003-04-18,42792561,98,Released,Deception is their most deadly weapon.,6.2,286
50000000,en,Blood Work,10.089065,2002-08-04,26199517,110,Released,He's a heartbeat away from catching the killer,6.1,206
50000000,en,The International,13.391833,2009-02-03,60161391,118,Released,Is your money making a killing?,6.0,368
50000000,en,Escape from L.A.,21.637234,1996-08-09,42277365,97,Released,Snake Is Back.,5.6,373
70000000,en,The Iron Giant,61.245957,1999-08-06,23159305,86,Released,It came from outer space!,7.6,1436
50000000,en,The Life Aquatic with Steve Zissou,25.237969,2004-12-10,34808403,119,Released,"The deeper you go, the weirder life gets.",7.1,775
50000000,en,Free State of Jones,21.589393,2016-06-24,25035950,139,Released,Based on the incredible true story.,6.6,428
50000000,en,The Life of David Gale,22.442241,2003-02-21,38955598,130,Released,The crime is clear. The truth is not.,7.3,480
40000000,en,Man of the House,6.004422,2005-02-25,0,100,Released,Protecting witnesses is a challenge. Living with them is impossible.,5.4,120
50000000,en,Run All Night,74.64653,2015-03-11,71561644,114,Released,No sin goes unpunished,6.3,1148
51500000,en,Eastern Promises,35.481169,2007-09-14,55112356,100,Released,Every sin leaves a mark.,7.2,848
50000000,en,Into the Blue,14.723467,2005-09-30,44434439,110,Released,Treasure has its price.,5.8,458
60000000,fr,Joan of Arc, that she would defeat the world's greatest army and liberate her country from its political and religious turmoil. Following her mission to reclaim god's dimished kingdom - through her amazing victories until her violent and untimely death.,"[{""iso_3166_1"": ""FR"", ""name"": ""France""}]",1999-10-18,66976317,"[{""iso_639_1"": ""en"", ""name"": ""English""}, {""iso_639_1"": ""la"", ""name"": ""Latin""}]",Released,The Messenger: The Story of Joan of Arc,6.2
49900000,en,Your Highness,21.408222,2011-04-08,26121638,102,Released,Get your quest on.,5.2,501
50000000,en,Dream House,19.267479,2011-09-30,38502340,84,Released,"Once upon a time, there were two little girls who lived in a house.",5.8,391
50000000,en,Mad City,3.314004,1997-11-07,10541523,114,Released,One man will make a mistake. The other will make it a spectacle.,5.9,81
50000000,en,Baby's Day Out,21.312186,1994-07-01,16671505,99,Released,No bib. No crib. No problem.,5.8,274
50000000,en,The Scarlet Letter,7.44268,1995-10-13,10382407,135,Released,"When intimacy is forbidden and passion is a sin, love is the most defiant crime of all.",5.5,108
22000000,en,Fair Game,12.54949,2010-05-20,24188922,108,Released,Wife. Mother. Spy.,6.5,235
50000000,en,Domino,18.394571,2005-09-22,22944502,127,Released,Heads You Live... Tails You Die.,6.0,444
50000000,en,Jade,8.189406,1995-10-13,9851610,95,Released,Some fantasies go too far.,5.2,44
50000000,en,Gamer,27.631262,2009-09-03,40828540,95,Released,"In the near future, you don't live to play... you'll play to live.",5.6,760
60000000,en,Beautiful Creatures,40.721373,2013-02-13,60052138,124,Released,Dark secrets will come to light.,5.6,984
55000000,en,Death to Smoochy,11.329727,2002-03-28,0,109,Released,Get ready for an unexpected hit.,5.9,132
50000000,en,Zoolander 2,37.253774,2016-02-06,55969000,100,Released,Long time no Z,4.7,797
50000000,en,The Big Bounce,6.397388,2004-01-30,6808550,88,Released,It's all in who you trust,5.0,76
60000000,en,What Planet Are You From?,2.275331,2000-03-03,0,105,Released,"To save his planet, an alien must find a woman on Earth to have his baby. There's just one problem.",5.4,37
50000000,en,Drive Angry,30.387148,2011-02-24,28931401,105,Released,One hell of a ride.,5.3,600
50000000,en,Street Fighter: The Legend of Chun-Li,8.139676,2009-02-27,12764201,97,Released,Some fight for power. Some fight for us.,3.9,112
49000000,en,The One,21.746245,2001-11-02,72700000,87,Released,Stealing the power of the universes one by one.,5.7,437
49000000,en,The Adventures of Ford Fairlane,2.808428,1990-07-11,20423389,104,Released,Kojak. Columbo. Dirty Harry. Wimps.,6.2,71
50000000,en,The Boat That Rocked,31.02233,2009-04-01,36348784,116,Released,On air. Off shore. Out of control.,7.2,666
48000000,en,Traffic,25.170217,2000-12-27,207515725,147,Released,No one gets away clean,6.9,562
48000000,en,Indiana Jones and the Last Crusade,80.972475,1989-05-24,474171806,127,Released,"The man with the hat is back. And this time, he's bringing his Dad.",7.6,3152
0,en,Anna Karenina,26.38704,2012-09-06,68929150,130,Released,An epic story of love.,6.5,639
49000000,en,Chappie,116.700319,2015-03-04,104399548,120,Released,I am consciousness. I am alive. I am Chappie.,6.6,3062
73000000,en,The Bone Collector,33.884459,1999-11-04,151493655,118,Released,Serial killer vs. forensic genius,6.5,826
48000000,en,Panic Room,53.043124,2002-03-29,196397415,111,Released,,6.5,1267
0,de,The Tooth Fairy,0.716764,2006-08-08,0,0,Released,,4.3,13
75000000,en,Three Kings,34.973086,1999-09-27,108000000,114,Released,It's good to be King.,6.6,692
50000000,en,Child 44,40.371098,2015-03-15,3324330,137,Released,How do you find a killer who doesn’t exist?,6.1,547
48000000,en,Rat Race,18.60049,2001-07-30,85498534,112,Released,563 miles. 9 people. $2 million. 1001 problems!,6.0,518
48000000,en,K-PAX,30.920075,2001-10-22,50315140,120,Released,Change the way you look at the world.,7.1,695
0,en,Kate & Leopold,11.940711,2001-12-25,0,118,Released,If they lived in the same century they'd be perfect for each other.,6.0,418
48000000,en,Bedazzled,19.348007,2000-10-19,90383208,93,Released,Meet the Devil. She's giving Elliott seven wishes. But not a chance in Hell.,5.6,512
58000000,en,The Cotton Club,8.59075,1984-12-14,25928721,127,Released,It was the jazz age. It was an era of elegance and violence. The action was gambling. The stakes were life and death.,6.6,68
55000000,en,3:10 to Yuma,48.801089,2007-09-06,70016220,122,Released,Time waits for one man.,6.9,1188
48000000,en,Taken 3,88.844777,2014-12-16,325771424,109,Released,It Ends Here,6.1,2200
48000000,en,Out of Sight,16.000178,1998-06-26,77745568,123,Released,Opposites attract.,6.5,333
47000000,en,The Cable Guy,19.525659,1996-06-10,102825796,96,Released,There's no such thing as free cable.,5.7,594
0,hi,1947: Earth,1.246883,1998-09-16,528972,101,Released,,6.6,9
47000000,en,Dick Tracy,7.859226,1990-06-15,103738726,103,Released,Their turf. Their game. Their rules. They didn't count on HIS law...,5.9,251
48000000,en,The Thomas Crown Affair,18.102572,1999-08-06,124305181,113,Released,How do you get the man who has everything?,6.6,339
48000000,en,Riding in Cars with Boys,7.226115,2001-10-19,35743308,132,Released,One day can make your life,Riding in Cars with Boys,6.5
15000000,en,First Blood,63.071046,1982-10-22,125212904,93,Released,This time he's fighting for his life.,7.2,1488
0,ru,Солярис,24.132271,1972-03-20,0,167,Released,,7.7,357
47000000,en,Happily N'Ever After,10.410933,2006-09-14,38085778,75,Released,Fairy Tale Endings Aren't What They Used To Be,4.6,104
47000000,en,Mary Reilly,6.067212,1996-02-23,12379402,104,Released,The untold story of Jekyll and Hyde,5.7,74
38000000,en,My Best Friend's Wedding,15.401855,1997-06-19,299288605,105,Released,It's about finding the love of your life. And deciding what to do about it.,6.3,584
0,en,America's Sweethearts,10.698929,2001-07-17,0,102,Released,Hollywood's hottest couple just split up. It'll take more than special effects to reunite them.,5.5,252
46000000,en,Insomnia,41.322708,2002-05-24,113714830,118,Released,A tough cop. A brilliant killer. An unspeakable crime.,6.8,1148
46000000,en,Star Trek: First Contact,25.6713,1996-11-21,150000000,111,Released,Resistance is futile.,7.0,661
47000000,en,Jonah Hex,22.581313,2010-06-18,10539000,80,Released,Revenge gets ugly.,4.4,420
46000000,en,Courage Under Fire,12.971122,1996-07-04,100860818,117,Released,A medal for honor. A search for justice. A battle for truth.,6.2,232
45000000,en,Liar Liar,26.721386,1997-03-21,181000000,86,Released,Trust me.,6.4,1424
25000000,en,The Infiltrator,24.672234,2016-07-13,15436808,127,Released,The true story of one man against the biggest drug cartel in history.,6.6,573
46000000,en,Inchon,0.146783,1981-05-04,5200000,140,Released,LOVE. DESTINY. HEROES. War Changes Everything.,6.5,2
46000000,en,The Flintstones,28.964162,1994-05-26,341631208,91,Released,Yabba-Dabba-Doo!,5.0,543
45000000,en,Taken 2,49.353524,2012-09-27,376141306,91,Released,First they took his daughter. Now they're coming for him.,6.1,2757
48000000,en,Scary Movie 3,36.585509,2003-10-24,220673217,84,Released,Great trilogies come in threes.,5.8,912
45000000,en,Miss Congeniality,32.624355,2000-12-14,212000000,111,Released,Never Mess With An Agent In A Dress.,6.1,961
45000000,en,Journey to the Center of the Earth,53.090422,2008-07-10,101702060,93,Released,Same Planet. Different World.,5.8,1309
40000000,en,The Princess Diaries 2: Royal Engagement,30.002907,2004-08-06,95149435,113,Released,It can take a lifetime to find true love,The Princess Diaries 2: Royal Engagement,6.0
45000000,en,The Pelican Brief,17.923254,1993-12-16,195268056,141,Released,Two Supreme Court Justices have been assassinated. One lone law student has stumbled upon the truth. An investigative journalist wants her story. Everybody else wants her dead.,6.3,371
45000000,en,The Client,17.746719,1994-07-20,117615211,119,Released,A district attorney out for a conviction. A new lawyer out of her league. A young boy who knew too much.,6.4,278
45000000,en,The Bucket List,31.305336,2007-12-25,175372502,97,Released,Find the joy.,7.0,1111
45000000,en,Patriot Games,19.637704,1992-06-04,178051587,117,Released,Not for honor. Not for country. For his wife and child.,6.3,433
43000000,en,Monster-in-Law,10.411996,2005-05-13,154749918,101,Released,This relationship is going to be a real mother.,5.6,406
46000000,en,Prisoners,88.496873,2013-09-18,122126687,153,Released,Every moment matters.,7.9,3085
45000000,en,Training Day,52.081131,2001-10-05,104876233,122,Released,"The only thing more dangerous than the line being crossed, is the cop who will cross it.",7.3,1634
45000000,en,Galaxy Quest,30.816341,1999-12-23,90683916,102,Released,A comedy of Galactic Proportions.,6.9,710
45000000,en,Scary Movie 2,35.376971,2001-07-04,141220678,83,Released,No More Mercy. No More Shame. No More Sequels - Honest! - We Lied.,5.4,982
45000000,en,The Muppets,17.047276,2011-11-22,165184237,103,Released,They're closer than you think.,6.5,501
45000000,en,Blade,43.815492,1998-08-21,131183530,120,Released,Part Man. Part Vampire. All Hero.,6.5,1905
30000000,en,Coach Carter,23.234651,2005-01-14,76669806,136,Released,It begins on the street. It ends here.,7.3,496
45000000,en,Changing Lanes,17.270539,2002-04-07,94935764,89,Released,"An ambitious lawyer, a desperate father, they had no reason to meet, until today,",5.9,299
45000000,en,Anaconda,27.684779,1997-04-11,136885767,89,Released,When You Can't Breathe You Can't Scream.,4.7,610
45000000,en,Coyote Ugly,26.79781,2000-07-30,113916474,100,Released,This party never ends.,5.8,575
40000000,en,Love Actually,37.073127,2003-09-07,244931766,135,Released,The ultimate romantic comedy.,7.0,1869
120000000,en,A Bug's Life,87.350802,1998-11-25,363258859,95,Released,An epic presentation of miniature proportions.,6.8,2303
35000000,en,From Hell,26.134678,2001-10-19,74558115,122,Released,Only the legend will survive.,6.6,741
45000000,en,The Specialist,16.582709,1994-10-07,170362582,110,Released,The government taught him to kill. Now he's using his skills to help a woman seek revenge against the Miami underworld.,5.5,313
45000000,en,Tin Cup,10.731574,1996-08-16,53854588,135,Released,Golf Pro. Love Amateur.,5.9,150
0,en,"Yours, Mine and Ours",2.094151,1968-04-24,0,111,Released,Their wedding night set new attendence records,6.2,26
45000000,en,Kicking & Screaming,8.99269,2005-05-13,56070433,95,Released,One man could lead this team to glory. . . That man was busy,5.6,176
50000000,en,The Hitchhiker's Guide to the Galaxy,51.742065,2005-01-15,104478416,109,Released,Don't leave Earth without it.,6.6,1315
0,en,Fat Albert,7.157635,2004-12-12,0,93,Released,,4.3,69
45000000,en,Resident Evil: Extinction,12.06538,2007-09-20,148412065,94,Released,The Extinction Is Coming...,6.1,1292
40000000,en,Blended,44.120328,2014-05-21,123494610,117,Released,"Single Dad, No Clue. Single Mum, Flying Solo.",6.6,1006
45000000,en,Last Holiday,6.156015,2006-01-13,38399961,112,Released,She always thought she was somebody special... and she was.,6.4,119
45000000,en,The River Wild,12.362876,1994-09-30,0,111,Released,The vacation is over,6.1,210
45000000,en,The Indian in the Cupboard,11.095914,1995-07-14,0,96,Released,,5.9,134
45000000,en,Savages,31.856589,2012-07-06,82966152,131,Released,Young Beautiful Deadly.,6.2,766
25000000,en,Cellular,24.459948,2004-09-06,56422687,94,Released,If the signal dies so does she,6.1,537
40000000,en,Johnny English,28.029015,2003-04-06,160583018,88,Released,"He knows no fear, he knows no danger, he knows nothing.",6.0,852
50000000,en,The Ant Bully,20.239061,2006-07-27,55181129,88,Released,The battle for the lawn is on.,5.5,366
40000000,en,Dune,25.876582,1984-12-14,30925690,137,Released,"A world beyond your experience, beyond your imagination.",6.5,562
0,en,Across the Universe,11.872841,2007-09-14,0,133,Released,All you need is love.,7.1,410
35000000,en,Revolutionary Road,20.360549,2008-12-19,75225693,119,Released,How do you break free without breaking apart?,6.7,796
55000000,en,16 Blocks,32.31022,2006-03-01,65664721,105,Released,"For a New York cop and his witness, the distance between life and death just got very short.",6.2,661
70000000,en,Babylon A.D.,27.568194,2008-08-20,72108608,101,Released,Kill or be Killed.,5.4,676
45000000,en,The Glimmer Man,6.250282,1996-10-04,0,92,Released,Two good cops. One bad situation.,4.7,100
45000000,en,Multiplicity,11.120344,1996-07-19,0,117,Released,"Sometimes to get more out of life, you have to make more of yourself.",5.5,154
45000000,en,Aliens in the Attic,13.707183,2009-07-31,57881056,86,Released,The aliens vs. the Pearsons,5.3,244
35000000,en,The Pledge,12.495436,2001-01-09,29400000,123,Released,,6.5,215
45000000,en,The Producers,6.803965,2005-12-25,38058335,134,Released,,6.1,151
45000000,en,The Phantom,9.025236,1996-06-06,17300889,100,Released,Slam Evil!,4.7,136
57000000,en,All the Pretty Horses,7.524671,2000-12-11,0,117,Released,Some passions can never be tamed.,5.8,60
44000000,en,Nixon,3.770161,1995-12-22,13681765,192,Released,"Triumphant in Victory, Bitter in Defeat. He Changed the World, But Lost a Nation.",7.1,71
45000000,en,The Ghost Writer,21.118196,2010-02-12,60222298,128,Released,Read between the lies.,6.7,670
45000000,en,Deep Rising,6.513856,1998-01-30,11203026,106,Released,Full Scream Ahead,6.0,154
45000000,en,Miracle at St. Anna,11.387408,2008-09-15,9323833,160,Released,,6.3,90
110,zh,滿城盡帶黃金甲,9.950505,2006-12-21,0,114,Released,Unspeakable secrets are hidden within the Forbidden City.,6.6,203
45000000,en,Bangkok Dangerous,14.813057,2008-08-21,42487390,99,Released,There's only one way out.,5.0,332
40000000,en,Big Trouble,5.201688,2002-04-05,8493890,85,Released,They have forty-five minutes to save the world. They need forty-six.,6.3,80
45000000,en,Love in the Time of Cholera,5.361699,2007-10-04,4607608,139,Released,How long would you wait for love?,6.4,81
45000000,en,Shadow Conspiracy,3.848893,1997-01-31,2154540,103,Released,,4.0,11
45000000,en,Johnny English Reborn,35.6585,2011-09-15,160078586,101,Released,One man. One mission. No chance.,6.0,1007
65000000,en,Foodfight!,5.258726,2012-06-15,73706,87,Released,When good food... goes bad!,2.3,28
44500000,en,Argo,62.01056,2012-10-11,232324128,120,Released,The movie was fake. The mission was real.,7.1,3423
44000000,en,The Fugitive,54.884297,1993-08-06,368875760,130,Released,A murdered wife. A one-armed man. An obsessed detective. The chase begins.,7.2,1220
40000000,en,The Bounty Hunter,33.747825,2010-03-16,136000000,110,Released,"It's a Job. It Isn't Personal. Well, Maybe a Little...",5.5,858
44000000,en,Sleepers,16.245068,1996-10-18,165615285,147,Released,When friendship runs deeper than blood.,7.3,715
44000000,en,Rambo: First Blood Part II,38.653969,1985-05-21,300400432,96,Released,"What most people call hell, he calls home.",6.3,864
44000000,en,The Juror,3.937352,1996-02-02,0,118,Released,There is no defense.,5.5,89
2600000,en,Pinocchio,46.007991,1940-02-23,84300000,88,Released,For anyone who has ever wished upon a star.,6.9,1355
44000000,en,Heaven's Gate,5.380124,1980-11-19,3484331,219,Released,The only thing greater than their passion for America... was their passion for each other.,6.4,55
50000000,en,Underworld: Evolution,49.020045,2006-01-12,111340801,106,Released,"My God. Brother, what have you done?",6.4,1528
40000000,en,Victor Frankenstein,24.821138,2015-11-10,34227298,109,Released,Discover the origin of the monster and his creation.,5.6,685
43000000,en,Finding Forrester,19.043286,2000-12-21,80049764,136,Released,"In an ordinary place, he found the one person to make his life extraordinary.",7.0,302
43000000,en,28 Days,5.418921,2000-04-06,0,103,Released,The Life of the Party... before she got a life.,6.0,208
45000000,en,Unleashed,25.999888,2005-02-02,50871113,103,Released,Serve No Master,6.6,518
43000000,en,The Sweetest Thing,18.65632,2002-04-12,68696770,84,Released,A romantic comedy without the sugar.,5.3,280
42000000,en,The Firm,23.736535,1993-06-30,270248367,154,Released,Power can be murder to resist.,6.6,501
44000000,en,Charlie St. Cloud,21.75433,2010-05-01,48190704,99,Released,Life is for living.,6.8,566
40000000,en,The Mechanic,44.094856,2011-01-13,51070807,93,Released,Someone has to fix the problems.,6.3,1045
42000000,en,21 Jump Street,62.714026,2012-03-12,201585328,109,Released,They thought the streets were mean. Then they went back to high school.,6.7,4074
42000000,en,Notting Hill,28.969151,1999-05-13,363889678,124,Released,Can the most famous film star in the world fall for the man on the street?,7.0,1262
45000000,en,Chicken Run,31.789029,2000-06-21,224834564,84,Released,This ain't no chick flick. It's poultry in motion.,6.5,1150
42000000,en,Along Came Polly,33.238296,2004-01-16,171963386,90,Released,"For the most cautious man on Earth, life is about to get interesting.",5.8,773
40000000,en,Boomerang,6.420434,1992-06-30,70100000,117,Released,A Player Who's About to be Played.,5.4,134
43000000,en,The Heat,37.654688,2013-06-27,158674180,117,Released,Action's never been so hot!,6.5,1575
31115000,en,Cleopatra,13.244365,1963-06-12,71000000,248,Released,The motion picture the world has been waiting for!,6.7,146
0,en,Here Comes the Boom,26.799913,2012-10-11,73100172,105,Released,No one will fight for his students like Mr. Voss.,6.0,593
42000000,en,High Crimes,14.046705,2002-04-03,63781810,115,Released,Everything you trust. Everything you know. May be a lie...,6.1,184
42000000,en,The Mirror Has Two Faces,3.844926,1996-11-15,0,126,Released,A story about just how wrong two people can be before they can be right.,6.5,47
32000000,en,The Mothman Prophecies,14.733513,2002-01-25,55157539,119,Released,What do you see?,6.1,305
42000000,en,Brüno,16.122168,2009-07-08,0,83,Released,Borat was so 2006,5.4,518
32000000,en,Licence to Kill,28.22119,1989-07-07,156167015,133,Released,His bad side is a dangerous place to be.,5.9,541
42000000,en,Red Riding Hood,45.151657,2011-03-11,89162162,100,Released,Who's afraid?,5.6,922
60000000,en,15 Minutes,15.205371,2001-03-01,56359980,120,Released,America Likes to Watch,5.7,191
48000000,en,Super Mario Bros.,14.587367,1993-05-28,20915465,104,Released,This Ain't No Game.,4.0,232
42000000,en,Lord of War,34.828241,2005-09-16,24127895,122,Released,"Where there's a will, there's a weapon",7.0,1335
31000000,zh,英雄,23.607392,2002-12-19,177394432,99,Released,One man's strength will unite an empire.,7.2,635
40000000,en,One for the Money,19.438503,2012-01-26,36893721,91,Released,She's looking for a few not-so-good men,5.3,388
44000000,en,The Interview,74.168016,2014-12-25,12342632,112,Released,The Film Hackers Tried To Get Banned,6.1,2304
42000000,en,The Warrior's Way,7.349497,2010-12-02,11087569,100,Released,Assassin. Hero. Legend.,6.3,136
33000000,fr,Micmacs à tire-larigot,7.663515,2009-10-28,14000000,100,Released,Non Stop Madness,6.8,148
41000000,en,8 Mile,32.798571,2002-11-08,215000000,110,Released,Every moment is another chance.,6.8,1626
0,fr,Pourquoi j'ai pas mangé mon père,5.794466,2015-04-08,0,100,Released,These feet are made for walkin',5.3,125
65000000,en,A Knight's Tale,36.670399,2001-05-11,117487473,132,Released,He Will Rock You,6.6,907
41000000,en,The Medallion,14.653718,2003-08-15,0,88,Released,,5.3,281
40000000,en,The Sixth Sense,73.085576,1999-08-06,672806292,107,Released,Not every gift is a blessing.,7.7,3147
42000000,en,Man on a Ledge,34.041407,2012-01-13,46221189,102,Released,You can only push an innocent man so far,6.2,925
41000000,en,The Big Year,9.419726,2011-10-13,7448385,100,Released,Everyone is searching for something.,5.6,248
8000000,en,The Karate Kid,28.456572,1984-06-22,90815558,126,Released,Only the 'Old One' could teach him the secrets of the masters.,6.9,891
40000000,en,American Hustle,49.664128,2013-12-12,251171807,138,Released,Everyone Hustles To Survive,6.8,2807
40000000,en,The Proposal,36.238968,2009-06-01,317375031,108,Released,Here comes the bribe...,6.7,1804
70000000,en,Double Jeopardy,19.439386,1999-09-24,177841558,105,Released,Murder isn't always a crime.,6.2,278
40000000,en,Back to the Future Part II,43.345252,1989-11-20,332000000,108,Released,"Roads? Where we're going, we don't need roads!",7.4,3829
40000000,en,Lucy,115.241998,2014-07-14,126546825,89,Released,The average person uses 10% of their brain capacity. Imagine what she could do with 100%.,6.3,5878
40000000,en,Fifty Shades of Grey,98.755657,2015-02-11,571006128,125,Released,Are you curious?,5.2,3254
38000000,en,Spy Kids 3-D: Game Over,21.998734,2003-07-25,197011982,84,Released,3rd Mission. 3rd Dimension.,4.7,511
40000000,en,A Time to Kill,25.219805,1996-07-24,152266007,149,Released,Experience a time you'll never forget.,7.0,509
40000000,en,Cheaper by the Dozen,26.516624,2003-12-24,190212113,98,Released,Growing pains? They've got twelve of them!,6.0,699
40000000,en,Lone Survivor,37.084384,2013-12-24,149295601,121,Released,Based on True Acts of Courage,7.4,1526
40000000,en,A League of Their Own,21.661028,1992-07-01,107458785,128,Released,"To achieve the incredible, you have to attempt the impossible.",6.7,354
40000000,en,The Conjuring 2,68.794673,2016-05-13,320170008,134,Released,The next true story from the case files of Ed and Lorraine Warren,7.0,1949
40000000,en,The Social Network,69.27822,2010-09-30,224920315,120,Released,You don't get to 500 million friends without making a few enemies.,7.1,3391
40000000,en,He's Just Not That Into You,26.253357,2009-02-06,177259441,129,Released,Are you the exception...or the rule?,6.2,959
45000000,en,Scary Movie 4,32.549282,2006-04-13,178262620,83,Released,Bury the grudge. Burn the village.  See the saw.,5.3,750
40000000,en,Scream 3,24.992057,2000-02-03,161834276,116,Released,Someone has taken their love of trilogies one step too far.,5.7,736
40000000,en,Back to the Future Part III,45.769562,1990-05-25,244527583,118,Released,They've saved the best trip for last... But this time they may have gone too far.,7.1,2900
40000000,en,Get Hard,36.301202,2015-03-26,111811453,100,Released,An education in incarceration.,5.9,944
40000000,en,Dracula,45.022964,1992-11-13,215862692,128,Released,Love never dies.,7.1,1056
40000000,en,Julie & Julia,22.853006,2009-08-06,129540499,123,Released,Based on Two True Stories,6.6,560
40000000,en,42,31.884559,2013-04-12,95020213,128,Released,The True Story Of An American Legend,6.8,787
40000000,en,The Talented Mr. Ripley,31.385257,1999-12-25,128798265,139,Released,How far would you go to become someone else?,7.0,767
40000000,en,Dumb and Dumber To,67.767785,2014-11-12,169837010,110,Released,The Second Parts Are More Fools,5.4,1127
40000000,en,Eight Below,24.287306,2006-02-17,120455994,120,Released,"The Most Amazing Story Of Survival, Friendship, And Adventure Ever Told.",6.7,542
35000000,en,The Intern,53.114573,2015-09-24,194564672,121,Released,Experience never gets old,7.1,1881
40000000,en,Ride Along 2,25.136082,2016-01-14,124827316,102,Released,The brothers-in-law are back,6.1,555
40000000,en,The Last of the Mohicans,37.776566,1992-09-25,75505856,112,Released,The first American hero.,7.1,732
40000000,en,Ray,21.743321,2004-10-29,124731534,152,Released,The extraordinary life story of Ray Charles.,7.2,467
40000000,en,Sin City,66.003433,2005-04-01,158733820,124,Released,Walk down the right back alley in Sin City and you can find anything...,7.2,2691
40000000,en,Vantage Point,24.862767,2008-02-01,151161491,90,Released,"8 Strangers, 8 points of view.  1 Truth.",6.2,716
41000000,en,"I Love You, Man",25.391899,2009-03-20,91636986,105,Released,He needed a best man... He got the worst.,6.5,515
40000000,en,Shallow Hal,29.854773,2001-11-01,141069860,114,Released,Are You A Shallow Guy?,5.7,731
40000000,en,JFK,26.82041,1991-12-20,205405498,189,Released,The story that won’t go away.,7.5,502
40000000,en,Big Momma's House 2,17.61292,2006-01-26,138259062,99,Released,The momma of all comedies is back!!!,5.4,371
57000000,en,The Mexican,21.021809,2001-03-01,147845033,123,Released,Love with the safety off.,5.8,441
20000000,en,17 Again,52.571674,2009-03-11,136267476,102,Released,Who says you're only young once?,6.1,1350
40000000,en,The Other Woman,34.519636,2014-04-16,196781193,109,Released,The oddest friends are about to get even,6.2,1437
40000000,en,The Final Destination,32.478077,2009-08-26,186167139,82,Released,Rest In Pieces,5.4,831
40000000,en,Bridge of Spies,48.445978,2015-10-15,165478348,141,Released,"In the shadow of war, one man showed the world what we stood for.",7.2,2583
40000000,en,Behind Enemy Lines,24.012986,2001-11-17,91753202,106,Released,His only weapon is his will to survive.,6.0,457
40000000,en,Get Him to the Greek,17.869443,2010-06-04,90029656,109,Released,Aaron Green has 72 hours to get a Rock Star from London to L.A. Pray for him.,5.9,612
50000000,en,Shall We Dance?,14.231899,2004-10-15,170128460,107,Released,Step out of the ordinary,5.9,297
40000000,en,Small Soldiers,23.088571,1998-07-10,54682547,110,Released,"The few, the proud, and the small.",6.2,511
40000000,en,Spawn,19.833664,1997-07-31,87840042,96,Released,Born in darkness. Sworn to justice.,5.0,336
35000000,en,The Count of Monte Cristo,26.595983,2002-01-23,75395048,131,Released,Prepare for adventure. Count on revenge.,7.3,453
40000000,en,The Lincoln Lawyer,26.072228,2011-03-17,85412898,119,Released,This Case is a Dangerous Game of Life and Death,7.0,902
30000000,en,Unknown,38.643914,2011-02-16,130786397,113,Released,Take Back Your Life,6.5,1265
40000000,en,The Prestige,74.440708,2006-10-19,109676311,130,Released,Are You Watching Closely?,8.0,4391
42000000,en,Horrible Bosses 2,82.185281,2014-11-26,107670357,108,Released,New Crime. Same Tools.,6.1,1536
40000000,en,Escape from Planet Earth,18.14218,2013-02-14,74597643,89,Released,Earth's greatest secrets are about to break out!,5.7,332
40000000,en,Apocalypto,41.570047,2006-12-07,120175290,139,Released,No one can outrun their destiny.,7.3,1221
40000000,en,The Living Daylights,23.331459,1987-06-29,191185897,130,Released,Licensed to thrill.,6.2,440
40000000,en,Predators,47.649554,2010-07-03,126248813,107,Released,Fear is Reborn,6.0,1206
0,en,Legal Eagles,7.519433,1986-06-18,0,116,Released,Tom Logan has a law partner who put a dog on the witness stand. A client who can't enter a room without a crime being committed. And a case that could turn out to be the murder of the year. His.,5.8,51
40000000,en,Secret Window,32.908414,2004-03-12,92913171,96,Released,The most important part of a story is the ending.,6.4,972
40000000,en,The Lake House,29.88736,2006-06-16,114830111,99,Released,How do you hold on to someone you've never met?,6.5,670
43000000,en,The Skeleton Key,29.105407,2005-07-29,91974818,104,Released,Fearing Is Believing,6.4,573
0,en,The Odd Life of Timothy Green,16.394452,2012-08-15,51854875,105,Released,He's a force of nature.,6.5,386
40000000,en,Made of Honor,19.574774,2008-05-02,84601681,101,Released,He'll do anything to get the groom out of the picture.,6.0,394
40000000,en,Jersey Boys,14.199933,2014-06-05,67347013,134,Released,,6.8,255
40000000,en,The Rainmaker,12.229516,1997-11-18,45916769,135,Released,They were totally unqualified to try the case of a lifetime... but every underdog has his day.,6.7,235
40000000,en,Gothika,27.303608,2003-11-21,141591324,98,Released,Because someone is dead doesn't mean they're gone.,5.8,629
36000000,en,Amistad,3.698276,1997-12-03,74000000,155,Released,Freedom is not given. It is our right at birth. But there are some moments when it must be taken.,6.8,316
40000000,en,Medicine Man,7.021871,1992-02-07,0,106,Released,He turned his back on civilization. Only to discover he had the power to save it.,5.8,114
40000000,en,Aliens vs Predator: Requiem,39.381913,2007-12-25,41797066,94,Released,The Last Place On Earth We Want To Be Is In The Middle,4.9,740
40000000,en,Ri¢hie Ri¢h,14.398356,1994-12-19,0,95,Released,An adventure so big... even the world's richest kid can't afford to miss it!,5.4,415
65000000,en,Autumn in New York,8.680334,2000-08-11,0,103,Released,He fell in love for the first time. She fell in love forever.,5.7,135
40000000,en,Music and Lyrics,17.659032,2007-02-09,145896422,96,Released,Share the music with someone you love.,6.2,554
40000000,en,Paul,43.151268,2011-02-14,97552050,104,Released,Who's up for a close encounter?,6.5,1789
40000000,en,The Guilt Trip,15.283444,2012-12-19,41863726,95,Released,Get ready for one mother of a road trip,5.4,284
40000000,en,Scream 4,35.21926,2011-04-11,97138686,111,Released,New Decade. New Rules.,6.1,902
40000000,en,8MM,25.580272,1999-02-26,96618699,123,Released,You can't prepare for where the truth will take you.,6.1,474
38000000,en,The Doors,10.794175,1991-03-01,34416893,140,Released,"The Ultimate Story of Sex, Drugs & Rock 'N' Roll",6.7,275
40000000,en,Sex Tape,72.641296,2014-07-17,126069509,97,Released,A movie about a movie they don't want you to see.,5.3,1695
40000000,en,Hanging Up,3.415534,2000-02-16,36037909,94,Released,Every family has a few hang-ups.,5.0,40
47000000,en,Final Destination 5,38.555482,2011-08-12,157887643,92,Released,We all share a common destination.,5.9,866
0,en,Mickey Blue Eyes,6.786117,1999-08-16,0,102,Released,A romantic comedy you can't refuse,5.3,140
40000000,en,Pay It Forward,24.313684,2000-10-12,55707411,122,Released,"When someone does you a big favor, don't pay it back... Pay It Forward",7.0,432
30000000,en,Fever Pitch,9.965073,2005-04-06,50451307,103,Released,A Comedy About The Game of Love.,5.9,182
40000000,en,Drillbit Taylor,15.055732,2008-03-20,0,102,Released,You get what you pay for,5.5,275
0,en,A Million Ways to Die in the West,32.808675,2014-05-22,0,116,Released,Bring protection.,5.8,1468
25000000,en,The Shadow,8.178203,1994-07-01,48063435,108,Released,The Shadow Knows!,5.4,138
40000000,en,Extremely Loud & Incredibly Close,31.066874,2011-12-24,55247881,129,Released,"This is not a story about September 11th, it's a story about every day after.",6.9,708
40000000,en,Morning Glory,22.491388,2010-01-12,58785180,102,Released,Breakfast TV just got interesting.,6.1,412
40000000,en,Get Rich or Die Tryin',12.885985,2005-11-09,46442528,117,Released,If You Think You Know the Story...You Don't Know the Man.,6.3,186
40000000,en,The Art of War,7.832337,2000-08-23,30199105,117,Released,Who is your foe?,5.6,135
40000000,en,Rent,10.433667,2005-11-23,31670620,135,Released,No day but today.,6.7,155
40000000,en,Bless the Child,3.321949,2000-08-11,0,107,Released,Mankind's last hope just turned six.,4.9,71
75000000,en,The Out-of-Towners,4.842626,1999-04-02,29000000,90,Released,"They fell in love 24 years ago... and in the next 24 hours, they'll remember why.",5.0,45
40000000,en,The Island of Dr. Moreau,13.210898,1996-08-23,49627779,96,Released,The gates of hell are unlocked.,4.6,147
40000000,en,The Musketeer,3.296933,2001-09-07,27053815,104,Released,As you've never seen it before.,5.2,56
35000000,en,The Other Boleyn Girl,22.939557,2008-02-28,0,115,Released,Two sisters divided for the love of a king.,6.4,477
40000000,en,Sweet November,19.372805,2001-02-16,65754228,119,Released,She Just Needed A Month To Change His Life For Ever.,6.4,278
40000000,en,The Reaping,13.445697,2007-04-05,62771059,99,Released,What Hath God Wrought?,5.4,205
500000,en,Mean Streets,17.002096,1973-10-02,3000000,110,Released,You don't make up for your sins in church. You do it in the streets...,7.2,345
40000000,en,Renaissance Man,4.516953,1994-06-03,24332324,128,Released,"One Man's Mission To Teach The Few, The Proud... The Impossible!",5.9,81
40000000,en,Colombiana,33.785969,2011-07-27,60965854,108,Released,Revenge is beautiful.,6.5,824
40000000,en,Quest for Camelot,16.059443,1998-05-15,38172500,86,Released,An evil knight gives nobility a bad name.,6.9,190
40000000,en,City By The Sea,3.476966,2002-09-06,22433915,108,Released,When you're searching for a killer... the last suspect you want to see is your son.,5.7,92
0,en,At First Sight,5.778724,1999-01-15,0,128,Released,Science gave him sight. She gave him vision.,5.9,48
40000000,en,Torque,7.360793,2004-01-16,46546197,84,Released,Circuit of Fire,4.7,119
0,en,City Hall,3.621837,1996-02-16,0,111,Released,It started with a shootout on a rainswept street and ended in a scandal that shattered New York.,6.0,67
45000000,en,Showgirls,14.513305,1995-09-22,20350754,128,Released,Beyond your wildest dreams. Beyond your wildest fantasies.,4.9,256
40000000,en,Marie Antoinette,22.364549,2006-05-24,60474340,123,Released,Rumor. Scandal. Fame. Revolution.,6.5,642
40000000,en,Kiss of Death,6.90894,1995-04-21,0,101,Released,,5.7,81
63600000,en,Get Carter,4.494788,2000-10-06,19412993,102,Released,The Truth Hurts,4.8,145
42000000,en,Lo imposible,47.559928,2012-09-09,180274123,113,Released,Nothing is more powerful than the human spirit.,7.0,2025
55000000,en,Ishtar,2.410546,1987-05-15,14375181,107,Released,,4.2,28
40000000,en,Fantastic Mr. Fox,41.258956,2009-10-23,46471023,87,Released,Dig the life fantastic!,7.5,1176
40000000,en,Life or Something Like It,8.980846,2002-04-26,16872671,103,Released,,5.7,124
40000000,en,Memoirs of an Invisible Man,7.222985,1992-02-28,14358033,99,Released,An adventure like you've never seen.,5.7,125
10000000,fr,Le fabuleux destin d'Amélie Poulain,73.720244,2001-04-25,173921954,122,Released,One person can change your life forever.,7.8,3310
0,en,New York Minute,10.0403,2004-05-01,0,91,Released,,5.5,185
60000000,en,Alfie,15.219263,2004-10-22,13395939,103,Released,Meet a man who never met a woman he didn't love.,5.6,248
40000000,en,Big Miracle,8.303696,2012-02-02,24719215,107,Released,A family of whales trapped beneath the ice. One unforgettable rescue.,6.6,152
38000000,en,The Deep End of the Ocean,4.746085,1999-03-12,28121100,106,Released,The search for her son was over. The search for her family was just beginning.,5.9,54
40000000,en,FearDotCom,6.756886,2002-08-09,18902015,101,Released,The last site you'll ever see.,3.2,105
40000000,en,Cirque du Freak: The Vampire's Assistant,16.424807,2009-10-23,28169671,109,Released,Meet Darren. He's sixteen going on immortal.,5.5,348
40000000,en,Duplex,15.590001,2003-09-26,19322135,89,Released,,5.9,482
0,en,Soul Men,5.483671,2008-11-07,0,103,Released,,6.3,47
0,en,Raise the Titanic,1.630541,1980-01-01,0,115,Released,They've found the Titanic. There's just one thing left to do...,5.2,21
45000000,en,Universal Soldier: The Return,14.566664,1999-08-05,10667893,82,Released,Prepare to become obsolete,4.2,135
33000000,en,Pandorum,28.353517,2009-09-08,20645327,108,Released,Don't fear the end of the world. Fear what happens next.,6.5,774
40000000,en,Impostor,9.579975,2001-12-03,0,102,Released,"In the Future, not everyone is who they seem to be.",6.1,135
40000000,en,Extreme Ops,2.911819,2002-11-27,10959475,93,Released,Fear is a trigger,5.0,28
0,en,Just Visiting,10.844882,2001-04-06,0,88,Released,"They're not just from another time, they're from France.",4.8,171
50000000,en,Sunshine,51.502884,2007-04-05,32017803,107,Released,"If the sun dies, so do we.",7.0,1182
40000000,en,A Thousand Words,13.119133,2012-03-07,22044277,91,Released,He only has 1000 words left to discover what matters the most.,6.0,373
40000000,en,Delgo,4.238482,2008-12-12,0,94,Released,,5.4,15
40000000,en,The Gunman,26.935458,2015-02-16,13644292,115,Released,Armed With the Truth.,5.5,392
40000000,en,Stormbreaker,16.282962,2006-07-21,23937870,93,Released,Rule the school. Save the world.,5.1,213
20000000,en,Disturbia,31.690456,2007-04-12,117760134,105,Released,"The quieter the street, the darker the secrets....",6.6,1006
20000000,en,Hackers,17.842246,1995-09-14,7563728,107,Released,"There is no right or wrong, only fun and boring",6.2,398
0,en,The Hunting Party,8.048305,2007-09-03,0,101,Released,How can they find the world's most wanted war criminal when the C.I.A. can't? [by actually looking],6.6,96
30000000,en,The Hudsucker Proxy,14.188982,1994-03-11,0,111,Released,They took him for a fall guy... but he threw them for a hoop.,7.1,275
40000000,zh,投名狀,6.884467,2007-12-12,0,126,Released,,6.3,83
25000000,en,Nomad,8.212018,2005-07-17,0,112,Released,Courage know no limit,4.3,17
39200000,ko,Snowpiercer,64.238688,2013-08-01,86758912,126,Released,"AD 2031, the passengers in the train are the only survivors on Earth.",6.7,2854
25000000,fr,Un monstre à Paris,17.375562,2011-10-12,0,90,Released,,6.5,313
0,en,The Last Shot,6.7698,2004-09-24,0,90,Released,,5.9,15
15000000,en,The Crow,44.690107,1994-05-11,94000000,102,Released,Real love is forever.,7.3,953
40000000,te,Baahubali: The Beginning,16.254032,2015-07-10,100000000,159,Released,,7.5,135
39000000,en,The Time Traveler's Wife,37.492928,2009-08-14,101229792,107,Released,,6.7,798
0,en,Because I Said So,18.678415,2007-02-02,69485490,102,Released,"She's just your normal, overprotective, overbearing, over-the-top mother.",5.8,191
39000000,en,Frankenweenie,27.908783,2012-10-04,35287788,87,Released,The electrifying dog is back from beyond the grave,6.6,932
39000000,en,Serenity,45.388937,2005-08-25,38869464,119,Released,Can't stop the signal.,7.4,1264
39000000,en,Against the Ropes,2.817364,2004-02-20,6614280,106,Released,,4.5,32
39000000,en,Superman III,22.164202,1983-06-17,75850624,125,Released,If the world's most powerful computer can control even Superman...no one on earth is safe.,5.3,490
40000000,en,Grudge Match,21.362949,2013-12-25,44907260,113,Released,DeNiro vs Stallone,6.0,433
80341000,zh,Chi bi,14.8375,2008-07-10,127814609,150,Released,The future will be decided.,7.1,205
30000000,en,Sweet Home Alabama,18.256028,2002-09-26,180622424,108,Released,Sometimes What You're Looking For Is Right Where You Left It.,6.0,394
38000000,en,The Ugly Truth,22.332927,2009-07-24,205298907,96,Released,The battle of the sexes is on.,6.4,972
0,en,Sgt. Bilko,5.417787,1996-03-29,0,90,Released,All he ever wanted was an honest week's pay for an honest day's work.,5.5,94
38000000,en,Spy Kids 2: The Island of Lost Dreams,24.085144,2002-08-07,119723358,100,Released,Little Spies. Big Attitudes,5.3,521
38000000,en,Star Trek: Generations,14.779041,1994-11-17,120000000,118,Released,Boldly go.,6.4,452
3860000,zh,一代宗師,19.947265,2013-01-08,64076736,130,Released,"In Martial Arts there is no right or wrong, only the last man standing.",6.3,273
38000000,en,Water for Elephants,16.801218,2011-03-15,114156230,120,Released,Life is the most spectacular show on earth.,6.7,850
40000000,zh,Dragon Nest: Warriors' Dawn,5.057695,2014-05-20,0,88,Released,,6.8,19
50000000,en,The Hurricane,20.825781,1999-09-17,73956241,146,Released,His greatest fight was for justice.,7.2,396
38000000,en,Enough,11.500783,2002-05-24,51801187,114,Released,Everyone has a limit.,6.2,264
35000000,en,Heartbreakers,13.932203,2001-03-23,0,123,Released,Caution: Dangerous Curves Ahead,5.7,254
38000000,en,Paul Blart: Mall Cop 2,41.258487,2015-04-16,107597242,94,Released,Vegas has a new high roller.,5.0,567
53000000,en,Angel Eyes,6.454634,2001-05-15,29700000,102,Released,"The deeper you look, the more you will find.",5.6,88
38000000,en,Joe Somebody,5.257009,2001-12-21,0,99,Released,Someone just picked on the wrong nobody.,5.5,40
38000000,en,The Ninth Gate,30.359164,1999-08-24,58401898,133,Released,Every book has a life of its own.,6.3,756
38000000,en,Extreme Measures,3.426555,1996-09-27,17380126,118,Released,Not all surgery is intended to cure.,5.7,80
57000000,en,Rock Star,11.60815,2001-09-04,16991902,105,Released,The story of a wanna be who got to be.,6.0,190
10000000,en,Precious,18.664624,2009-11-06,47536959,110,Released,Life is hard. Life is short. Life is painful. Life is rich. Life is....Precious.,6.9,417
38000000,en,White Squall,10.047579,1996-02-02,10300000,129,Released,,6.3,86
15000000,en,The Thing,52.731379,1982-06-25,19629760,109,Released,Man is The Warmest Place to Hide.,7.8,1588
38000000,en,Riddick,46.630062,2013-09-02,98337295,119,Released,Survival Is His Revenge,6.2,2035
37000000,en,Switchback,4.131546,1997-10-31,6482195,118,Released,The hunter becomes the hunted.,5.8,52
0,en,Texas Rangers,5.641978,2001-11-30,0,110,Released,,5.4,19
55000000,en,City of Ember,23.465539,2008-10-07,17869048,90,Released,Escape is the only option,6.2,605
32000000,en,The Master,25.682509,2012-09-07,28258060,137,Released,Every Man Needs a Guide,7.0,701
38000000,en,Virgin Territory,6.760922,2007-12-17,5410749,93,Released,Anything Can Happen When You're In ... Virgin Territory,4.3,75
40000000,en,The Express,3.87823,2008-10-10,9793496,130,Released,He changed our country... one yard at a time.,7.1,71
38000000,en,The 5th Wave,57.889964,2016-01-14,109906372,112,Released,Protect Your Own,5.6,1945
37000000,en,Creed,57.773583,2015-11-25,173567581,133,Released,Your legacy is more than a name,7.3,1915
37000000,en,The Town,24.218358,2010-09-15,154026136,125,Released,Welcome to the bank robbery capital of America.,7.0,1468
40000000,en,What to Expect When You're Expecting,27.009723,2012-05-17,79700000,110,Released,It's too late to pull out now.,5.8,594
37000000,en,Burn After Reading,31.941347,2008-09-05,163720069,96,Released,Intelligence is relative.,6.5,1222
37000000,en,Nim's Island,14.353279,2008-04-03,100076342,96,Released,Your adventure starts here.,5.6,330
38000000,en,Rush,33.003828,2013-09-02,90247624,123,Released,Everyone's driven by something.,7.7,2277
37000000,en,Magnolia,30.993736,1999-12-08,48451803,188,Released,"Things fall down. People look up. And when it rains, it pours.",7.5,825
30000000,en,Cop Out,25.825771,2010-02-26,55583804,107,Released,Rock out with your Glock out,5.3,511
38000000,en,How to Be Single,46.078371,2016-01-21,112343513,110,Released,Welcome to the party,5.9,1201
37000000,en,Dolphin Tale,6.63839,2011-09-23,95404397,113,Released,Inspired by the amazing true story of Winter.,6.7,163
37000000,en,Twilight,127.084938,2008-11-20,392616625,122,Released,"When you can live forever, what do you live for?",5.8,3561
36000000,en,John Q,27.465433,2002-02-15,102244770,116,Released,Give a father no options and you leave him no choice.,7.0,594
65000000,en,Blue Streak,16.865782,1999-09-17,117758500,93,Released,He's A Cop That's Not.,6.1,352
37000000,en,We're the Millers,100.348805,2013-08-07,269994119,110,Released,-If anyone asks.,6.8,2972
36500000,ru,Obitaemyy Ostrov,2.785832,2008-12-18,21834845,115,Released,,5.3,23
36000000,en,Breakdown,9.176339,1997-05-02,50159144,95,Released,It could happen to you.,6.6,198
36000000,en,Never Say Never Again,23.380757,1983-10-07,160000000,134,Released,Sean Connery is James Bond 007,5.8,338
36000000,en,Hot Tub Time Machine,33.926473,2010-03-26,64572262,101,Released,Kick some past,6.0,894
36000000,en,Dolphin Tale 2,6.967857,2014-09-12,52424533,107,Released,WINTER's amazing true story... now has HOPE.,6.7,96
42000000,en,Reindeer Games,11.470135,2000-02-25,32168970,124,Released,The trap is set. The game is on.,5.4,173
36000000,en,A Man Apart,19.854932,2003-04-04,44350926,109,Released,Love changes a man. Revenge tears him apart.,5.8,258
37000000,en,Aloha,29.652536,2015-05-27,26250020,105,Released,Sometimes you have to say goodbye before you can say hello.,5.2,692
0,en,Ghosts of Mississippi,8.102925,1996-12-20,0,130,Released,From the director of A FEW GOOD MEN comes a compelling TRUE STORY.,6.2,40
0,en,Snow Falling on Cedars,2.79483,1999-12-22,0,127,Released,From the director of 'Shine',6.3,32
37000000,en,The Rite,11.492474,2011-01-28,96047633,114,Released,You can only defeat it when you believe.,5.8,556
36000000,en,Gattaca,70.398356,1997-09-07,12532777,106,Released,There is no gene for the human spirit.,7.5,1808
36000000,de,Isn't She Great,1.068453,2000-01-28,3003296,95,Released,Talent Isn't Everything...,4.6,14
37000000,en,Space Chimps,6.293217,2008-07-17,63800345,81,Released,"Houston, we have a problem!",5.2,99
0,en,Head of State,3.457194,2003-01-01,0,95,Released,,5.3,71
35000000,en,The Hangover,82.21166,2009-06-05,459270619,100,Released,Some guys just can't handle Vegas.,7.2,6173
36000000,cn,葉問3,19.167377,2015-12-19,156844753,105,Released,,6.5,379
33000000,en,Austin Powers: The Spy Who Shagged Me,18.316151,1999-06-08,310940086,95,Released,"I'm back, baby!",6.2,1011
35000000,en,Batman,44.104469,1989-06-23,411348924,126,Released,Have you ever danced with the devil in the pale moonlight?,7.0,2096
0,en,There Be Dragons,6.668679,2011-03-25,0,112,Released,,5.9,27
35000000,en,Lethal Weapon 3,36.172182,1992-05-15,321731527,118,Released,The magic is back again!,6.4,811
29000000,en,The Blind Side,25.767395,2009-11-20,309208309,129,Released,Based on the extraordinary true story,7.2,1597
35000000,en,Spy Kids,21.543389,2001-03-18,147934180,88,Released,Real spies...only smaller,5.5,867
35000000,en,Horrible Bosses,50.309843,2011-07-08,117000000,98,Released,Ever wish your boss was dead?,6.5,2277
38000000,en,True Grit,49.292384,2010-12-22,252276927,110,Released,Punishment Comes One Way or Another.,7.2,1668
35000000,en,The Devil Wears Prada,83.893257,2006-06-30,326551094,109,Released,Meet Andy Sachs. A million girls would kill to have her job. She's not one of them.,7.0,3088
35000000,en,Star Trek: The Motion Picture,24.616634,1979-12-06,139000000,132,Released,The human adventure is just beginning.,6.2,530
35000000,en,Identity Thief,34.005726,2013-02-07,173965010,111,Released,She's having the time of his life,5.6,1645
35000000,en,Cape Fear,27.714043,1991-11-15,182300000,128,Released,There is nothing in the dark that isn't there in the light. Except fear.,7.0,675
35000000,en,21,45.149948,2008-03-27,69823199,123,Released,They proved the Vegas Blackjack System was beatable...by beating the hell out of it.,6.5,1375
35000000,en,Trainwreck,72.774941,2015-07-17,140795793,125,Released,We All Know One.,5.9,1181
35000000,en,Guess Who,3.74263,2005-03-25,68915888,105,Released,His house. His rules. Some in-laws were made to be broken.,5.5,225
27000000,en,The English Patient,29.381878,1996-11-14,231976425,162,Released,"In love, there are no boundaries.",7.0,542
35000000,en,L.A. Confidential,24.860326,1997-09-19,126216940,138,Released,Everything is suspect... Everyone is for sale... And nothing is what it seems.,7.7,1310
35000000,en,Sky High,11.041659,2005-07-29,86369815,100,Released,Saving The World... One Homework Assignment At A Time.,5.8,550
35000000,en,In & Out,11.897925,1997-09-10,0,90,Released,An out-and-out comedy.,6.3,177
35000000,en,Species,23.607071,1995-07-07,113374103,108,Released,Our time is up.,5.5,453
1800000,en,A Nightmare on Elm Street,38.204158,1984-11-14,25504513,91,Released,"If Nancy Doesn't Wake Up Screaming, She Won't Wake Up At All!",7.2,1180
33000000,en,The Cell,25.413955,2000-08-17,104155843,107,Released,Enter The Mind Of A Killer,6.0,436
0,en,The Man in the Iron Mask,28.98027,1998-03-12,0,132,Released,For the honor of a king. And the destiny of a country. All for one.,6.3,1018
35000000,en,Secretariat,9.525037,2010-08-20,60251371,123,Released,The Impossible True Story,6.8,103
34000000,en,TMNT,18.39217,2007-03-23,95608995,90,Released,,6.0,345
32000000,en,Radio,9.254647,2003-10-24,52277485,109,Released,His courage made them champions.,6.8,141
35000000,en,Friends with Benefits,40.526587,2011-07-21,150483765,109,Released,Some friends come with a happy ending.,6.5,2237
35000000,en,Neighbors 2: Sorority Rising,50.179171,2016-05-04,108758521,91,Released,New neighbors.,5.6,1462
35000000,en,Saving Mr. Banks,31.957947,2013-11-16,112544580,125,Released,"Where her book ended, their story began.",7.3,1226
34000000,en,Malcolm X,19.822791,1992-11-18,48169908,202,Released,,7.2,370
35000000,en,This Is 40,38.429648,2012-12-20,88058786,134,Released,The sort-of sequel to 'Knocked Up',5.6,896
35000000,en,Old Dogs,13.707843,2009-11-24,92219310,88,Released,Life is Not Child-Proof.,5.2,210
35000000,en,Underworld: Rise of the Lycans,51.927471,2009-01-22,91353501,92,Released,Every war has a beginning.,6.2,1428
35000000,en,License to Wed,14.503568,2007-07-04,69307224,91,Released,First came love... then came Reverend Frank.,5.2,253
0,en,The Benchwarmers,6.74556,2006-04-07,0,80,Released,Get off the bench and get into the game.,5.2,242
30000000,en,Must Love Dogs,11.120167,2005-07-21,58405313,98,Released,,5.8,140
35000000,en,Donnie Brasco,40.370442,1997-02-27,41954997,127,Released,Based on a true story.,7.4,1147
33000000,en,Resident Evil,40.715623,2002-03-15,102984862,100,Released,A secret experiment. A deadly virus. A fatal mistake.,6.4,2065
10700000,en,Poltergeist,36.230204,1982-06-04,122200000,114,Released,They're here.,7.0,794
0,en,The Ladykillers,23.666229,2004-03-25,0,104,Released,The greatest criminal minds of all time have finally met their match.,6.0,415
35000000,en,Max Payne,25.903237,2008-10-15,85416905,100,Released,When a Man Has Lost Everything. He Only has Revenge,5.2,613
40000000,en,In Time,60.231382,2011-10-27,173930596,109,Released,Time Is Power,6.7,3417
35000000,en,The Back-Up Plan,18.38292,2010-04-23,77477008,106,Released,"Fall in love, get married, have a baby. Not necessarily in that order.",5.7,458
35000000,en,Something Borrowed,14.029012,2011-05-05,59901913,112,Released,It's a thin line between love and friendship.,5.9,296
0,en,Black Knight,15.913783,2001-11-21,0,95,Released,It's only a flesh wound!,5.1,287
35000000,en,The Bad News Bears,6.889633,1976-04-07,35323292,102,Released,The coach is waiting for his next beer. The pitcher is waiting for her first bra. The team is waiting for a miracle. Consider the possibilities.,6.9,97
35000000,en,Street Fighter,19.286099,1994-12-22,99423521,102,Released,The fight to save the world is on!,4.1,325
35000000,en,The Pianist,50.587541,2002-09-24,120072577,150,Released,Music was his passion. Survival was his masterpiece.,8.0,1864
35000000,en,The Nativity Story,3.721272,2006-12-01,0,101,Released,Her child would change the world.,6.4,35
40000000,en,House of Wax,17.157738,2005-04-30,68766121,113,Released,Prey. Slay. Display,5.5,677
27000000,en,Closer,22.636908,2004-12-01,115505027,104,Released,"If you believe in love at first sight, you never stop looking.",6.7,811
35000000,en,J. Edgar,28.069419,2011-11-09,84606030,137,Released,The most powerful man in the world.,6.0,741
35000000,en,Mirrors,19.774543,2008-08-15,72436439,110,Released,There is evil...On the other side.,6.0,485
35000000,en,Queen of the Damned,11.644243,2002-02-10,45479110,101,Released,This time there are no interviews.,5.4,239
35000000,en,Predator 2,27.934978,1990-11-20,57120318,108,Released,Silent. Invisible. Invincible. He's in town with a few days to kill.,5.9,730
35000000,en,Untraceable,12.677505,2008-01-22,32483410,101,Released,A cyber killer has finally found the perfect accomplice: You.,5.9,238
35000000,en,Blast from the Past,8.737058,1999-02-12,40263020,112,Released,She'd never met anyone like him. He's never met anyone... Period.,6.3,245
35000000,en,Flash Gordon,12.343507,1980-09-01,27107960,111,Released,He'll save every one of us!,6.1,233
35000000,en,Jersey Girl,14.699342,2004-03-25,36098382,102,Released,He wanted it all...but he got more than he bargained for.,5.8,325
45000000,en,Alex Cross,14.513243,2012-10-18,30353232,101,Released,Don't Ever Cross Alex Cross,5.1,300
35000000,en,Midnight in the Garden of Good and Evil,5.525544,1997-11-21,25105255,155,Released,,6.3,157
8900000,en,Heist,15.079993,2015-11-13,4100000,93,Released,Never make a bet you can't afford to lose.,5.6,318
35000000,en,Nanny McPhee and the Big Bang,23.835055,2010-03-26,93246388,109,Released,You'll Believe That Pigs Can Fly!,6.0,436
35000000,en,Hoffa,5.926966,1992-12-25,0,140,Released,,6.1,81
30000000,en,The X Files: I Want to Believe,25.454549,2008-07-24,68369434,104,Released,"To find the truth, you must believe.",5.5,523
31000000,en,Ella Enchanted,22.71592,2004-04-09,27388767,96,Released,Get enchanted,5.9,437
35000000,en,Concussion,35.120736,2015-11-12,50363790,123,Released,Even Legends Need a Hero,7.0,823
35000000,en,Abduction,19.893646,2011-09-22,82087155,106,Released,They stole his life. He's taking it back.,5.6,961
35000000,en,Valiant,14.051852,2005-03-25,19478106,76,Released,"Some pigeons eat crumbs, others make history.",5.2,235
35000000,en,Wonder Boys,9.011729,2000-02-22,0,111,Released,Undependable. Unpredictable. Unforgettable.,6.9,161
35000000,en,Superhero Movie,19.088655,2008-03-27,25871834,85,Released,The greatest Superhero movie of all time! (not counting all the others),4.9,379
56000000,en,Broken City,29.490057,2013-01-18,19701164,109,Released,Proof Can Be a Powerful Weapon.,5.7,593
35000000,en,Cursed,11.195593,2005-02-25,19294901,97,Released,What doesn't kill you makes you stronger.,5.1,167
35000000,en,Premium Rush,17.709888,2012-08-24,31083599,91,Released,Ride Like Hell,6.2,832
35000000,en,Hot Pursuit,18.262017,2015-05-08,51680201,87,Released,Armed and Sort-of Dangerous.,5.4,647
35000000,en,The Four Feathers,10.10364,2002-09-08,29882645,132,Released,"Freedom. Country. Honor. Passion. To save his best friend, one man must risk everything he loves.",6.5,159
35000000,en,Parker,28.670477,2013-01-23,46216641,118,Released,"To get away clean, you have to play dirty.",5.7,1455
31000000,en,Wimbledon,16.736734,2004-09-13,41512007,98,Released,She's the golden girl. He's the longshot. It's a match made in...,6.0,293
35000000,en,Furry Vengeance,13.668633,2010-04-02,39340177,92,Released,He came. He saw. They conquered.,4.6,149
30000000,en,Bait,9.780588,2012-09-05,0,93,Released,Cleanup on aisle 7.,5.3,191
27000000,en,Krull,9.904881,1983-07-29,16519460,117,Released,A world light-years beyond your imagination.,5.8,129
35000000,en,Lions for Lambs,9.789027,2007-10-22,63215872,92,Released,"If you don't STAND for something, you might FALL for anything.",6.0,216
35000000,en,Flight of the Intruder,6.81729,1991-01-18,0,115,Released,The only thing they can count on is each other.,5.7,31
35000000,en,Walk Hard: The Dewey Cox Story,10.73522,2007-12-21,18317151,96,Released,Life made him tough. Love made him strong. Music made him hard.,6.6,212
0,en,The Shipping News,11.1399,2001-12-18,0,111,Released,You'll never guess what you'll find inside...,6.4,108
35000000,en,American Outlaws,6.727949,2001-08-17,13678913,94,Released,Sometimes the wrong side of the law is the right place to be.,5.7,55
35000000,en,The Young Victoria,16.343317,2009-03-04,27409889,105,Released,Love rules all.,7.0,322
40000000,en,Whiteout,14.818718,2009-09-09,12206028,101,Released,See Your Last Breath,5.3,220
32000000,en,The Tree of Life,43.862456,2011-05-18,54674226,139,Released,Nothing stands still.,6.5,987
33000000,en,Knock Off,2.706207,1998-09-04,0,91,Released,There is no substitute.,4.7,64
35000000,en,Sabotage,27.903999,2014-03-28,17508518,110,Released,Leave no loose ends,5.5,555
35000000,en,The Order,3.746806,2003-09-05,11560806,102,Released,Every soul has its price.,4.8,91
20500000,en,Punisher: War Zone,17.112498,2008-12-05,10089373,102,Released,Vengeance has a name,5.6,294
35000000,en,Zoom,10.304172,2006-08-11,12506188,83,Released,They're going to save the world... as long as they're home for dinner.,4.9,135
35000000,en,The Walk,37.335721,2015-09-30,61181942,123,Released,Dream High.,6.9,1121
0,en,Warriors of Virtue,0.912395,1997-05-02,0,103,Released,In a world beyond your imagination a battle for the universe has begun.,4.7,9
35000000,en,A Good Year,16.782471,2006-09-09,42064105,118,Released,Everything matures... eventually.,6.5,357
35000000,en,Radio Flyer,3.503408,1992-02-21,4651977,114,Released,Powered by imagination.,6.6,53
35000000,en,Bound by Honor,9.122828,1993-02-05,0,180,Released,An epic story of three brothers. Bound by blood. Divided by fate. Driven by destiny.,7.7,115
35000000,en,Smilla's Sense of Snow,5.419181,1997-02-13,0,121,Released,Some Tracks Should Never Be Uncovered.,6.6,60
35000000,en,Femme Fatale,9.07278,2002-11-06,16838910,114,Released,Nothing is more desirable or more deadly than a woman with a secret.,6.2,142
35000000,en,Lion of the Desert,2.864979,1981-04-17,0,173,Released,He was a man of honor in a war without any.,7.4,34
35000000,en,Le Hussard sur le toit,2.877488,1995-09-20,15000000,135,Released,,6.7,25
38000000,en,Ride with the Devil,5.516207,1999-11-24,635096,138,Released,"In a No-man's Land between North and South, You didn't fight for the Blue or the Grey... You fought for your friends and family.",6.6,49
0,es,Biutiful,13.930763,2010-10-20,25147786,148,Released,"You don't choose your family. We all belong to somebody, but to belong to Uxbal and Marambra, is both a blessing and a curse.",7.0,291
35000000,es,Bandidas,20.27704,2006-01-18,10496317,93,Released,Being BAD never looked so GOOD!,5.8,307
0,en,Black Water Transit,0.126738,2009-05-13,0,100,Released,,0.0,0
34000000,en,The Maze Runner,131.815575,2014-09-10,348319861,113,Released,Run - Remember - Survive,7.0,5371
35000000,en,Unfinished Business,16.832312,2015-03-05,14431253,91,Released,Best business trip ever.,5.0,320
34000000,en,The Age of Innocence,9.133747,1993-09-17,32255440,139,Released,In a world of tradition. In an age of innocence. They dared to break the rules.,7.0,169
35000000,en,The Fountain,24.606012,2006-09-06,15304890,96,Released,Death is the road to awe,6.8,827
70000000,en,Chill Factor,3.276912,1999-09-01,11263966,101,Released,"This Fall, Action is served on the rocks, with a twist.",5.3,29
35000000,en,Stolen,16.830184,2012-05-17,2106557,96,Released,Never steal from the world's greatest thief.,5.1,344
41677699,ja,崖の上のポニョ,39.58676,2008-07-19,187479518,100,Released,Welcome To A World Where Anything Is Possible.,7.5,926
34000000,en,The Longest Ride,41.946523,2015-04-09,63013281,128,Released,Two couples. Two love stories. One epic tale.,7.3,1064
75000000,en,The Astronaut's Wife,20.697556,1999-08-26,19598588,109,Released,How well do you know the one you love?,5.4,254
34000000,en,I Dreamed of Africa,1.656695,2000-05-05,0,114,Released,Sometimes the adventure of a lifetime becomes life itself.,5.3,18
35000000,en,Playing for Keeps,17.932561,2012-11-29,0,106,Released,,5.4,240
35000000,en,Mandela: Long Walk to Freedom,15.50957,2013-12-06,27330000,141,Released,It is an ideal for which I am prepared to die.,6.5,224
32000000,en,Reds,4.602185,1981-12-25,40382659,195,Released,Not since Gone With The Wind has there been a great romantic epic like it!,7.1,67
40000000,en,A Few Good Men,40.379966,1992-12-11,243240178,138,Released,,7.1,877
50000000,en,Exit Wounds,12.601306,2001-03-13,79958599,101,Released,This Is Gonna Hurt,5.3,110
30000000,en,Big Momma's House,24.389194,2000-05-31,173959438,98,Released,This FBI agent is going undercover... and he's concealing more than a weapon.,5.6,506
34000000,en,The House of Magic,12.867326,2013-12-24,0,85,Released,One lost little cat. One magical adventure.,6.3,121
30000000,en,The Darkest Hour,23.328823,2011-12-22,64626786,89,Released,Survive The Holidays,4.8,469
33000000,en,Step Up Revolution,29.775441,2012-07-26,140470746,99,Released,One Step Can Change Your World,6.7,663
33000000,en,Snakes on a Plane,19.642328,2006-08-06,62022014,105,Released,"At 30,000 feet, snakes aren't the deadliest thing on this plane.",5.1,497
33000000,en,The Watcher,7.339908,2000-09-08,0,96,Released,Don't go home alone.,4.9,110
33000000,en,The Punisher,35.099611,2004-04-15,54700105,124,Released,"There is no justice, there is only revenge.",6.1,766
30000000,en,Goal!: The Dream Begins,16.541791,2005-06-06,27610873,118,Released,Every Dream Has A Beginning,6.6,238
30000000,en,Safe,31.92695,2012-04-16,40346186,94,Released,She has the code. He is the key.,6.3,799
33000000,en,Pushing Tin,9.060642,1999-04-23,0,124,Released,A comedy about losing control,5.7,116
32350000,en,Return of the Jedi,46.509071,1983-05-23,572700000,135,Released,The Empire Falls...,7.9,4665
30000000,en,Doomsday,21.538222,2008-03-14,22211426,108,Released,Mankind has an expiration date.,5.8,363
32000000,en,The Reader,33.923786,2008-12-10,113019290,124,Released,Behind the mystery lies a truth that will make you question everything you know.,7.2,813
35000000,en,Wanderlust,20.908494,2012-02-23,24159934,98,Released,Leave your baggage behind,5.3,394
32000000,en,Elf,16.901954,2003-10-09,173398518,97,Released,"This holiday, discover your inner elf.",6.4,987
32000000,en,Phenomenon,15.039407,1996-07-05,152036382,123,Released,Some things in life just can't be explained.,6.2,323
33000000,en,Snow Dogs,13.655735,2002-01-18,0,99,Released,Get ready for mush hour!,5.3,185
0,en,Scrooged,21.620317,1988-11-22,60328000,101,Released,The spirits will move you in odd and hysterical ways.,6.7,390
32000000,en,Nacho Libre,14.642055,2006-06-16,80197993,92,Released,He's not lean. He's not mean. He's nacho average hero.,5.6,359
32500000,en,Bridesmaids,17.107065,2011-04-28,288383523,125,Released,Save the date,6.5,1661
32000000,en,This Is the End,38.21708,2013-06-12,126041322,107,Released,Nothing ruins a party like the end of the world.,6.3,2359
29000000,en,Stigmata,14.993169,1999-09-10,50041732,103,Released,The messenger must be silenced.,6.0,242
32000000,en,Men of Honor,24.147269,2000-09-13,48814909,129,Released,History is made by those who break the rules.,7.0,544
32000000,en,Takers,18.47242,2010-08-26,69055695,107,Released,Who's Taking Who?,6.0,394
35000000,en,The Big Wedding,18.84332,2013-04-25,21819348,90,Released,It's never too late to start acting like a family,5.7,414
32000000,en,"Big Mommas: Like Father, Like Son",15.901137,2011-02-16,83615414,107,Released,Momma's got back-up.,5.3,313
32000000,en,Source Code,59.19888,2011-03-30,147332697,93,Released,Make Every Second Count,7.1,2699
32000000,en,Alive,14.48851,1993-01-15,36733909,120,Released,They survived the impossible...by doing the unthinkable.,6.7,374
30000000,en,The Number 23,23.197408,2007-02-23,77566815,101,Released,First it takes hold of your mind...then it takes hold of your life.,6.3,1018
33000000,en,The Young and Prodigious T.S. Spivet,10.651202,2013-10-16,9494789,105,Released,,6.7,232
35000000,en,1941,10.032626,1979-12-13,31755742,113,Released,Paranoia meets pandemonium.,5.6,143
0,en,Dreamer: Inspired By a True Story,6.048743,2005-09-10,0,106,Released,,6.3,67
32000000,en,A History of Violence,34.628738,2005-09-23,60740827,96,Released,Tom Stall had the perfect life... until he became a hero.,6.9,832
32000000,en,Transporter 2,47.5612,2005-08-02,85167639,87,Released,The Best In The Business Is Back In The Game.,6.2,1061
32000000,en,The Quick and the Dead,16.473355,1995-02-09,18552460,107,Released,Think you are quick enough?,6.3,427
28000000,en,Laws of Attraction,6.201404,2004-04-04,30016165,90,Released,Love always has the last word.,5.6,104
32000000,en,Bringing Out the Dead,15.560918,1999-10-22,0,121,Released,,6.6,225
32000000,en,Repo Men,25.799697,2010-03-18,18409891,111,Released,"For a price, any organ in your body can be replaced. But it can also be repossessed.",6.2,620
70000000,ko,디워,4.822033,2007-02-08,53587404,90,Released,They've made our world their battleground,4.0,104
32000000,en,Bogus,3.379454,1996-09-06,0,110,Released,"A comedy about losing your heart, finding your inner child and meeting the one friend you've always tried to avoid.",5.4,44
30000000,en,The Incredible Burt Wonderstone,26.9385,2013-03-14,27437881,100,Released,Abracatastic!,5.3,724
32000000,en,Cats Don't Dance,4.098444,1997-03-26,3566637,75,Released,It's a Jungle Out There!,7.1,24
0,en,Cradle Will Rock,4.901553,1999-12-10,0,132,Released,,7.2,18
32000000,en,The Good German,5.347936,2006-12-08,5914908,108,Released,"If war is Hell, then what comes after?",5.9,86
32000000,en,George and the Dragon,4.120549,2004-03-28,0,93,Released,,5.0,13
31500000,en,Apocalypse Now,49.973462,1979-08-15,89460381,153,Released,This is the end...,8.0,2055
32000000,en,Going the Distance,13.611544,2010-09-01,42045846,102,Released,A comedy about meeting each other halfway.,6.0,262
0,en,Mr. Holland's Opus,6.775294,1995-12-29,106269971,137,Released,"Of All the Lives He Changed, the One That Changed the Most Was His Own.",6.9,113
31500000,en,Criminal,27.891012,2016-04-14,14708696,113,Released,,5.7,557
31000000,en,Out of Africa,13.864975,1985-12-20,128499205,161,Released,Based on a true story.,7.0,279
31000000,en,Flight,42.213765,2012-11-02,161772375,138,Released,,6.5,2415
34000000,en,Moonraker,29.887404,1979-06-26,210308099,126,Released,Outer space now belongs to 007.,5.9,541
30000000,en,The Grand Budapest Hotel,74.417456,2014-02-26,174600318,99,Released,A perfect holiday without leaving home.,8.0,4519
31000000,en,Hearts in Atlantis,7.06762,2001-09-07,24185781,101,Released,What if one of life's great mysteries moved in upstairs?,6.4,131
31000000,en,Arachnophobia,15.895661,1990-08-09,53208180,103,Released,"Eight legs, two fangs, and an attitude.",6.2,433
31000000,en,Frequency,19.258041,2000-04-28,68106245,118,Released,The future is listening.,7.0,462
31000000,en,Vacation,47.753598,2015-07-28,104384188,99,Released,What could go wrong?,6.2,1195
30250000,en,Get Shorty,15.585138,1995-10-20,115101622,105,Released,"The mob is tough, but it’s nothing like show business.",6.4,302
45000000,en,Chicago,32.217425,2002-12-26,306776732,113,Released,"If You Can't Be Famous, Be Infamous",6.9,677
34200000,en,Big Daddy,34.86859,1999-06-25,234801895,93,Released,Nature called. Look who answered.,6.1,875
30000000,en,American Pie 2,36.432598,2001-08-10,287553595,108,Released,This Summer It's All About Sticking Together.,6.0,1344
30000000,en,Toy Story,73.640445,1995-10-30,373554033,81,Released,,7.7,5269
30000000,en,Speed,49.526736,1994-06-09,350448145,116,Released,Get ready for rush hour,6.8,1783
30000000,en,The Vow,26.780961,2012-02-05,196114570,104,Released,,7.0,1293
31000000,en,Extraordinary Measures,6.487344,2010-01-21,15134293,105,Released,Don't hope for a miracle. Make one.,6.0,89
30000000,en,Remember the Titans,25.996219,2000-09-29,136706683,113,Released,History is written by the winners.,7.4,821
30000000,en,The Hunt for Red October,46.212155,1990-03-02,199200000,134,Released,Invisible. Silent. Stolen.,7.2,957
25000000,en,The Butler,32.105328,2013-08-16,115922175,132,Released,One quiet voice can ignite a revolution.,7.2,1101
20000000,en,DodgeBall: A True Underdog Story,41.156217,2004-06-18,167722310,92,Released,Grab Life By The Ball,6.2,981
30000000,en,The Addams Family,37.179547,1991-11-22,191502426,99,Released,Weird Is Relative,6.7,848
30000000,en,Ace Ventura: When Nature Calls,34.391792,1995-11-10,212385533,90,Released,New animals. New adventures. Same hair.,6.1,1099
37000000,en,The Princess Diaries,40.176265,2001-08-03,165335153,115,Released,She rocks. She rules. She reigns.,6.5,1023
26000000,en,The First Wives Club,10.704596,1996-09-20,116400000,102,Released,Don't get mad. Get everything.,6.5,166
33000000,en,Se7en,79.579532,1995-09-22,327311859,127,Released,Seven deadly sins. Seven ways to die.,8.1,5765
30000000,en,District 9,63.13678,2009-08-05,210819611,112,Released,You are not welcome here.,7.3,3382
30000000,en,The SpongeBob SquarePants Movie,27.870755,2004-11-14,140161792,87,Released,Bigger. Better. More absorbent.,6.7,574
25000000,en,Mystic River,31.242999,2003-10-07,156822020,138,Released,"We bury our sins, we wash them clean.",7.6,1422
30000000,en,Million Dollar Baby,70.456012,2004-12-15,216763646,132,Released,"Beyond his silence, there is a past. Beyond her dreams, there is a feeling. Beyond hope, there is a memory. Beyond their journey, there is a love.",7.7,2439
80000000,en,Analyze This,29.415229,1999-03-05,176885658,103,Released,New York's most powerful gangster is about to get in touch with his feelings. YOU try telling him his 50 minutes are up.,6.4,503
29000000,en,The Notebook,55.109138,2004-06-25,115603229,123,Released,Behind every great love is a great story.,7.7,3067
30000000,en,27 Dresses,30.695228,2008-01-10,160259319,111,Released,She's about to find the perfect fit.,6.1,978
35000000,en,Hannah Montana: The Movie,13.788422,2009-04-10,155545279,102,Released,She has the best of both worlds...now she has to choose just one.,6.0,449
30,it,Rugrats in Paris: The Movie,4.590277,2000-09-14,103,78,Released,Ooo la la! Paris will never be the same!,6.0,100
30000000,en,The Prince of Tides,3.845231,1991-12-25,74787599,132,Released,"A story about the memories that haunt us, and the truth that sets us free.",5.9,56
30000000,en,Legends of the Fall,26.952727,1994-12-16,160638883,133,Released,After the Fall from Innocence the Legend begins.,7.2,619
25000000,en,Up in the Air,33.704181,2009-09-05,163670000,109,Released,The story of a man ready to make a connection.,6.7,1205
30000000,en,About Schmidt,19.925026,2002-12-13,105834556,125,Released,Schmidt Happens,6.7,362
35000000,en,Warm Bodies,43.742241,2013-01-31,116980662,97,Released,Cold body. Warm heart.,6.4,2652
30000000,en,Looper,46.377628,2012-09-26,47042000,118,Released,"Hunted By Your Future, Haunted By Your Past",6.6,4697
0,en,Down to Earth,9.166658,2001-02-16,0,87,Released,,4.9,95
30000000,en,Babe,34.36645,1995-07-18,254134910,89,Released,A little pig goes a long way.,6.0,733
30000000,en,Hope Springs,12.967137,2012-08-07,114281051,100,Released,"Sometimes to keep the magic, you need to learn a few tricks.",5.8,284
30000000,en,Forgetting Sarah Marshall,50.670253,2008-04-17,105173115,111,Released,"You lose some, you get some.",6.4,1172
45000000,en,Four Brothers,24.694551,2005-08-11,92374674,109,Released,They came home to bury mom... and her killer,6.7,607
30000000,en,Baby Mama,11.409124,2008-04-23,63833449,99,Released,Would you put your eggs...in this basket?,5.8,205
0,en,Hope Floats,7.922716,1998-05-29,0,114,Released,"When life fell apart, love fell into place.",5.8,81
30000000,en,Bride Wars,33.385429,2009-01-09,114663461,89,Released,May the best bride win,5.9,856
19000000,en,Without a Paddle,8.584398,2004-08-20,69631118,95,Released,"The call of the wild, the thrill of adventure. The mistake of a lifetime.",5.3,214
37000000,en,13 Going on 30,41.569541,2004-04-13,96455697,98,Released,"For some, 13 feels like it was just yesterday. For Jenna, it was.",6.3,1204
30000000,en,Midnight in Paris,43.753585,2011-05-11,151119219,94,Released,,7.4,1990
0,en,The Nut Job,18.568021,2014-01-17,0,85,Released,Let's Get Nuts!,5.5,319
53000000,en,Blow,28.350529,2001-04-04,83282296,124,Released,Based on a True Story.,7.4,1317
80000000,en,Message in a Bottle,10.81051,1999-02-22,118880016,131,Released,A story of love lost and found.,5.8,196
30000000,en,Star Trek V: The Final Frontier,19.578249,1989-06-09,70200000,107,Released,Adventure and imagination will meet at the final frontier.,5.6,376
30000000,en,Like Mike,5.73667,2002-07-03,0,99,Released,"Think like Mike, Achieve like Mike, Be Like Mike.",5.7,100
30000000,en,The Naked Gun 33⅓: The Final Insult,28.624038,1994-03-18,51132598,83,Released,"A Mad Bomber is on the Loose, and If Anyone Can Stop Him....So Can Frank!",6.3,521
30000000,en,A View to a Kill,27.230493,1985-05-24,152427960,131,Released,Has James Bond finally met his match?,6.0,506
30000000,en,The Curse of the Were-Rabbit,30.380747,2005-09-04,192452832,85,Released,Something bunny is going on...,6.8,643
30000000,en,P.S. I Love You,29.489274,2007-11-15,156835339,126,Released,"His life ended. Now, a new one will begin.",6.9,977
30000000,en,Racing Stripes,8.058109,2005-01-06,93772522,102,Released,Cheer 'til you're horse!,5.1,123
30000000,en,Atonement,33.369305,2007-08-29,129266061,123,Released,Torn apart by betrayal. Separated by war. Bound by love.,7.4,1049
30000000,en,Letters to Juliet,16.52083,2010-05-14,0,105,Released,What if you had a second chance to find true love?,6.6,796
30000000,en,Black Rain,11.19602,1989-09-22,45892212,125,Released,Their country. Their laws. Their game. His rules.,6.2,243
30000000,en,The Three Stooges,14.585968,2012-04-13,54819301,92,Released,Just Say Moe.,4.9,140
40000000,en,Corpse Bride,43.571612,2005-09-09,117195061,77,Released,There's been a grave misunderstanding.,7.2,1894
0,en,Glory Road,8.305085,2006-01-13,42647449,118,Released,The incredible story of the team that changed the game forever.,7.2,144
30000000,en,Sicario,55.424027,2015-09-17,84025816,121,Released,The border is just another line to cross.,7.2,2416
30000000,en,Southpaw,65.364452,2015-06-15,91709827,123,Released,Believe in Hope.,7.3,2067
30000000,en,Drag Me to Hell,45.083509,2009-03-15,90810892,99,Released,"Christine Brown has a good job, a great boyfriend, and a bright future. But in three days, she's going to hell.",6.2,966
25000000,en,The Age of Adaline,82.052056,2015-04-16,65663276,112,Released,Love is timeless.,7.4,1990
0,en,Secondhand Lions,15.011624,2003-09-19,0,111,Released,,6.9,260
30000000,en,Step Up 3D,25.060342,2010-08-04,159291809,107,Released,Two Worlds. One Dream.,6.6,582
25000000,en,Blue Crush,11.42943,2002-08-08,51842679,104,Released,"Three Friends, One Passion, No Limits.",5.6,159
30000000,en,Stranger Than Fiction,32.26789,2006-09-09,53653224,113,Released,Harold Crick isn't ready to go. Period.,7.1,721
30000000,en,30 Days of Night,33.394082,2007-10-17,75505973,113,Released,They're Coming!,6.2,767
30000000,en,The Cabin in the Woods,73.987775,2012-04-12,66486080,95,Released,If you hear a strange sound outside... have sex,6.5,2263
30000000,en,Meet the Spartans,10.608998,2008-01-24,84646831,84,Released,"The Bigger the Hit, The Harder They Fall",3.7,359
30000000,en,Midnight Run,12.821329,1988-07-20,38413606,126,Released,This could be the beginning of a beautiful friendship.,7.2,238
27000000,en,The Running Man,30.131498,1987-11-13,38122105,101,Released,A game nobody survives. But Schwarzenegger has yet to play.,6.4,703
25000000,en,Little Shop of Horrors,12.113235,1986-12-19,38748395,94,Released,Don't feed the plants.,6.6,384
30000000,en,Hanna,31.191975,2011-04-07,63782078,111,Released,Adapt or die.,6.5,1263
30000000,en,Mortal Kombat: Annihilation,11.916389,1997-11-21,51376861,95,Released,"The world was created in six days, so too shall it be destroyed and on the seventh day mankind will rest... in peace",3.8,221
30000000,en,Larry Crowne,20.355458,2011-06-30,36160375,98,Released,Rediscover life and love,5.7,359
30000000,en,Carrie,63.848541,2013-10-16,82394288,100,Released,Know her name. Fear her power.,5.8,1463
30000000,en,Take the Lead,8.999675,2006-03-17,34742066,108,Released,Never Follow,6.6,162
30000000,en,Gridiron Gang,9.278361,2006-09-15,41480851,125,Released,One goal. A second chance.,6.5,206
45000000,en,What's the Worst That Could Happen?,7.185212,2001-05-31,0,94,Released,It takes a thief to nail a crook.,5.1,66
30000000,en,9,55.806402,2009-08-19,48428063,79,Released,When our world ended their mission began.,6.6,1262
30000000,en,Side Effects,48.237797,2013-02-07,63372757,106,Released,One pill can change your life.,6.4,1323
0,en,The Prince & Me,17.943945,2004-03-28,0,111,Released,Finding your inner princess can be such a royal pain.,5.9,278
30000000,en,Winnie the Pooh,19.143721,2011-04-13,14460000,63,Released,Oh Pooh.,6.8,258
19000000,en,Dumb and Dumberer: When Harry Met Lloyd,15.67747,2003-06-13,39267515,85,Released,The evolution of dumb...,4.1,210
30000000,en,Bulworth,4.52363,1998-05-15,29202884,108,Released,Brace yourself. This politician is about to tell the truth!,6.3,66
0,en,Get on Up,13.064264,2014-08-01,31911598,139,Released,The Funk Don't Quit,6.4,158
0,en,One True Thing,2.644427,1998-09-18,0,127,Released,Love What You Have.,6.2,27
30000000,en,Virtuosity,5.301589,1995-08-04,24048000,106,Released,Justice needs a new program.,5.4,163
0,en,My Super Ex-Girlfriend,20.252143,2006-06-20,60896147,95,Released,Hell hath no fury like a superwoman scorned.,4.8,442
30000000,en,Deliver Us from Evil,29.359201,2014-07-01,0,118,Released,,5.9,690
30000000,en,Sanctum,20.063165,2011-02-03,108609310,108,Released,The only way out is down.,5.8,339
35000000,en,Little Black Book,6.246199,2004-08-06,22034832,111,Released,Have you ever been tempted to look inside his...,5.2,112
30000000,en,The Five-Year Engagement,27.71063,2012-04-27,53909751,124,Released,A comedy about the journey between popping the question and tying the knot.,5.7,457
30000000,en,Mr. 3000,2.850896,2004-06-15,21800302,104,Released,Big league. Big mouth. Big time.,5.0,66
30000000,en,The Next Three Days,34.421696,2010-11-18,51148651,133,Released,What if you had 72 hours to save everything you live for?,6.9,905
30000000,en,Ultraviolet,15.89534,2006-03-03,31070211,87,Released,The blood war is on.,4.8,458
30000000,en,Assault on Precinct 13,18.706504,2005-01-19,35294470,109,Released,Unite and fight.,6.0,311
30000000,en,The Replacement Killers,9.607391,1998-02-06,19204929,87,Released,Kill or be replaced.,6.0,127
25000000,en,Fled,2.77255,1996-07-19,17193231,98,Released,See how they run.,5.2,47
0,en,Eight Legged Freaks,17.834976,2002-07-17,0,99,Released,Do you hate spiders? Do you really hate spiders? Well they don't like you either.,5.4,295
30000000,en,Love & Other Drugs,20.236951,2010-11-22,102820008,112,Released,Addicted to one-night stands or dependent on one another?,6.6,1233
30000000,en,88 Minutes,16.883429,2007-02-14,16930884,108,Released,He has 88 minutes to solve a murder. His own.,5.7,313
35000000,en,North Country,12.779201,2005-02-12,25224242,126,Released,All She Wanted Was To Make A Living. Instead She Made History.,6.8,125
40000000,en,The Whole Ten Yards,14.729386,2004-04-07,26155781,98,Released,"They missed each other. This time, their aim is better.",5.5,278
26000000,en,Splice,23.227877,2009-10-06,0,104,Released,Science's newest miracle...is a mistake.,5.5,671
37000000,en,Howard the Duck,11.374306,1986-08-01,37962774,110,Released,You will believe that a duck can talk.,5.1,221
30000000,en,Pride and Glory,10.703602,2008-09-09,31148328,130,Released,Truth. Honor. Loyalty. Family. What are you willing to sacrifice?,6.3,240
30000000,en,The Cave,10.756266,2005-08-25,15007991,97,Released,There are places man was never meant to go.,5.1,202
30000000,en,Alex & Emma,4.352422,2003-06-16,15368897,96,Released,Is it love... or are they just imagining things?,5.0,68
30000000,en,Wicker Park,9.301562,2004-09-03,13001257,114,Released,Passion never dies.,6.7,157
17000000,en,Fright Night,18.27083,2011-08-18,24922237,106,Released,You can't run from evil when it lives next door.,6.0,603
30000000,en,The New World,19.106154,2005-12-25,30536013,135,Released,"Once discovered, it was changed forever.",6.4,330
30000000,en,Wing Commander,5.259585,1999-03-11,0,100,Released,An action packed thrill ride!,4.0,72
0,en,In Dreams,3.226243,1999-01-15,0,100,Released,You don't have to sleep to dream,5.4,44
100000000,en,Dragonball Evolution,21.677732,2009-04-01,0,85,Released,The legend comes to life.,2.9,462
30000000,en,The Last Stand,43.882857,2013-01-12,0,107,Released,Not in his town. Not on his watch.,5.7,1266
25000000,en,Godsend,12.10235,2004-04-30,30114487,102,Released,"When a miracle becomes a nightmare, evil is born.",4.7,114
23000000,en,Chasing Liberty,3.362045,2004-01-09,12,111,Released,How do you fall in love with the whole world watching?,6.1,152
30000000,en,Hoodwinked Too! Hood VS. Evil,10.694417,2011-04-29,13521829,86,Released,Not All Fairy Tales Go By the Book.,4.8,131
30000000,en,An Unfinished Life,6.353971,2005-09-09,18618284,108,Released,Every secret takes on a life of its own.,6.7,161
30000000,en,The Imaginarium of Doctor Parnassus,37.181019,2009-10-01,64352607,123,Released,,6.3,869
30000000,en,Barney's Version,4.952735,2010-10-26,8454301,134,Released,First he got married. Then he got married again. Then he met the love of his life.,7.2,129
30000000,en,Runner Runner,22.975918,2013-09-24,62616646,91,Released,The house always wins.,5.5,543
30000000,en,Antitrust,8.359599,2001-01-12,18195610,108,Released,Truth can be dangerous...Trust can be deadly.,5.8,153
18000000,en,Glory,16.102271,1989-12-15,26828365,122,Released,Their innocence. Their heritage. Their lives.,7.4,383
30000000,en,Once Upon a Time in America,49.336397,1984-02-16,0,229,Released,"Crime, passion and lust for power - Sergio Leone's explosive saga of gangland America.",8.2,1069
0,en,Dead Man Down,29.647844,2013-03-08,18074539,118,Released,Blood demands blood,5.9,638
0,en,The Merchant of Venice,12.467267,2004-09-03,0,138,Released,,6.7,144
0,en,The Good Thief,2.774811,2003-04-03,0,108,Released,He doesn't want money. He wants what money can't buy.,6.0,31
0,en,Supercross,3.71305,2005-08-16,3102550,80,Released,,5.4,29
30000000,en,Miss Potter,8.386432,2006-12-03,35078241,92,Released,The life of Beatrix Potter is the most enchanting tale of all.,6.3,141
0,zh,Wu Ji,3.866026,2005-12-15,0,98,Released,the promise,5.0,29
21000000,en,DOA: Dead or Alive,12.790408,2006-09-07,480314,87,Released,"They're the ultimate fighters. They've got the looks. They've got the moves, and the men fall at their feet.",5.0,205
30000000,en,The Assassination of Jesse James by the Coward Robert Ford,35.53352,2007-09-02,14711793,160,Released,Beyond the myth lies America's greatest betrayal,7.0,776
30000000,zh,辛亥革命,4.065212,2011-07-03,108348,125,Released,Fall of the Last Empire,5.0,41
0,fr,Le petit Nicolas,20.362025,2009-09-30,0,91,Released,,5.9,306
30000000,en,Wild Card,48.0343,2015-01-14,0,92,Released,Never bet against a man with a killer hand.,5.4,656
30000000,en,Machine Gun Preacher,13.268936,2011-09-23,2527904,129,Released,Hope is the greatest weapon of all,6.4,286
0,de,Konferenz der Tiere,8.010046,2010-10-07,0,93,Released,,5.5,90
30000000,en,Goodbye Bafana,12.257654,2007-02-11,0,140,Released,,7.0,38
27000000,en,United Passions,6.036684,2014-06-19,0,110,Released,Every dream has it's own rules,3.0,16
30000000,en,Grace of Monaco,10.958697,2014-05-14,0,103,Released,,5.8,195
30000000,ru,Савва. Сердце воина,2.625594,2015-11-12,0,85,Released,You need only wish with all of your heart!,6.4,7
30000000,en,Ripley's Game,2.981047,2002-09-02,0,110,Released,,6.6,69
19000000,en,Sausage Party,66.242737,2016-07-11,140752617,83,Released,Always use condiments,5.6,2238
29000000,en,Pitch Perfect 2,71.496894,2015-05-07,287506194,115,Released,We're back pitches,6.8,1940
28000000,en,Walk the Line,35.580032,2005-09-13,186438883,136,Released,Love is a burning thing.,7.3,718
30000000,en,Keeping the Faith,8.085872,2000-04-14,37036004,127,Released,"If you have to believe in something, you may as well believe in love.",5.9,159
29000000,en,The Borrowers,10.364582,1997-12-05,0,86,Released,Little People. Big Trouble. Lots of fun.,5.8,135
0,en,Frost/Nixon,16.87784,2008-10-15,0,122,Released,400 million people were waiting for the truth.,7.2,328
30000000,en,Confessions of a Dangerous Mind,18.165957,2002-12-30,33013805,113,Released,Some things are better left top secret.,6.6,275
29000000,en,Serving Sara,8.93941,2002-08-20,16930185,100,Released,The One Thing That Could Bring Them Together Is Revenge.,5.0,85
29000000,en,The Boss,20.55509,2016-04-07,78636257,91,Released,Watch your assets,5.5,431
0,en,Cry Freedom,3.735723,1987-11-05,0,157,Released,,6.9,51
0,en,Mumford,4.310168,1999-09-24,0,112,Released,Some towns have all the fun.,6.3,26
12000000,en,Seed of Chucky,12.653831,2004-11-11,24829644,87,Released,Fear The Second Coming,4.9,287
29000000,en,The Jacket,24.240361,2005-03-04,21126225,103,Released,Terror has a new name.,6.8,455
28000000,en,Aladdin,92.982009,1992-11-25,504050219,90,Released,Wish granted!,7.4,3416
28000000,en,Straight Outta Compton,61.76233,2015-08-13,201634991,147,Released,The Story of N.W.A.,7.7,1355
28000000,en,Indiana Jones and the Temple of Doom,66.976776,1984-05-23,333000000,118,Released,If adventure has a name... it must be Indiana Jones.,7.1,2781
30000000,en,The Rugrats Movie,7.981116,1998-11-20,100491683,79,Released,,5.7,147
60000000,en,Along Came a Spider,21.252797,2001-04-06,105178561,104,Released,The game is far from over.,6.1,400
29000000,en,Florence Foster Jenkins,19.237254,2016-05-06,48902953,110,Released,"People may say I couldn't sing, but no one can say I didn't sing",6.6,392
29000000,en,Once Upon a Time in Mexico,27.555646,2003-09-11,98185582,102,Released,The Time Has Come.,6.2,594
28000000,en,Die Hard,66.169628,1988-07-15,140767956,131,Released,40 Stories. Twelve Terrorists. One Cop.,7.5,3948
28000000,en,Role Models,24.917665,2008-02-03,92380927,99,Released,They're about to get more than they plea-bargained for.,6.4,564
28000000,en,The Big Short,57.518472,2015-12-11,133346506,130,Released,This is a true story.,7.3,2607
0,en,Taking Woodstock,11.870161,2009-09-03,0,120,Released,A Generation Began In His Backyard.,6.2,127
28000000,en,Miracle,7.534003,2004-02-06,64445708,135,Released,"If you believe in yourself, anything can happen.",7.0,159
28000000,en,Dawn of the Dead,44.529429,2004-03-19,102356381,101,Released,"When the undead rise, civilization will fall.",6.8,1016
35000000,en,The Wedding Planner,14.949395,2001-01-26,94728529,103,Released,His big day is her big problem.,5.5,427
30000000,ja,キャプテンハーロック,14.726338,2013-09-07,17137302,115,Released,,6.5,356
21000000,en,The Royal Tenenbaums,24.13081,2001-10-05,71441250,110,Released,"Family isn’t a word, it’s a sentence.",7.4,1286
30000000,en,Identity,45.915165,2003-04-25,90259536,90,Released,The secret lies within.,7.1,1061
28000000,en,Last Vegas,28.043508,2013-10-31,134402450,105,Released,It's going to be legendary,6.4,799
28000000,en,For Your Eyes Only,26.090746,1981-06-23,195312802,127,Released,"No one comes close to James Bond, 007.",6.3,490
28000000,en,Serendipity,14.530803,2001-10-05,77516304,90,Released,Sometimes True Love Can Have More Than One Face.,6.6,521
27000000,en,Timecop,13.308127,1994-09-15,101646581,99,Released,They killed his wife ten years ago. There's still time to save her. Murder is forever... until now.,5.5,282
28000000,en,Zoolander,38.0958,2001-09-28,60780981,89,Released,3% Body Fat. 1% Brain Activity.,6.1,1337
28000000,en,Safe Haven,37.729059,2013-02-07,97594140,115,Released,You know it when you find it,6.9,823
28000000,en,Hocus Pocus,18.650748,1993-07-16,39514713,96,Released,It's just a bunch of Hocus Pocus.,6.4,471
28000000,en,No Reservations,15.794946,2007-07-25,92601050,104,Released,Life isn't always made to order.,6.1,327
28000000,en,Kick-Ass,45.054936,2010-03-22,96188903,117,Released,Shut up. Kick ass.,7.1,4645
28000000,en,30 Minutes or Less,25.039383,2011-08-11,40547440,83,Released,A lot can happen in 30 minutes.,5.6,531
28000000,en,Dracula 2000,6.756771,2000-12-22,33000337,99,Released,The Most Seductive Evil of All Time Has Now Been Unleashed in Ours.,4.6,148
28000000,en,"Alexander and the Terrible, Horrible, No Good, Very Bad Day",22.14595,2014-10-08,100654149,81,Released,One day can change everything.,6.1,493
28000000,en,Pride & Prejudice,36.58383,2005-09-16,121147947,135,Released,A romance ahead of its time.,7.7,1358
28000000,en,Blade Runner,94.056131,1982-06-25,33139618,117,Released,Man has made his match... now it's his problem.,7.9,3509
28000000,en,Rob Roy,10.703456,1995-04-13,31596911,139,Released,Honor made him a man. Courage made him a hero. History made him a legend.,6.5,148
28000000,en,3 Days to Kill,41.638961,2014-02-14,52597999,113,Released,,6.0,883
21000000,en,We Own the Night,14.518708,2007-05-25,54926886,117,Released,Two brothers on opposite sides of the law. Beyond their differences lies loyalty.,6.5,323
0,en,Lost Souls,3.312385,2000-10-13,0,97,Released,,4.5,38
35866397,fr,Le peuple migrateur,3.75074,2001-12-12,20217080,98,Released,,7.0,49
28000000,en,Just My Luck,22.074306,2006-05-12,38159905,103,Released,Everything changed in the wink of an eye.,5.8,491
28000000,en,"Mystery, Alaska",4.436792,1999-10-01,8888143,119,Released,A Small Town on the Outskirts of Greatness.,6.0,69
28000000,en,The Spy Next Door,14.639324,2010-01-15,45236543,94,Released,"Spying is easy, Babysitting is hard",5.5,345
28000000,en,A Simple Wish,1.767479,1997-07-11,8345056,86,Released,Anabel made a wish. Murray made a mess,5.5,46
28000000,en,Ghosts of Mars,13.145205,2001-08-24,14010832,98,Released,Terror is the same on any planet.,4.8,296
28000000,en,Our Brand Is Crisis,12.921594,2015-09-11,7002261,108,Released,May the best campaign win.,5.8,195
28000000,en,Pride and Prejudice and Zombies,28.397048,2016-02-04,16374328,108,Released,Bloody lovely.,5.5,640
28000000,en,Kundun,7.039189,1997-12-25,5684789,134,Released,,6.8,91
27000000,en,How to Lose Friends & Alienate People,16.785866,2008-10-02,17286299,110,Released,"He's across the pond, and out of his depth.",6.2,244
28000000,en,Kick-Ass 2,40.28635,2013-07-17,60700000,103,Released,You Can't Fight Your Destiny.,6.3,2224
24000000,es,Alatriste,6.009644,2006-09-01,23321954,145,Released,,5.6,61
28000000,en,Brick Mansions,25.520976,2014-04-22,68896829,90,Released,Undercover and never Outgunned,5.7,615
27500000,en,Octopussy,25.633663,1983-06-05,187500000,131,Released,James Bond’s all time high.,6.2,527
30000000,en,Knocked Up,22.527211,2007-06-01,219076518,129,Released,Save the due date.,6.2,1214
30000000,en,My Sister's Keeper,24.09152,2009-06-26,95714875,109,Released,"A tale of life, love, and letting go.",7.1,598
35000000,en,Welcome Home Roscoe Jenkins,6.248273,2008-02-08,43650785,114,Released,"Roscoe Jenkins aims for the heartstrings and funny bones, a raucous helping of family soul food.",5.7,57
8000000,en,A Passage to India,9.548391,1984-12-14,27187653,163,Released,"David Lean, the Director of ""Doctor Zhivago"", ""Lawrence of Arabia"" and ""The Bridge on the River Kwai"", invites you on . .",6.9,67
15000000,en,Notes on a Scandal,12.576381,2006-12-25,49469904,92,Released,One woman's secret is another woman's power. One woman's fear is another woman's weapon. One woman's life is in another woman's hands....,6.9,235
27500000,en,Rendition,12.741073,2007-09-07,24748670,120,Released,What if someone you love...just disappeared?,6.2,205
27000000,en,Star Trek VI: The Undiscovered Country,16.188572,1991-12-05,96900000,113,Released,The battle for peace has begun.,6.7,413
27000000,en,Divine Secrets of the Ya-Ya Sisterhood,5.576937,2002-06-07,0,116,Released,The Secret Is Out.,5.6,65
27000000,en,Kiss the Girls,18913,1997-10-03,60527873,115,Released,Smart Girls. Pretty Girls. Missing Girls.,6.2,345
27000000,en,The Blues Brothers,44.714264,1980-06-17,115229890,133,Released,They'll never get caught. They're on a mission from God.,7.5,1065
27000000,en,The Sisterhood of the Traveling Pants 2,11.870301,2008-08-06,44352417,117,Released,Some friends just fit together.,6.0,238
0,en,Joyful Noise,5.753705,2012-01-13,0,117,Released,Dream a whole lot louder,6.7,33
27000000,en,About a Boy,28.227984,2002-04-26,129000000,101,Released,One ordinary couple. One little white lie.,6.6,607
27000000,en,Lake Placid,11.678561,1999-07-15,56870414,82,Released,You'll never know what bit you.,5.5,247
27000000,en,Lucky Number Slevin,36.921445,2006-02-24,56308881,110,Released,Wrong Time. Wrong Place. Wrong Number.,7.4,1323
27000000,en,The Right Stuff,17.567332,1983-10-20,21500000,193,Released,How the future began.,7.3,235
30000000,en,Anonymous,16.698316,2011-10-21,15395087,130,Released,Was Shakespeare a Fraud?,6.3,288
27000000,en,The Neverending Story,47.862016,1984-04-05,20158808,102,Released,A boy who needs a friend finds a world that needs a hero in a land beyond imagination!,7.0,1002
27000000,en,Dark City,39.324831,1998-02-27,27200316,100,Released,A world where the night never ends.,7.2,828
0,en,The Duchess,18.591657,2008-09-05,0,110,Released,Based on the incredible true story.,6.7,396
25000000,en,Return to Oz,5.650125,1985-06-21,11137801,109,Released,An all-new adventure down the yellow brick road.,6.7,120
27000000,en,The Newton Boys,3.123583,1998-03-26,76000000,113,Released,Four Brothers. Four Criminals. For The Money... They Would Stop At Nothing.,5.9,44
27000000,en,Case 39,23.917982,2009-08-13,29000000,109,Released,Some cases should  never be opened.,6.1,563
27000000,en,Suspect Zero,8.715822,2004-08-27,13000000,99,Released,Who's next?,5.5,98
0,en,Martian Child,5.737161,2007-11-02,0,106,Released,"doesn't matter where you come from, as long as you find where you belong!",6.8,79
27000000,en,Spy Kids: All the Time in the World,14.788073,2011-08-18,85564310,89,Released,,4.4,222
27000000,en,Money Monster,38.279458,2016-05-12,93282604,98,Released,Not every conspiracy is a theory.,6.5,1068
28,en,The 51st State,9.670031,2001-12-07,14,93,Released,Nice Wheels. Dirty Deals. And One Mean Mother In A Kilt.,5.9,173
0,en,Flawless,5.271559,1999-11-26,4488529,112,Released,,5.9,56
27000000,en,Mindhunters,17.193659,2004-05-07,21148829,106,Released,"For seven elite profilers, finding a serial killer is a process of elimination. Their own.",6.3,333
25000000,en,What Just Happened,8.31653,2008-10-17,6673422,104,Released,Admit nothing.,5.2,127
0,en,The Statement,2.653988,2003-12-12,0,120,Released,"At the end of World War II, many of those involved in war crimes were prosecuted. Some got away. Until now.",5.9,23
0,en,The Magic Flute,0.548435,2006-09-07,0,133,Released,,6.9,6
26000000,en,Paul Blart: Mall Cop,31.250383,2009-01-15,183293131,91,Released,Safety Never Takes A Holiday.,5.2,788
26000000,en,Freaky Friday,24.345651,2003-08-03,110230332,97,Released,Mondays are manic. Wednesdays are wild. And Fridays are about to get a little freaky.,6.0,879
26000000,en,The 40 Year Old Virgin,38.473732,2005-08-11,109449237,116,Released,"The longer you wait, the harder it gets",6.2,1983
25000000,en,Shakespeare in Love,31.792964,1998-12-11,289317794,122,Released,Love is the only inspiration.,6.8,796
28000000,en,A Walk Among the Tombstones,61.309619,2014-09-18,53181600,113,Released,Some people are afraid of all the wrong things,6.2,1131
15000000,en,Kindergarten Cop,5.411154,1990-12-21,201957688,111,Released,"Go ahead, you tell him you didn't do your homework.",5.8,628
27000000,en,Pineapple Express,41.832392,2008-08-06,101624843,111,Released,Put this in your pipe and smoke it.,6.6,1148
26000000,en,EverAfter,21.988861,1998-07-31,65705772,121,Released,Desire. Defy. Escape.,6.8,399
22000000,en,Open Range,19.068175,2003-08-29,68296293,139,Released,No place to run. No reason to hide.,7.0,262
26000000,en,Flatliners,24.114459,1990-08-09,61489265,115,Released,Some lines shouldn't be crossed.,6.3,404
22000000,en,A Bridge Too Far,20.256571,1977-06-15,50750000,175,Released,Out of the sky comes the screen's most incredible spectacle of men and war!,6.9,207
26000000,en,Red Eye,8.802626,2005-08-04,57891803,85,Released,Fear takes flight.,6.2,455
26000000,en,Final Destination 2,37.355826,2003-01-31,90426405,90,Released,Death is like a boomerang. it keeps coming back,5.9,1023
26000000,en,"O Brother, Where Art Thou?",39.742009,2000-08-30,71868327,106,Released,They have a plan...but not a clue.,7.3,1112
26000000,en,Legion,30.981604,2010-01-21,67918658,100,Released,"When the last angel falls, the fight for mankind begins.",5.2,629
25000000,en,Pain & Gain,31.893932,2013-04-18,86175291,130,Released,Their American dream is bigger than yours.,6.1,1573
0,en,In Good Company,15.376391,2004-12-29,0,109,Released,"He's rich, young and handsome. He's in love with you and he's your dad's boss.",5.9,194
26000000,en,Clockstoppers,5.894163,2002-03-17,38793283,94,Released,"The adventure of a lifetime, in a few mere seconds.",4.9,89
26000000,en,Silverado,10.981038,1985-07-10,0,127,Released,Four strangers become friends. Four friends become heros. On the road to...,7.1,146
26000000,en,Brothers,22.07638,2009-01-27,43318349,104,Released,There are two sides to every family.,6.8,633
26000000,en,Agent Cody Banks 2: Destination London,10.925618,2004-12-03,28818995,100,Released,Adventure is an attitude.,5.2,144
56000000,en,New Year's Eve,21.219292,2011-12-08,142044638,118,Released,The one night anything is possible.,5.7,718
42000000,en,Original Sin,14.831402,2001-08-03,35402320,118,Released,This is not a love story - it's a story about love.,5.8,198
26000000,en,The Raven,22.520842,2012-03-09,29657751,111,Released,The only one who can stop a serial killer is the man who inspired him.,6.1,426
30000000,en,Welcome to Mooseport,3.314094,2004-02-24,14000000,110,Released,,4.8,54
26000000,en,Highlander III: The Sorcerer,7.964451,1994-11-29,36800000,99,Released,"Throughout time they have hunted each other fulfilling the prophecy, that there can be only one.",4.5,110
26000000,en,Blood and Wine,1.492056,1996-10-03,0,101,Released,There is no honour amongst thieves.,5.5,34
26000000,en,Snow White: A Tale of Terror,4.810621,1997-07-18,0,100,Released,The fairy tale is over.,6.0,62
0,en,The Curse of the Jade Scorpion,9.317265,2001-08-05,0,103,Released,Love stings,6.5,165
26000000,en,Accidental Love,5.644844,2015-02-10,0,100,Released,Sometimes you nail love. Sometimes it nails you.,3.9,95
25530000,en,Flipper,4.475007,1996-05-17,20080020,95,Released,This summer it's finally safe to go back in the water.,5.3,84
26000000,en,Self/less,66.097437,2015-07-10,30523226,116,Released,God Created Man. Man Created Immortality.,6.3,1091
25000000,en,The Constant Gardener,20.679652,2005-08-31,82466670,129,Released,Love. At any cost.,6.8,417
30000000,en,The Passion of the Christ,38.171417,2004-02-25,611899420,127,Released,"By his wounds, we were healed.",6.9,864
25000000,en,Mrs. Doubtfire,30.884535,1993-11-24,441286195,125,Released,She makes dinner. She does windows. She reads bedtime stories. She's a blessing... in disguise.,7.0,1591
25000000,en,Rain Man, they travel cross-country.,"[{""iso_3166_1"": ""US"", ""name"": ""United States of America""}]",1988-12-11,412800000,"[{""iso_639_1"": ""it"", ""name"": ""Italiano""}, {""iso_639_1"": ""en"", ""name"": ""English""}]",Released,Rain Man,7.6
33000000,en,Gran Torino,50.7453,2008-12-09,269958228,116,Released,Ever come across somebody you shouldn't have messed with?,7.8,3086
25100000,en,W.,10.445391,2008-10-17,29506464,131,Released,A life misunderestimated.,6.1,143
25000000,en,Taken,80.879032,2008-02-18,226830568,93,Released,They took his daughter.  He'll take their lives.,7.2,4369
26000000,en,The Best of Me,33.93914,2014-10-16,35926213,117,Released,You never forget your first love.,7.2,765
25000000,en,The Bodyguard,26.576385,1992-11-25,411006740,129,Released,Never let her out of your sight. Never let your guard down. Never fall in love.,6.1,661
22000000,en,Schindler's List,104.469351,1993-11-29,321365567,195,Released,"Whoever saves one life, saves the world entire.",8.3,4329
25000000,en,The Help,42.191509,2011-08-09,124272124,146,Released,Change begins with a whisper.,7.8,1910
28000000,en,The Fifth Estate,20.267062,2013-10-11,8555008,128,Released,You can't expose the world's secrets without exposing yourself,5.7,364
0,en,Scooby-Doo 2: Monsters Unleashed,22.644275,2004-03-24,181466833,93,Released,They came. They saw. They ran.,5.4,500
26000000,ru,Viy,7.182761,2014-01-30,0,127,Released,The truth is in you,4.9,71
30000000,en,Freddy vs. Jason,26.69592,2003-08-15,114908830,97,Released,Evil Will Battle Evil,5.8,594
0,en,The Face of an Angel,7.336256,2014-09-06,0,100,Released,"Forget the truth, find the story.",4.7,64
25000000,en,Jimmy Neutron: Boy Genius,12.739721,2001-12-21,80936232,83,Released,"He may be small, but he's got a big brain!",5.6,231
25000000,en,Cloverfield,46.942396,2008-01-15,170764026,85,Released,Some Thing Has Found Us,6.4,2251
25000000,en,Teenage Mutant Ninja Turtles II: The Secret of the Ooze,15.505137,1991-03-22,78000000,88,Released,"Cowabunga, it's the new turtle movie.",5.8,286
25000000,en,The Untouchables,38.272889,1987-06-02,76270454,119,Released,What are you prepared to do?,7.6,1384
25000000,en,No Country for Old Men,53.645267,2007-11-08,171600000,122,Released,There are no clean getaways.,7.7,3003
25000000,en,Ride Along,28468,2014-01-07,153997819,99,Released,Propose to this cop's sister? Rookie mistake.,6.1,853
25000000,en,Bridget Jones's Diary,35.310712,2001-04-13,281929795,97,Released,Health Warning: Adopting Bridget's lifestyle could seriously damage your health.,6.5,1356
25000000,en,Chocolat,28.727731,2000-12-14,152500343,121,Released,...and the world is still indulging!,6.8,951
45000000,en,"Legally Blonde 2: Red, White & Blonde",4.340616,2003-07-02,124914842,95,Released,Bigger. Bolder. Blonder.,5.1,377
25000000,en,Parental Guidance,14.604911,2012-12-25,119772232,104,Released,Here come the grandparents.  There go the rules.,5.7,210
25000000,en,No Strings Attached,38.688822,2011-01-21,147780440,107,Released,Friendship has its benefits.,6.1,1331
25000000,en,Tombstone,30.537845,1993-12-25,56505065,130,Released,Justice is coming.,7.4,626
25000000,en,Romeo Must Die,19.750059,2000-03-20,91036760,115,Released,"In the city ruled by criminals, two families have forgotten their fear. He will make them remember.",6.0,330
2800000,en,The Omen,25.939385,1976-06-06,60922980,111,Released,It is the greatest mystery of all because no human being will ever solve it.,7.2,476
25000000,en,Final Destination 3,31.64341,2006-02-10,117719158,93,Released,This Ride Will Be The Death Of You.,5.8,974
25000000,en,The Lucky One,26.811541,2012-04-19,99357138,101,Released,,6.8,946
60000000,en,Bridge to Terabithia,40.646102,2007-02-16,137587063,96,Released,"Close your eyes, but keep your mind wide open.",7.0,1113
25000000,en,Finding Neverland,34.160448,2004-10-17,116766556,106,Released,Where will your imagination take you?,7.2,1223
0,en,A Madea Christmas,5.377155,2013-12-13,0,100,Released,This Little Fool Thinks She's Getting A Damn Pony,7.0,35
25000000,en,The Grey,48.552871,2012-01-26,77278331,117,Released,Live or Die on This Day,6.4,1451
25000000,en,Hide and Seek,18.228538,2005-01-27,122644820,101,Released,"Come out, come out, whatever you are.",6.1,440
26000000,en,Anchorman: The Legend of Ron Burgundy,29.342744,2004-07-09,90574188,94,Released,They bring you the news so you don't have to get it yourself.,6.7,1493
25000000,en,GoodFellas,63.654244,1990-09-12,46836394,145,Released,Three Decades of Life in the Mafia.,8.2,3128
28000000,en,Agent Cody Banks,11.859396,2003-03-14,58795814,102,Released,Save the world. Get the girl. Pass math.,5.0,284
25000000,en,Nanny McPhee,24.356483,2005-10-21,122489822,97,Released,You'll Learn To Love Her. Warts And All.,6.4,711
25000000,en,Scarface,70.105981,1983-12-08,65884703,170,Released,The world is yours...,8.0,2948
25000000,en,Nothing to Lose,8.618208,1997-07-18,0,97,Released,"When the odds are against you, sometimes the only bet is yourself.",6.3,174
23000000,en,The Last Emperor,21.189028,1987-10-21,43984230,163,Released,"He was the Lord of Ten Thousand Years, the absolute monarch of China. He was born to rule a world of ancient tradition. Nothing prepared him for our world of change.",7.4,355
25000000,en,Contraband,31.364901,2012-01-12,63100000,109,Released,What would you hide to protect your family?,6.1,770
0,en,Money Talks,7.615653,1997-08-22,0,97,Released,This ain't no buddy movie.,5.9,87
25000000,en,There Will Be Blood,37.817905,2007-12-28,77208711,158,Released,There Will Be Greed. There Will Be Vengeance.,7.9,1537
35000000,en,The Wild Thornberrys Movie,5.784661,2002-12-20,0,85,Released,You don't need extraordinary powers to do extraordinary things.,5.8,44
0,en,Rugrats Go Wild,8.255708,2003-06-13,0,84,Released,The Family Vacation Goes Overboard,5.6,61
25000000,en,Undercover Brother,6.086083,2002-05-31,41604473,86,Released,He's All Action,5.5,112
25000000,en,The Sisterhood of the Traveling Pants,17.17372,2005-06-01,39053061,119,Released,Laugh. Cry. Share the pants.,6.3,386
25000000,en,Kiss of the Dragon,16.936576,2001-07-06,64437847,98,Released,Kiss Fear Goodbye,6.4,298
25000000,en,The House Bunny,25.838073,2008-08-22,70442940,97,Released,"For the girls of ZETA house college life was no party, until Shelley showed up.",5.6,529
25000000,en,Beauty Shop,5.625632,2005-06-02,36351350,105,Released,A Cut Above,5.4,115
25000000,en,Million Dollar Arm,17.312433,2014-05-09,38307627,124,Released,"Sometimes to win, sometimes you have to change the game",6.6,259
25000000,en,The Giver,53.811461,2014-08-11,66980456,94,Released,Search for truth. Find freedom.,6.4,1798
0,en,What a Girl Wants,7.057765,2003-03-27,0,105,Released,Trying to fit in. Born to stand out.,5.8,368
17000000,en,Jeepers Creepers 2,19.045146,2003-08-08,63102666,104,Released,He can taste your fear.,5.5,299
25000000,en,Good Luck Chuck,21.729434,2007-09-21,59192128,101,Released,He has to break his curse before she breaks his heart.,5.5,444
25000000,en,Cradle 2 the Grave,12.837116,2003-02-28,56489558,101,Released,Mortal enemies make dangerous friends.,5.8,236
25000000,en,The Hours,20.953265,2002-12-27,41597830,114,Released,The time to hide is over. The time to regret is gone. The time to live is now.,7.0,451
20000000,en,She's the Man,10.81439,2006-03-17,33889159,105,Released,"If you wanna chase your dream, sometimes you gotta break the rules.",6.4,671
25000000,en,Mr. Bean's Holiday,27.683874,2007-03-22,229736344,90,Released,Disaster has a passport.,6.1,663
20000000,en,Anacondas: The Hunt for the Blood Orchid,9.855474,2004-08-26,70992898,97,Released,,4.9,199
25500000,en,Blood Ties,12.756344,2013-08-22,2415472,128,Released,Crime runs in the family.,6.0,171
25000000,en,August Rush,29.533437,2007-11-21,66122026,114,Released,An incredible journey moving at the speed of sound,7.1,797
30000000,en,Elizabeth,14.179538,1998-09-13,82150642,124,Released,Declared illegitimate aged 3. Tried for treason aged 21. Crowned Queen aged 25.,7.1,334
25000000,en,Bride of Chucky,14.340095,1998-10-16,50671850,89,Released,Chucky Gets Lucky.,5.5,350
25485000,en,Tora! Tora! Tora!,9.795985,1970-01-26,29548291,144,Released,The incredible attack on Pearl Harbor.,6.9,147
25000000,en,Spice World,6.889437,1997-12-19,100000000,93,Released,You say you want a revolution?,4.7,123
25000000,en,The Sitter,19.428994,2011-12-09,34942188,81,Released,Worst. Babysitter. Ever.,5.4,325
0,en,Dance Flick,7.326034,2009-05-22,0,83,Released,,4.7,71
25000000,en,The Shawshank Redemption,136.747729,1994-09-23,28341469,142,Released,Fear can hold you prisoner. Hope can set you free.,8.5,8205
21150000,en,Crocodile Dundee in Los Angeles,6.081772,2001-04-12,39438674,92,Released,He heard there was wildlife in L.A. He didn't know how wild.,4.7,146
27000000,en,Kingpin,17.329269,1996-07-04,25023434,113,Released,You wouldn't want to meet these pinheads in an alley.,6.7,244
25000000,en,The Gambler,22.622453,2014-12-25,39171130,111,Released,The only way out is all in,5.7,543
25000000,en,August: Osage County,20.561682,2013-12-26,74188937,121,Released,Misery loves family,6.9,483
25000000,en,Ice Princess,13.288177,2005-03-17,27645491,98,Released,,5.9,185
30000000,en,A Lot Like Love,19.212552,2005-04-22,42886719,107,Released,There's nothing better than a great romance... to ruin a perfectly good friendship.,6.5,318
23000000,en,Eddie the Eagle,29.365851,2016-02-26,46152800,106,Released,"Win or lose, always aim high",7.2,661
25000000,en,He Got Game,10.232599,1998-05-01,21567853,136,Released,"The father, the son and the holy game.",6.7,134
25000000,en,Don Juan DeMarco,8.870614,1994-10-01,22200000,97,Released,The story of the man who thought he was the greatest lover in the world... and the people who tried to cure him of it!,6.2,183
25000000,en,Dear John,19.402816,2010-02-04,114977104,115,Released,Love brought them together. Will fate tear them apart?,6.6,1262
25000000,en,The Losers,24.903418,2010-04-23,23580000,97,Released,Anyone Else Would Be Dead By Now.,6.2,515
25000000,en,Don't Be Afraid of the Dark,14.562197,2010-11-06,36993168,99,Released,Fear is never just make believe,5.4,341
25000000,en,War,18.896239,2007-08-24,40452643,103,Released,Vengeance is the ultimate weapon.,6.0,414
25000000,en,Punch-Drunk Love,15.960916,2002-10-25,17000000,95,Released,,6.9,530
25000000,en,EuroTrip,25.848003,2004-02-20,20796847,93,Released,No actual Europeans were harmed in the making of this film.,6.5,656
13000000,en,Half Past Dead,6.337063,2002-11-15,0,98,Released,,4.6,82
26000000,en,Unaccompanied Minors,10.006282,2006-12-08,0,90,Released,"No plane, no parents, no problem!",5.4,66
0,en,"Bright Lights, Big City",2.753501,1988-04-01,0,107,Released,,4.7,28
0,en,The Adventures of Pinocchio,6.718497,1996-07-26,0,90,Released,A new angle on the classic tale... And that's no lie!,5.0,54
25000000,en,The Greatest Game Ever Played,7.538513,2005-09-30,15431177,120,Released,Based on a True Story,6.9,110
30000000,en,The Box,21.606001,2009-09-17,33333531,115,Released,All you have to do is push the button.,5.4,597
8000000,en,The Ruins,13.715715,2008-04-02,0,91,Released,Terror has evolved.,5.6,265
25000000,en,The Next Best Thing,3.707511,2000-03-03,24362772,108,Released,Best Friends Make The Best Mistakes,4.3,29
25000000,en,My Soul to Take,7.001176,2010-10-08,19829957,107,Released,Only One Has The Power To Save Their Souls,5.2,147
25000000,en,The Girl Next Door,39.784026,2004-04-09,30411183,108,Released,Matt never saw her coming... but all his friends had!,6.3,824
25000000,en,Maximum Risk,10.115011,1996-09-13,51702483,100,Released,The Other Side of Safety.,5.2,101
0,en,Stealing Harvard,7.321181,2002-09-13,0,85,Released,Their intentions were honorable. Their methods were criminal.,4.4,46
25000000,en,Legend,32.854557,2015-09-09,42972994,131,Released,"Love, fight, live, rule like a legend.",6.7,973
0,en,Hot Rod,6.309587,2007-08-03,14334401,88,Released,Smack destiny in the face.,6.3,313
28000000,en,Shark Night,8.363702,2011-09-02,10126458,91,Released,Terror runs deep.,4.9,132
25,en,Angela's Ashes,4.88794,1999-12-25,13,145,Released,,7.0,59
25000000,en,Draft Day,14.17009,2014-04-11,28831145,109,Released,The greatest victories don't always happen on the field.,6.5,304
25000000,en,Lifeforce,12.18362,1985-06-20,0,116,Released,"In the blink of an eye, the terror begins.",6.2,135
25000000,en,The Conspirator,9.169271,2010-09-10,15478800,122,Released,One bullet killed the President. But not one man.,6.2,137
25000000,en,Lords of Dogtown,8.127728,2005-06-03,13411957,107,Released,"They never thought they'd be famous, but they always thought they'd be friends.",7.0,210
25000000,en,The 33,10.699952,2015-08-06,24902723,120,Released,Hope Runs Deep,6.0,378
25000000,en,Big Trouble in Little China,29.796394,1986-05-30,11000000,99,Released,Adventure doesn't come any bigger!,7.1,705
0,fr,Un Plan parfait,11.60921,2012-10-29,0,104,Released,,5.6,194
25000000,en,Warrior,51.915025,2011-09-09,23057115,140,Released,Fight for Family,7.7,1272
28000000,en,Michael Collins,8.314624,1996-10-25,16900000,132,Released,"Ireland, 1916. His Dreams Inspired Hope. His Words Ignited Passion. His Courage Forged A Nation's Destiny.",6.7,97
0,en,Gettysburg,5.529035,1993-10-08,25000000,254,Released,,6.6,90
25000000,en,Stop-Loss,4.002579,2008-03-28,11207130,113,Released,The bravest place to stand is by each other's side.,6.1,82
25000000,en,Abandon,3.888776,2002-10-14,10719357,99,Released,Watch who you leave behind.,4.6,45
25000000,en,Brokedown Palace,7.296459,1999-08-13,13000000,100,Released,"Their graduation present was a trip to paradise, but they never thought they would land in hell.",6.2,111
14000000,en,The Possession,21.680424,2012-08-30,85446075,92,Released,Fear The Demon That Doesn't Fear God,5.8,498
25000000,en,Mrs. Winterbourne,7.946769,1996-04-19,10070000,105,Released,The story of a girl who is going from filthy to rich,5.3,25
25000000,en,Straw Dogs,7.473455,2011-09-16,10324441,110,Released,Everyone Has A Breaking Point,5.5,144
25000000,en,The Hoax,5.073536,2006-10-14,11772461,116,Released,Never let the truth get in the way of a good story.,6.4,60
0,en,Stone Cold,3.623002,1991-05-17,0,92,Released,A cop who enforces his own brand of justice.,5.7,34
32000000,en,The Road,41.075532,2009-11-25,27635305,111,Released,In a moment the world changed forever.,6.8,1087
25000000,en,Sheena,4.020194,1984-08-17,5778353,117,Released,,5.0,22
0,en,Underclassman,2.083856,2005-09-02,0,95,Released,,5.5,28
25000000,en,Say It Isn't So,2.909346,2001-03-12,0,95,Released,,4.8,47
25000000,en,The World's Fastest Indian,8.450513,2005-10-12,0,127,Released,,7.3,166
25000000,en,Tank Girl,8.186936,1995-03-31,4064495,98,Released,"In 2033, justice rides a tank and wears lip gloss.",5.5,138
0,en,King's Ransom,5.079017,2005-04-22,0,95,Released,,5.1,14
25000000,en,Blindness,17.603823,2008-05-14,19844979,121,Released,,6.4,387
25000000,en,BloodRayne,7.008216,2005-10-22,2405420,95,Released,Revenge never tasted so sweet.,3.5,118
25000000,en,Carnage,20.011435,2011-09-16,27603069,80,Released,A new comedy of no manners,7.0,738
25000000,en,Where the Truth Lies,4.051221,2005-10-07,0,107,Released,,5.9,66
0,en,Cirque du Soleil: Worlds Away,5.987486,2012-11-09,34153101,91,Released,Experience a Journey Like Never Before,6.1,58
25000000,en,Without Limits,3.849873,1998-09-11,777423,117,Released,PRE. The way he competed. The way he lived his life.,6.2,19
25000000,en,Me and Orson Welles,3.593165,2009-11-25,2336172,114,Released,If you want to discover life learn from the master,6.6,49
13500000,en,La migliore offerta,30.058263,2013-01-01,19255873,124,Released,A Master of Possession. A Crime of Obsession,7.7,704
25000000,en,The Bad Lieutenant: Port of Call - New Orleans,17.339852,2009-09-11,10589102,122,Released,The only criminal he can't catch is himself.,6.0,326
0,en,Sammy's avonturen: De geheime doorgang,15.805449,2010-08-03,0,88,Released,He's Turtly Amazing,5.6,151
25000000,fr,Les petits mouchoirs,15.279021,2010-10-20,48531470,154,Released,The one thing friends can't escape is a few home truths.,7.1,380
0,en,Love Ranch,5.000126,2010-06-30,0,117,Released,When It Comes To Love... Everyone Pays A Price.,6.0,21
0,fr,La véritable histoire du Chat Botté,1.684948,2009-04-01,0,82,Released,,3.8,7
25000000,ru,Белка и Стрелка. Звёздные собаки,5.753564,2010-03-18,6500000,85,Released,,6.3,10
25000000,en,The Counselor,35.022029,2013-10-25,71009334,117,Released,Sin Is A Choice.,5.0,712
25000000,en,Ironclad,12.31708,2011-03-03,0,121,Released,Heavy metal goes medieval.,6.2,227
25000000,en,Waterloo,1.894749,1970-10-26,3052000,128,Released,,7.0,31
25000000,cn,一個人的武林,6.895866,2014-10-31,0,100,Released,Kung Fu is a Skill for Killing,6.5,114
25000000,en,Red Sky,3.344158,2014-03-12,0,100,Released,Go Rogue,4.1,26
14000000,en,Dangerous Liaisons,14.480628,1988-12-16,34670720,119,Released,Lust. Seduction. Revenge. The Game As You've Never Seen It Played Before.,7.0,257
25000000,en,On the Road,14.613152,2012-05-22,8784318,137,Released,The best teacher is experience.,5.5,301
24000000,en,Star Trek IV: The Voyage Home,22.258428,1986-11-25,133000000,119,Released,The key to saving the future can only be found in the past.,6.9,477
24000000,en,Rocky Balboa,30.445257,2006-12-20,155721132,102,Released,It ain't over 'til it's over.,6.5,835
24000000,en,Scream 2,35.244037,1997-12-09,172363301,120,Released,Someone has taken their love of sequels one step too far.,6.1,840
25000000,en,Jane Got a Gun,15.333575,2016-01-01,1397284,98,Released,,5.4,285
24000000,en,Think Like a Man Too,15.237142,2014-06-20,70181428,105,Released,,6.4,225
41300000,en,The Whole Nine Yards,23.441135,2000-02-18,106371651,98,Released,"In the heart of suburbia, a hit man with heart has just moved in.",6.2,531
8200000,en,Footloose,25.03414,1984-02-17,80035402,107,Released,,6.4,505
24000000,en,Old School,24.70166,2003-02-21,87055349,91,Released,"All the fun of college, none of the education.",6.6,541
24000000,en,The Fisher King,16.146572,1991-09-09,41895491,137,Released,"A Modern Day Tale About The Search For Love, Sanity, Ethel Merman And The Holy Grail.",7.2,341
65000000,en,I Still Know What You Did Last Summer,20.793026,1998-11-13,40002112,100,Released,Someone is dying for a second chance.,5.1,374
24000000,en,Return to Me,5.771479,2000-04-07,36609995,115,Released,A comedy straight from the heart,6.1,67
24000000,en,Zack and Miri Make a Porno,27.326466,2008-09-18,42105111,102,Released,What would you do to get out of debt?,6.1,721
24000000,en,Nurse Betty,3.572339,2000-09-08,0,108,Released,She's chasing a dream... they're chasing her.,5.9,111
24000000,en,The Men Who Stare at Goats,20.69219,2009-10-17,68729358,93,Released,No goats. No glory.,5.9,742
0,en,Double Take,1.903405,2001-01-12,0,88,Released,One big shot. One big mouth. The switch is on.,5.5,24
40000000,en,"Girl, Interrupted",10.713521,1999-12-21,0,127,Released,"The crazy thing is, you're not crazy.",7.6,721
17000000,en,Win a Date with Tad Hamilton!,7.701041,2004-01-23,16980098,95,Released,"In every love story, there's only room for one leading man.",5.5,160
24000000,en,Muppets from Space,6.589193,1999-07-14,16290976,87,Released,Space. It's not as deep as you think.,5.8,92
24000000,en,The Wiz,2.753313,1978-10-24,21049053,134,Released,From the book that's an American tradition… from the smash-hit Broadway show… the entertainment of the year!,5.9,58
24000000,en,Ready to Rumble,3.113009,2000-04-07,12372410,107,Released,They're headed to the big time...face first.,4.7,49
24000000,en,Play It to the Bone,5.566203,1999-12-25,8434146,124,Released,,5.7,53
24000000,en,I Don't Know How She Does It,8.630825,2011-09-16,30551495,89,Released,"If it were easy, men would do it too.",5.0,141
24000000,en,Piranha 3D,23.343839,2010-08-20,83188165,88,Released,There's something in the water.,5.3,581
23000000,en,Beyond the Sea,6.138213,2004-12-17,0,118,Released,"In the era of cool, Bobby Darin was the soundtrack.",6.5,55
24000000,en,Meet the Deedles,2.353441,1998-03-27,4562146,93,Released,Fish out of water...Surfers in Yellowstone,4.1,19
28000000,en,The Thief and the Cobbler,2.439184,1993-09-23,669276,72,Released,,6.8,26
0,en,The Bridge of San Luis Rey,0.515677,2004-01-01,0,120,Released,,5.4,15
24000000,en,Faster,26.324874,2010-11-23,23081726,98,Released,Slow Justice is no Justice,6.1,568
24000000,ja,ハウルの動く城,49.549984,2004-11-19,234710455,119,Released,The two lived there,8.2,1991
23600000,en,Zombieland,57.300674,2009-10-07,102391382,88,Released,This place is so dead,7.2,3550
23000000,en,The Waterboy,23.839127,1998-11-06,185991646,90,Released,You can mess with him. But don't mess with his water.,5.9,512
18000000,en,The Empire Strikes Back,78.51783,1980-05-17,538400000,124,Released,The Adventure Continues...,8.2,5879
19000000,en,Bad Boys,33.872182,1995-04-07,141407024,118,Released,Whatcha gonna do?,6.5,1699
23000000,en,The Naked Gun 2½: The Smell of Fear,27.33256,1991-06-28,86930411,85,Released,If you see only one movie this year...you ought to get out more often,6.6,546
23000000,en,Final Destination,38.799596,2000-03-16,53302314,98,Released,No accidents. No coincidences. No escapes. You can't cheat death.,6.4,1378
12500000,en,The Ides of March,20.317469,2011-09-24,75993061,101,Released,Ambition seduces. Power corrupts.,6.5,910
23000000,en,Pitch Black,18.493202,2000-02-18,53187659,108,Released,Don't be afraid of the dark. Be afraid of what's in the dark,6.7,1789
23000000,en,Someone Like You...,7.901891,2001-03-30,0,97,Released,The story about the one that got away and the one she never saw coming.,6.0,118
23000000,en,Her,53.682367,2013-12-18,47351251,126,Released,A Spike Jonze Love Story,7.9,4097
23000000,en,Joy Ride,11.183197,2001-10-05,36642838,97,Released,"It was just a joke, just for fun.",6.3,325
25000000,en,The Adventurer: The Curse of the Midas Box,8.842722,2013-12-05,6399,99,Released,The new name for adventure.,5.1,73
23000000,en,Anywhere But Here,8.976738,1999-11-12,18653615,114,Released,A story of a mother who knows best... and a daughter who knows better.,5.9,66
0,en,The Crew,2.634119,2000-08-21,0,88,Released,,6.4,11
23000000,en,Haywire,26.257951,2011-11-06,33372606,93,Released,They left her no choice.,5.6,505
23000000,en,Jaws: The Revenge,12.777008,1987-07-17,51881013,89,Released,"This time, it’s personal.",3.5,224
0,en,Marvin's Room,6.130231,1996-12-18,0,98,Released,A story about the years that keep us apart... And the moments that bring us together.,6.6,124
0,en,The Longshots,4.030724,2008-08-22,0,94,Released,,6.5,11
23000000,en,The End of the Affair,6.921263,1999-12-03,10827816,102,Released,,6.6,55
23000000,en,Harley Davidson and the Marlboro Man,12.869436,1991-08-23,7434726,98,Released,When the going gets tough... the tough take the law into their own hands.,6.1,82
23000000,en,In the Valley of Elah,15.676123,2007-08-31,29541790,124,Released,Sometimes finding the truth is easier than facing it.,6.6,261
0,fr,Coco avant Chanel,8.426589,2009-04-22,0,110,Released,Before she was France's famous mademoiselle...,6.6,246
11000000,en,Forsaken,11.071522,2015-09-16,0,90,Released,,5.8,101
23000000,en,Chéri,5.494047,2009-02-10,9366227,86,Released,,5.9,56
23000000,en,Vanity Fair,6.618149,2004-09-01,16123851,141,Released,"On September 1st, a heroine will rise.",5.5,73
23000000,cn,十月圍城,7.876883,2009-12-18,5837674,139,Released,"To save a nations future, they must protect one man from its past.",6.5,57
25000000,en,1408,35.169779,2007-07-12,94679598,104,Released,The only demons in room 1408 are those within you.,6.5,1343
22700000,en,Spaceballs,39.890798,1987-06-24,38119483,96,Released,May the schwartz be with you,6.7,902
22500000,en,The Water Diviner,22.096286,2014-12-25,15520023,112,Released,To honour a promise. To find his sons. To make his peace.,6.8,431
22000000,en,Ghost,41.967005,1990-07-12,505000000,127,Released,A love that will last forever.,6.9,1339
23000000,en,There's Something About Mary,57.110486,1998-07-15,369884651,119,Released,Love Is In The Hair.,6.5,1590
22000000,en,The Santa Clause,16.234053,1994-11-10,189833357,97,Released,What if your dad was Santa Claus?,6.3,489
20000000,en,The Rookie,11.263361,2002-03-25,75597042,127,Released,Sometimes dreams come back to life.,6.5,110
22000000,en,The Game Plan,20.699212,2007-09-28,147880543,110,Released,"Half his size, twice the trouble ... and she's moving in.",6.0,428
24000000,en,The Bridges of Madison County,17.606087,1995-05-28,182016617,135,Released,The path of Francesca Johnson's future seems destined due to an unexpected fork in the road...,7.3,385
22000000,en,The Animal,13.786075,2001-06-01,84772742,84,Released,He wasn't much of a man... Now he's not much of an animal!,4.6,304
22000000,en,Gandhi,35.227212,1982-11-30,77737889,191,Released,His triumph changed the world forever.,7.4,716
22000000,en,The Hundred-Foot Journey,27.898438,2014-08-06,88880821,122,Released,Life's greatest journey begins with the first step.,7.3,508
22000000,en,The Net,23.218144,1995-07-28,110627965,114,Released,"No driver's license, no credit cards, no passport, no access to her bank accounts in a foreign country ... She finds her identity stolen.",5.6,354
22000000,en,I Am Sam,26.071644,2001-12-28,92542418,132,Released,love is all you need,7.2,530
22000000,en,Son of God,9.175762,2014-02-28,67800064,138,Released,Their Empire. His Kingdom.,5.9,83
22000000,en,Underworld,81.829237,2003-09-19,95708457,121,Released,Underworld,6.6,2512
22000000,en,Derailed,17.7091,2005-11-11,57479076,108,Released,He never saw it coming.,6.1,319
22000000,en,The Informant!,17.772518,2009-09-18,35424826,108,Released,Based on a tattle-tale.,6.0,301
22000000,en,Shadowlands,5.609755,1993-12-25,0,131,Released,,6.8,61
22000000,en,Deuce Bigalow: European Gigolo,10.259461,2005-08-06,22400154,83,Released,For the women of Europe... The price of love just got a lot cheaper.,4.7,225
26000000,en,Delivery Man,30.114383,2013-10-10,51164106,105,Released,You're never quite ready for what life delivers.,6.2,551
0,en,Our Kind of Traitor,10.547959,2016-05-05,9930095,108,Released,Who Can You Trust With The Truth?,6.0,160
22000000,en,Saving Silverman,12.887673,2001-02-09,19351569,90,Released,They swore nothing would come between them. Then evil walked in the door,5.4,154
22000000,en,Diary of a Wimpy Kid: Dog Days,13.410919,2012-08-02,77112176,94,Released,School's Out for the summer,6.0,223
0,en,Summer of Sam,3.70789,1999-07-02,0,142,Released,No one is safe from son of sam,6.3,112
22000000,en,Jay and Silent Bob Strike Back,21.865021,2001-08-22,33788161,104,Released,Hollywood had it coming,6.4,480
30000000,en,The Glass House,9.448517,2001-09-14,23619609,106,Released,The glass is about to be shattered...,5.4,201
22000000,en,"Hail, Caesar!",39.006187,2016-02-05,63647656,106,Released,Lights. Camera. Abduction.,5.7,1309
22000000,en,Josie and the Pussycats,6.404571,2001-04-06,0,98,Released,"They were three small time girls, with big time dreams. Now, fate is giving the Pussycats, the chance of a lifetime.",5.3,72
22000000,en,Homefront,35.737655,2013-11-27,43058898,100,Released,How far would you go to protect your home?,6.4,875
22000000,en,The Little Vampire,4.365196,2000-10-27,13555988,95,Released,"They're not just best friends, they're blood brothers.",6.1,77
22000000,en,I Heart Huckabees,14.925633,2004-09-10,0,106,Released,An existential comedy,6.2,239
22000000,en,RoboCop 3,14.725467,1993-04-17,10696210,104,Released,He's back to lay down the law.,4.2,305
0,en,Megiddo: The Omega Code 2,0.809588,2001-09-07,0,104,Released,"In The Beginning, The End Had A Name.",3.6,8
0,en,Darling Lili,0.816883,1970-01-01,0,107,Released,She gave away secrets to one side and her heart to the other.,4.9,8
70000000,en,Dudley Do-Right,8.792054,1999-08-27,0,77,Released,From the creator of 'George of the Jungle' comes a new kind of hero,3.8,48
25000000,en,The Transporter Refueled,25.002715,2015-09-03,72629670,96,Released,He Delivers.,5.2,559
0,en,The Libertine,7.588597,2004-09-16,0,114,Released,He didn't resist temptation. He pursued it.,5.9,128
21000000,nl,Zwartboek,13.906611,2006-09-01,26193068,145,Released,"To fight the enemy, she must become one of them.",7.2,277
22000000,fr,Joyeux Noël,13.960945,2005-11-09,17709155,116,Released,France 1914. A moment of humanity that made history.,7.2,212
2000000,en,Hit & Run,16.668854,2012-08-22,14400000,100,Released,A Comedy That Never Takes Its Foot Off The Gas,5.5,224
0,en,Mad Money,6.847133,2008-01-17,0,104,Released,,5.9,140
22000000,en,Before I Go to Sleep,48.784734,2014-09-03,15447154,92,Released,Who do you trust?,6.2,659
22000000,en,Sorcerer,9.088209,1977-06-24,12000000,121,Released,WANTED. Four men willing to drive a cargo of death to escape a life in hell.,7.4,98
22000000,en,Stone,12.445176,2010-10-07,9479718,105,Released,Some People Tell Lies. Others Live Them.,5.2,192
0,fr,Molière,4.61335,2007-01-31,0,115,Released,,6.7,45
22000000,en,Out of the Furnace,29.230298,2013-12-06,15400000,116,Released,Sometimes your battles choose you.,6.5,720
25000000,en,Michael Clayton,18.961323,2007-09-28,92991835,119,Released,The truth can be adjusted,6.5,501
0,en,My Fellow Americans,2.809378,1996-12-20,0,101,Released,"A comedy about life, liberty and the pursuit of two ex-presidents.",6.3,46
21500000,en,Arlington Road,12.819447,1999-03-19,0,117,Released,Your Paranoia Is Real.,7.0,239
22000000,es,Metegol,14.866351,2013-07-18,24000000,106,Released,There's only one team this summer.,6.0,122
17000000,en,To Rome with Love,15.013386,2012-04-20,73244881,111,Released,,5.6,546
18000000,en,Firefox,8.700565,1982-06-13,70687344,136,Released,...the most devastating killing machine ever built... his job... steal it!,5.5,139
21000000,en,"South Park: Bigger, Longer & Uncut",27.197799,1999-06-30,0,81,Released,UH-OH.,7.1,893
9000000,en,Death at a Funeral,20.410354,2007-02-09,46,90,Released,From director Frank Oz comes the story of a family that puts the F U in funeral.,6.9,497
21000000,en,Teenage Mutant Ninja Turtles III,10.207065,1993-03-17,42000000,96,Released,The Turtles Are Back....In Time.,5.1,184
32000000,en,Hardball,5.683281,2001-09-14,40222729,106,Released,The most important thing in life is showing up,6.3,123
21000000,en,Silver Linings Playbook,63.599973,2012-09-08,205738714,122,Released,Watch For The Signs,6.9,4742
21000000,en,Freedom Writers,17.746981,2007-01-05,41170784,123,Released,Their story. Their world. Their future.,7.5,356
0,en,For Colored Girls,1.934524,2010-11-05,37000000,134,Released,Many voices. One poem.,7.0,22
21000000,en,The Transporter,34.433521,2002-10-02,43928932,92,Released,Rules are made to be broken.,6.6,1692
20000000,en,Never Back Down,26.21425,2008-03-04,41627431,115,Released,Win or lose... Everyone has their fight.,6.4,497
21000000,en,The Rage: Carrie 2,4.781538,1999-03-11,17762705,104,Released,Looks Can Kill,5.1,76
17000000,en,Away We Go,10.13559,2009-06-05,14899417,98,Released,,6.7,189
21000000,en,Swing Vote,5.815881,2008-08-01,17600000,120,Released,One ordinary guy is giving the candidates a reason to run.,5.8,65
21000000,en,Moonlight Mile,8.982335,2002-09-09,10011050,117,Released,,6.5,52
30000000,en,Tinker Tailor Soldier Spy,33.649652,2011-09-16,0,127,Released,How do you find an enemy who is hidden right before your eyes?,6.6,840
0,en,Molly,2.636193,1999-10-22,0,102,Released,Innocence is bliss. See the world through her.,5.5,14
21000000,en,The Beaver,13.847872,2011-02-11,970816,91,Released,He's here to save Walter's life.,6.3,276
35000000,en,The Best Little Whorehouse in Texas,4.189378,1982-07-23,69701637,114,Released,With Burt and Dolly this much fun just couldn't be legal!,5.9,41
15000000,en,eXistenZ,21.928025,1999-04-14,2856712,97,Released,Play it. Live it. Kill for it.,6.7,475
18000000,en,Raiders of the Lost Ark,68.159596,1981-06-12,389925971,115,Released,Indiana Jones - the new hero from the creators of JAWS and STAR WARS.,7.7,3854
18000000,en,Home Alone 2: Lost in New York,81.487685,1992-11-19,358991681,120,Released,He's up past his bedtime in the city that never sleeps.,6.3,2395
20000000,en,Close Encounters of the Third Kind,52.456505,1977-11-16,303788635,135,Released,We are not alone.,7.2,1098
38000000,en,Pulse,9.662715,2006-08-11,29907685,90,Released,You are now infected.,5.0,150
20000000,en,Beverly Hills Cop II,25.28436,1987-05-18,299965036,100,Released,,6.1,613
20000000,en,Bringing Down the House,8.351385,2003-03-07,132675402,105,Released,"Everything he needed to know about life, she learned in prison.",5.4,183
19000000,en,The Silence of the Lambs,18.174804,1991-02-01,272742922,119,Released,To enter the mind of a killer she must challenge the mind of a madman.,8.1,4443
20000000,en,Wayne's World,21.815122,1992-02-14,121697323,94,Released,You'll laugh. You'll cry. You'll hurl.,6.5,728
20000000,en,Jackass 3D,20.99174,2010-10-15,117224271,94,Released,Don't try this at home,6.4,428
20000000,en,Jaws 2,19.636044,1978-06-16,187884007,116,Released,Just when you thought it was safe to go back in the water...,5.9,406
20000000,en,Beverly Hills Chihuahua,12.25264,2008-10-03,149281606,91,Released,50% Warrior. 50% Lover. 100% Chihuahua.,4.9,209
13000000,en,The Conjuring,49.975409,2013-07-18,318000141,112,Released,Based on the true case files of the Warrens,7.4,3092
32000000,en,Are We There Yet?,13.590677,2005-01-20,97918663,95,Released,24 hours. 350 miles. His girlfriend's kids. What could possibly go wrong?,5.2,221
20000000,en,Tammy,21.657563,2014-07-02,100525432,97,Released,She hit the road. The road hit back.,5.0,500
35000000,en,School of Rock,43.057323,2003-10-03,131282949,108,Released,He just landed the gig of his life: 5th grade.,6.7,1414
18000000,en,Mortal Kombat,16.470895,1995-08-18,122195920,101,Released,Nothing In This World Has Prepared You For This.,5.4,442
37000000,en,White Chicks,28.703007,2004-06-23,113086475,109,Released,They're going deep undercover.,6.3,679
20000000,en,The Descendants,40.903931,2011-09-09,177243185,115,Released,The South Pacific ain't that terrific.,6.7,934
20000000,en,Holes,22.001408,2003-04-18,0,117,Released,Some secrets are too big to keep hidden.,6.7,383
0,en,The Last Song,23.139971,2010-03-31,0,107,Released,"A story about family, first love, second chances and the moment in life that lead you back home.",6.9,923
20000000,en,12 Years a Slave,95.9229,2013-10-18,187000000,134,Released,The extraordinary true story of Solomon Northup,7.9,3674
20000000,en,Drumline,4.748929,2002-12-13,57588485,118,Released,Half time is game time,6.2,116
20000000,en,Why Did I Get Married Too?,2.986286,2010-04-02,60072596,121,Released,Marriage is an institution they're committed to.,6.1,29
20000000,en,Edward Scissorhands,47.51363,1990-12-05,53000000,105,Released,His scars run deep.,7.5,3601
20000000,en,Me Before You,53.161905,2016-06-02,207945075,110,Released,#LiveBoldly,7.6,2562
0,en,Madea's Witness Protection,7.050951,2012-06-29,0,114,Released,"Believe it or not, they know too much.",5.9,52
1800000,en,The French Connection,15.978136,1971-10-09,41158757,104,Released,There are no rules and no holds barred when Popeye cuts loose!,7.4,422
20000000,en,Bad Moms,42.512296,2016-07-28,183936074,100,Released,Party like a mother.,6.3,1252
20000000,en,Date Movie,10.098722,2006-02-17,48548426,83,Released,An Unprotected Comedy,3.6,222
20000000,en,Return to Never Land,15.341196,2002-02-14,109862682,72,Released,The Classic Continues,6.1,290
20000000,en,Selma,29.023184,2014-12-25,66787908,127,Released,One dream can change the world.,7.4,817
20000000,en,The Jungle Book 2,19.819893,2003-02-07,135680000,72,Released,Feel the jungle beat,5.6,269
20000000,en,Boogeyman,11.62423,2005-02-04,67192859,89,Released,You thought it was just a story.,4.6,191
20000000,en,Premonition,22.049787,2007-02-08,84146832,96,Released,Reality is only a nightmare away,5.8,381
30000000,en,The Tigger Movie,9.829859,2000-02-11,45554533,77,Released,,6.3,143
20000000,en,Orphan,29.295801,2009-07-24,41596251,123,Released,Can you keep a secret?,6.7,1261
20000000,en,Max,14.136476,2015-06-26,43967255,111,Released,Best Friend. Hero. Marine.,6.8,276
20000000,en,Epic Movie,6.064638,2007-01-25,86865564,86,Released,We know it's big. We measured.,3.2,326
20000000,en,Spotlight,41.503588,2015-11-06,88346473,128,Released,Break the story. Break the silence.,7.8,2686
20000000,en,Lakeview Terrace,20.495749,2008-09-19,27640028,110,Released,What Could Be Safer Than Living Next to a Cop?,5.9,292
20000000,en,The Grudge 2,13.906944,2006-10-13,39143839,102,Released,"What Was Once Trapped, Will Now Be Unleashed",5.2,283
20000000,en,How Stella Got Her Groove Back,2.003047,1998-08-14,37672350,124,Released,Sometimes you have to break the rules to free your heart.,6.0,24
0,en,Bill & Ted's Bogus Journey,11.349664,1991-07-19,0,98,Released,Once... they made history. Now... they are history.,5.9,308
20000000,en,Man of the Year,11.203335,2006-10-09,41237648,115,Released,Elections are made to be broken.,5.8,129
20000000,en,The Black Hole,8.265317,1979-12-18,35841901,98,Released,A journey that begins where everything ends!,6.1,131
20000000,en,The American,18.632156,2010-08-31,65464324,104,Released,,5.8,481
20000000,en,Selena,6.92592,1997-03-21,60000000,127,Released,Discover the true story of one of America's brightest stars... that faded too soon.,7.0,114
20000000,en,Vampires Suck,17.165039,2010-08-18,80547866,82,Released,Some sagas just won't die.,4.2,315
25000000,en,Babel,25.785925,2006-09-08,135330182,143,Released,If You Want to be Understood...Listen,6.9,1055
19800000,en,This Is Where I Leave You,20.311684,2014-09-10,41296320,103,Released,Welcome Home. Get Uncomfortable.,6.5,505
20000000,en,Doubt,20.975165,2008-11-27,50907234,104,Released,"There is no evidence. There are no witnesses. But for one, there is no doubt.",7.0,435
32000000,en,Team America: World Police,26.509175,2004-10-10,50907422,98,Released,Putting The 'F' back in 'Freedom',6.6,660
20000000,en,Texas Chainsaw 3D,26.497025,2013-01-03,47241945,92,Released,Evil wears many faces.,5.3,465
0,en,Copycat,14.211699,1995-10-27,0,124,Released,"One man is copying the most notorious killers in history one at a time. Together, two women must stop him from killing again. Or they're next.",6.4,194
20000000,en,Scary Movie 5,36.819044,2013-04-11,78378744,86,Released,Evil is coming. Bring protection.,4.6,793
20000000,en,Paint Your Wagon,7.902536,1969-10-15,31678778,158,Released,Stake Your Claim To The Musical Goldmine of '69!,6.2,63
20000000,en,Milk,30.909699,2008-11-26,54586584,128,Released,Never Blend In.,7.1,612
20000000,en,Risen,16.663797,2016-02-19,46069568,107,Released,Witness the manhunt that changed the course of human history,5.7,295
35000000,en,Ghost Ship,27.724913,2002-10-25,68349884,91,Released,Sea Evil,5.3,531
19000000,en,A Very Harold & Kumar Christmas,17.971883,2011-11-04,35387212,108,Released,Christmas comes prematurely.,6.0,328
20000000,en,Wild Things,25.041992,1998-03-20,67200000,108,Released,They're dying to play with you.,6.3,444
0,en,The Stepfather,7.924428,2009-10-16,0,101,Released,Daddy's home.,5.4,167
20000000,en,The Debt,14.857884,2010-04-11,45636368,113,Released,Every secret comes with a price.,6.3,257
30000000,en,High Fidelity,23.982956,2000-03-17,47126295,113,Released,"A comedy about fear of commitment, hating your job, falling in love and other pop favorites.",7.0,628
20000000,en,One Missed Call,12.458131,2008-01-04,0,87,Released,What will it sound like when you die?,4.7,171
20000000,en,Eye for an Eye,3.996392,1996-01-12,0,101,Released,What do you do when justice fails?,5.8,63
20000000,en,The Bank Job,30.387754,2008-02-28,64822796,112,Released,,6.6,697
20000000,en,Eternal Sunshine of the Spotless Mind,56.481487,2004-03-19,72258126,108,Released,You can erase someone from your mind. Getting them out of your heart is another story.,7.9,3652
20000000,en,You Again,19.962713,2010-09-24,32005248,105,Released,What doesn't kill you... is going to marry your brother.,6.0,368
20000000,en,Street Kings,18.666876,2008-04-10,65569869,109,Released,Their city. Their rules. No prisoners.,6.3,363
20000000,en,The World's End,55.964605,2013-07-18,46089287,109,Released,Good food. Fine ales. Total Annihilation.,6.7,1778
0,en,Nancy Drew,5.0348,2007-06-15,0,99,Released,Small Town Girl. Big Time Adventure.,5.8,143
20000000,en,Daybreakers,28.019226,2009-01-06,51416464,98,Released,"In 2019, The Most Precious Natural Resource... Is Us.",6.0,634
20000000,en,She's Out of My League,16.176976,2010-03-11,49779728,104,Released,"When she's this hot, You get one shot.",5.9,525
20000000,en,Monte Carlo,17.237143,2011-07-01,17425000,109,Released,She's having the time of someone else's life.,6.0,593
9000000,en,Stay Alive,4.34503,2006-03-24,27105095,100,Released,You die in the game - you die for real.,5.3,155
0,en,Quigley Down Under,11.360997,1990-10-17,0,119,Released,There's a price on his head. A girl on his mind. And a twinkle in his eye.,6.5,119
20000000,en,Alpha and Omega,12.300789,2010-09-17,39300000,88,Released,A Pawsome 3D Adventure,5.3,124
20000000,en,The Covenant,15.804814,2006-09-08,37597471,97,Released,Only the power of Hell can help them.,5.2,288
0,en,Stick It,9.750557,2006-04-21,0,105,Released,The world of competitive gymnastics is about to be turned on its head.,6.3,148
40000000,en,Shorts,4.100942,2009-08-21,28972508,89,Released,Not So TALL Tales From The Director Of 'Spy Kids',5.1,44
20000000,en,To Die For,12.309715,1995-05-20,21284514,106,Released,All she wanted was a little attention.,6.7,175
20000000,en,Nerve,62.933899,2016-07-27,83707310,96,Released,Are you a watcher or a player?,7.1,2181
20000000,en,Appaloosa,16.074397,2008-09-12,20211394,115,Released,Feelings get you killed.,6.3,299
20000000,en,Vampires,17.016284,1998-04-15,0,108,Released,From the Master of Evil. Comes a New Breed of Terror,5.8,255
806948,en,Psycho,93.067866,1960-06-16,32000000,109,Released,The master of suspense moves his cameras into the icy blackness of the unexplored!,8.2,2320
20000000,en,My Best Friend's Girl,17.145287,2008-09-19,36620508,101,Released,It's funny what love can make you do...,5.4,220
20000000,en,Endless Love,27.256849,2014-02-12,34077920,103,Released,Say Goodbye to Innocence,6.7,542
20000000,en,Georgia Rule,7.878177,2007-05-11,0,113,Released,"In this family, attitude doesn't skip a generation.",5.6,130
20000000,en,Under the Rainbow,0.173964,1981-07-31,2297493,98,Released,Who knew so many little people would throw such a huge party?,4.9,7
20000000,en,Ladyhawke,14.370111,1985-03-27,18432000,121,Released,No force in Heaven will release them. No power on Earth can save them.,6.8,260
20000000,en,Simon Birch,11.090254,1998-09-11,18253415,114,Released,Destiny has big plans for little Simon Birch.,6.5,52
20000000,en,Reign Over Me,20.82778,2007-03-23,22222308,124,Released,Let in the unexpected.,7.1,334
15000000,en,Into the Wild,43.644978,2007-09-11,56255142,148,Released,Into the heart. Into the soul.,7.8,3045
20000000,en,School for Scoundrels,8.244324,2006-09-29,17807569,100,Released,Life's A Game. Learn How To Play.,5.6,111
20000000,en,Silent Hill: Revelation 3D,23.292761,2012-10-10,52302796,94,Released,This Halloween prepare for a 3D ride through hell.,5.0,432
19000000,en,From Dusk Till Dawn,64.181668,1996-01-19,25836616,108,Released,One night is all that stands between them and freedom. But it's going to be a hell of a night.,6.9,1603
0,en,Pooh's Heffalump Movie,9.03154,2005-02-11,0,68,Released,There's something new in the Hundred Acre Wood.,6.4,88
0,en,Home for the Holidays,4.031585,1995-11-02,17519169,103,Released,We'll do it every year..until we get it right,6.3,39
20000000,cn,功夫,13.658985,2004-02-10,100914445,99,Released,So many gangsters...so little time.,7.2,831
35000000,en,The Country Bears,6.908351,2002-07-26,0,88,Released,It's A Bear Getting The Family Together!,4.3,20
20000000,en,The Kite Runner,10.446722,2007-10-14,73276047,128,Released,There is a way to be good again.,7.3,394
20000000,en,21 Grams,32.243357,2003-09-06,60427839,124,Released,How much does life weigh?,7.2,918
20000000,en,Paparazzi,9.149089,2004-09-03,16605763,84,Released,One good shot deserves another.,5.8,52
20000000,en,A Guy Thing,5.596835,2003-01-17,17432163,101,Released,Boy meets girl. Boy meets girl's cousin.,5.3,83
0,en,Loser,5.214408,2000-07-21,0,98,Released,Dare to be different.,5.0,120
20000000,en,Capitalism: A Love Story,10.50098,2009-09-06,17436509,120,Released,"Ask not what your C.E.O. can do for you, but what you can do for your C.E.O.",7.0,167
20000000,en,The Greatest Story Ever Told,3.011205,1965-02-15,15473333,199,Released,,6.5,41
19500000,en,Secret in Their Eyes,15.012237,2015-10-14,34854990,111,Released,The truth lies in the most unexpected places.,6.2,336
25000000,en,Disaster Movie,16.238961,2008-08-29,14109284,87,Released,Your favorite movies are going to be destroyed.,3.0,240
20000000,en,Armored,15.21229,2009-12-04,22942221,88,Released,Who will be the last man standing?,5.5,208
20000000,en,The Man Who Knew Too Little,6.397042,1997-11-14,13801755,97,Released,"He’s on a mission so secret, even he doesn’t know about it.",6.5,125
20000000,en,What's Your Number?,19.220789,2011-09-30,30426096,106,Released,Ally's looking for the best ex of her life.,6.2,671
20000000,en,Lockout,35.232278,2012-04-12,32204030,95,Released,Take no prisoners.,5.8,715
40000000,en,Envy,9.842771,2004-04-30,0,99,Released,"Success didn’t go to his head, it went to his neighbor.",4.8,139
20000000,en,Crank: High Voltage,35.542809,2009-04-16,34560577,96,Released,"Stay Charged, Stay Alive!",5.9,861
0,en,Bullets Over Broadway,7.829295,1994-10-14,0,98,Released,,7.0,130
20000000,en,One Night with the King,3.476925,2006-10-13,13391174,123,Released,Feel The Touch Of Destiny,6.1,12
30000000,en,The Quiet American,5.133744,2002-11-22,27674124,101,Released,,6.4,81
20000000,en,The Weather Man,14.031377,2005-10-20,12482775,101,Released,Dave Spritz is about to take his best shot . . . at life,6.0,289
20000000,en,Undisputed,17.227376,2002-08-23,12398628,96,Released,Two Enemies ... The Mob ... The Ultimate Showdown.,6.1,139
0,en,Ghost Town,17.98817,2008-09-19,0,102,Released,He sees dead people... and they annoy him.,6.4,286
20000000,en,12 Rounds,15.66135,2009-03-19,17280326,108,Released,Survive all 12,5.7,220
20000000,en,Let Me In,19.705311,2010-10-01,24145613,116,Released,Innocence dies. Abby doesn't.,6.7,641
0,en,3 Ninjas Kick Back,2.645722,1994-05-06,0,93,Released,"Colt, Rocky and Tum Tum are back for bigger kicks in an all new adventure",4.5,48
0,en,Be Kind Rewind,17.662683,2008-01-20,0,102,Released,"You name it, we shoot it.",6.2,424
0,en,Mrs Henderson Presents,2.894154,2005-09-09,0,103,Released,,6.4,62
20000000,en,Triple 9,29.371987,2016-02-19,12639297,115,Released,The Code on the Street is Never Black & White,5.6,797
20000000,en,Deconstructing Harry,11.352693,1997-08-26,10686841,96,Released,Harry Block has written a best seller... bout his best friends... he revealed their deepest secrets... and they're not pleased... now Harry Block is going to Hell...,7.3,187
20000000,en,Three to Tango,7.553773,1999-10-22,0,98,Released,All's fair in the war of love.,5.4,62
20000000,en,Burnt,30.477114,2015-10-02,36606743,100,Released,Never underestimate a man with everything to lose.,6.3,950
20000000,en,We're No Angels,9.927018,1989-12-15,0,106,Released,Escaped convicts disguised as priests. It'll take a miracle to get away with this one.,5.6,105
20000000,en,Everyone Says I Love You,12.379781,1996-12-06,0,101,Released,,6.5,147
20000000,en,Death Sentence,12.643703,2007-08-31,16974459,105,Released,Protect what's yours.,6.5,297
21000000,en,Everybody's Fine,15.440465,2009-12-04,0,99,Released,Frank's travelling light but carrying excess baggage.,6.5,284
0,en,Superbabies: Baby Geniuses 2,5.886228,2004-08-27,9109322,88,Released,Meet the new generation of superheroes.,1.9,35
0,en,The Man,6.925645,2005-09-08,12382362,83,Released,One guy walks the walk. The other talks and talks.,5.4,133
20000000,en,Code Name: The Cleaner,9.36146,2007-01-05,10337477,84,Released,,4.7,78
20000000,en,Connie and Carla,6.102663,2004-04-16,11341016,98,Released,"When you follow your dream, there's no telling what you'll become.",6.4,24
8000000,en,Sweet Charity,0.709143,1969-01-01,20000000,149,Released,Love is what it's all about!,6.5,15
20000000,en,Inherent Vice,45.742217,2014-12-25,11110975,148,Released,"Under the paving stones, the beach!",6.5,833
0,en,Doogal,1.682839,2006-02-24,0,85,Released,Things are about to get hairy.,3.2,18
20000000,en,Battle of the Year,8.237336,2013-09-21,16549477,110,Released,The World is watching,5.9,88
20000000,en,An American Carol,2.605374,2008-10-03,7000000,83,Released,Laugh like you're country depends on it.,4.1,20
12000000,en,Machete Kills,29.072964,2013-09-12,15008161,107,Released,Trained to kill. Left for dead. Back for more.,5.3,631
22000000,en,Willard,1.322528,2003-03-14,0,100,Released,"When the cat's away, the rats will play.",5.8,82
0,en,Strange Wilderness,4.961306,2008-02-01,6575282,87,Released,This ain't March of the Penguins.,4.7,69
0,en,Topsy-Turvy,8.628519,1999-09-03,0,160,Released,Gilbert & Sullivan & So Much More,6.7,41
20000000,en,Little Boy,12.232048,2015-04-23,6420319,106,Released,Believe the impossible.,7.0,185
15000000,en,A Dangerous Method,27.133277,2011-09-30,27462041,99,Released,Why deny what you desire the most.,6.2,571
8700000,en,A Scanner Darkly,26.093043,2006-05-25,7659918,100,Released,Everything Is Not Going To Be OK,6.8,532
0,en,Chasing Mavericks,13.621201,2012-10-25,0,117,Released,Legends Start Somewhere,7.0,216
20000000,en,Alone in the Dark,9.292987,2005-01-28,10442808,96,Released,Can mankind defeat the army of darkness unleashed by an ancient evil cult?,3.1,173
20000000,en,Bandslam,7.716606,2009-08-06,5210988,111,Released,Band Together,5.4,126
20000000,en,Birth,7.698075,2004-09-08,0,100,Released,Be careful what you wish for.,5.9,179
20000000,en,A Most Violent Year,37.629309,2014-12-30,12007070,125,Released,The result is never in question. Just the path you take to get there.,6.5,546
0,en,Passchendaele,2.405911,2008-10-17,0,114,Released,,6.3,26
0,en,Flash of Genius,3.350297,2008-09-07,0,119,Released,"Corporations have time, money, and power on their side. All Bob Kearns had was the truth.",6.3,59
20000000,en,I'm Not There.,13.032308,2007-10-01,4001121,135,Released,All I Can Do Is Be Me Whoever That Is,6.6,195
20000000,en,The Cold Light of Day,15.131867,2012-04-04,16863583,93,Released,Be careful who you trust.,4.8,271
20000000,en,The Brothers Bloom,10.218307,2008-09-09,5530764,114,Released,They'd never let the truth come between them.,6.8,203
21000000,en,"Synecdoche, New York",12.761176,2008-10-24,0,124,Released,,7.4,278
26500000,ja,もののけ姫,60.732738,1997-07-12,159375308,134,Released,The Fate Of The World Rests On The Courage Of One Warrior.,8.2,1983
0,fr,Bon voyage,0.49446,2003-04-16,0,114,Released,,5.7,20
0,en,Can't Stop the Music,6.574285,1980-06-20,0,124,Released,The Musical Comedy Smash of the 80's!,4.9,9
2000000,en,The Proposition,14.617944,2005-10-06,5048693,104,Released,This land will be civilized.,7.1,218
20000000,en,My All American,3.102987,2015-11-13,0,118,Released,Hope never quits,6.8,36
20000000,en,Marci X,5.65327,2003-08-22,1675706,84,Released,Uptown Gets Down.,3.3,12
20000000,en,Equilibrium,44.566609,2002-12-06,5359645,107,Released,"In a future where freedom is outlawed, outlaws will become heroes.",6.9,1552
40000000,zh,黃石的孩子,8.978408,2008-07-03,7400000,125,Released,"War made them orphans, one man made them legends",6.5,52
0,en,The Yards,10.150993,2000-04-27,0,115,Released,He's the target of the most merciless family in New York. His own.,6.0,97
0,en,The Oogieloves in the Big Balloon Adventure,0.28576,2012-08-29,0,88,Released,,2.2,8
10000000,en,By the Sea,11.267676,2015-11-12,3727746,122,Released,,5.4,156
20000000,ja,Steamboy,9.129808,2004-07-17,0,126,Released,He will save the future.,6.4,102
0,en,The Game of Their Lives,2.013405,2005-01-01,0,101,Released,,5.8,14
0,en,All Good Things,20.086645,2010-12-03,0,101,Released,The perfect love story. Until it became the perfect crime.,5.9,286
20000000,en,Rapa Nui,3.581906,1994-09-09,305070,107,Released,,6.2,33
0,cn,長江七號,12.373248,2008-01-30,47301471,86,Released,It's out of this world.,6.1,107
0,fr,Les Visiteurs 2 : Les Couloirs du temps,12.283025,1998-02-11,0,118,Released,They come back!,5.8,221
20000000,en,Dylan Dog: Dead of Night,10.617236,2011-03-16,4634062,107,Released,No pulse? No problem,4.5,139
20000000,en,People I Know,6.377308,2002-11-21,0,100,Released,,5.5,48
20000000,en,The Tempest,3.620537,2010-12-10,346594,110,Released,,6.0,31
0,en,Regression,27.215666,2015-10-01,17671101,106,Released,Fear always finds its victim,5.3,585
0,en,三国之见龙卸甲,4.127155,2008-04-03,0,102,Released,,6.6,35
20000000,en,Butterfly on a Wheel,13.118983,2007-07-27,0,95,Released,Lives will be broken,6.3,130
20000000,en,Zambezia,14.182301,2012-06-05,0,83,Released,Airborne to be wild.,5.3,68
0,ta,ராமானுஜன்,0.416179,2014-07-11,0,170,Released,,5.0,3
0,en,Dwegons,0.485405,2014-01-24,0,98,Released,,0.5,1
20000000,en,Hands of Stone,7.444189,2016-08-26,0,105,Released,No más. No surrender.,6.1,109
20000000,en,Survivor,33.625477,2015-05-21,0,96,Released,His Next Target is Now Hunting Him,5.4,404
27220000,en,The Frozen Ground,28.060472,2013-07-18,5496951,105,Released,The hunter becomes the hunted,6.1,465
19400000,en,The Painted Veil,20.746932,2006-12-09,0,125,Released,Sometimes the greatest journey is the distance between two people.,7.1,312
27000000,de,Der Baader Meinhof Komplex,7.727035,2008-09-24,0,150,Released,,7.1,157
22000000,en,Dances with Wolves,45.707835,1990-11-09,424208848,181,Released,Inside everyone is a frontier waiting to be discovered.,7.6,1046
20000000,en,Bad Teacher,28.497242,2011-05-16,216197492,92,Released,She doesn't give an F.,5.4,1584
19000000,en,Sea of Love,11.47316,1989-09-15,110879513,113,Released,Deception is dangerous. Desire is deadly.,6.7,141
19000000,en,A Cinderella Story,25.28132,2004-07-10,70067909,95,Released,Once upon a time... can happen any time.,6.1,713
14000000,en,Scream,45.99611,1996-12-20,173046663,111,Released,Someone has taken their love of scary movies one step too far.,7.0,1476
0,en,Thir13en Ghosts,20.392858,2001-10-26,0,91,Released,"There are ghosts around us all the time. Most of them don't want to hurt us. But, there are exceptions...",5.4,440
19000000,en,The Shining,78.699993,1980-05-22,44017374,144,Released,A masterpiece of modern horror.,8.1,3757
19000000,en,Back to the Future,76.603233,1985-07-03,381109762,116,Released,He's the only kid ever to get into trouble before he was born.,8.0,6079
19000000,en,House on Haunted Hill,13.664614,1999-10-29,40846082,93,Released,Evil loves to party.,5.5,209
0,en,I Can Do Bad All By Myself,2.242809,2009-09-11,0,113,Released,,6.0,40
27000000,en,Fight Valley,1.224105,2016-07-22,0,90,Released,One way in. No way out.,3.9,8
19000000,en,The Switch,27.494037,2010-05-11,49830607,101,Released,The most unexpected comedy ever conceived.,5.9,583
18000000,en,Just Married,18.47518,2003-01-09,101564935,95,Released,Welcome to the honeymoon from hell.,5.3,404
19100000,en,The Devil's Double,10.559414,2011-02-11,5728213,109,Released,"The 80's were brilliant, if you were in charge.",6.5,208
0,en,Thomas and the Magic Railroad,1.916351,2000-07-26,0,85,Released,Little Engines CAN Do Big Things...,4.6,8
20000000,en,The Crazies,28.867568,2010-02-26,54956140,101,Released,Fear Thy Neighbor,6.2,633
15000000,ja,千と千尋の神隠し,118.968562,2001-07-20,274925095,125,Released,The tunnel led Chihiro to a mysterious town...,8.3,3840
0,zh,風暴,3.376967,2013-12-12,0,110,Released,,5.9,43
25000000,en,The Bounty,7.436491,1984-05-04,8613462,132,Released,"After 200 years, the truth behind the legend.",6.5,108
0,en,The Book Thief,57.84156,2013-11-08,76586316,131,Released,Courage beyond words.,7.4,1486
19000000,en,Sex Drive,17.952817,2008-10-16,18755936,109,Released,He's leaving virgin territory,6.0,342
19000000,en,Leap Year,21.959742,2010-01-08,29922472,100,Released,Anna planned to propose to her boyfriend on February 29th. This is not her boyfriend.,6.4,465
19000000,en,The Fall of the Roman Empire,4.229942,1964-03-24,4750000,188,Released,The Most Magnificent Re-Creation . . . Of An Ancient Empire . . . Launches A New Epoch In Motion Pictures . . .,6.0,33
19000000,en,Take Me Home Tonight,11.766564,2011-03-04,6928068,97,Released,Best. Night. Ever.,6.2,208
0,en,Won't Back Down,2.366251,2012-09-28,5310554,121,Released,If you can't beat the system... change it,5.8,40
19000000,en,The Nutcracker,0.068228,1993-11-24,2119994,93,Released,The joy of the New York City Ballet in an exciting family holiday motion picture.,5.6,5
18000000,en,Kansas City,5.380733,1996-08-16,0,116,Released,"Kansas City, 1934. Anything could happen here. One night it did.",6.1,12
0,en,Indignation,5.625989,2016-07-29,0,110,Released,Based on the novel by Philip Roth.,6.8,69
19000000,en,The Amityville Horror,30.205943,2005-04-15,108047131,90,Released,What happened over the next 28 days has never been explained.,6.0,588
19000000,en,Adaptation.,26.441669,2002-12-06,32801173,114,Released,"From the creator of Being John Malkovich, comes the story about the creator of Being John Malkovich.",7.3,638
15000000,en,Land of the Dead,15.262492,2005-06-24,46770602,93,Released,The dead shall inherit the Earth.,6.0,381
0,cn,逃出生天,1.583918,2013-03-10,0,107,Released,,5.8,11
18500000,en,Fear and Loathing in Las Vegas,44.511363,1998-05-22,10680275,118,Released,"Buy the ticket, take the ride.",7.2,1301
18500000,en,The Invention of Lying,16.665841,2009-09-13,31912793,100,Released,In a world where everyone can only tell the truth... This guy can lie.,6.0,518
18000000,en,Neighbors,36.471231,2014-05-08,268157400,96,Released,Family vs. Frat,6.2,2713
23000000,en,The Mask,85.30318,1994-07-29,351583407,101,Released,From zero to hero.,6.6,2472
18000000,en,Big,20.716023,1988-06-03,151668774,104,Released,You're Only Young Once But For Josh It Might Just Last A Lifetime.,6.9,993
18000000,en,Borat: Cultural Learnings of America for Make Benefit Glorious Nation of Kazakhstan,29.487784,2006-11-01,261572744,82,Released,"Come to Kazakhstan, it's nice!",6.5,1579
18000000,en,Legally Blonde,25.43954,2001-07-13,141774679,96,Released,Don't judge a book by its hair color!,6.1,882
18000000,en,Star Trek III: The Search for Spock,15.314027,1984-05-31,87000000,105,Released,A dying planet. A fight for life.,6.4,434
19000000,en,The Exorcism of Emily Rose,32.602868,2005-09-09,144216468,122,Released,What happened to Emily?,6.3,659
17000000,en,Deuce Bigalow: Male Gigolo,9.832326,1999-12-10,65535067,88,Released,He charges $10 but he’s willing to negotiate.,5.5,308
16000000,en,Left Behind,33.452469,2014-10-03,19682924,110,Released,The End Begins,3.7,392
0,en,The Family Stone,14.190837,2005-12-14,0,103,Released,Feel The Love,6.2,249
18000000,en,Barbershop 2:  Back in Business,6.501815,2004-01-20,65070412,106,Released,Let your hair down,5.6,74
23000000,en,Bad Santa,26.58873,2003-11-26,76488889,91,Released,He doesn't care if you're naughty or nice.,6.5,656
16500000,en,Austin Powers: International Man of Mystery,36.15716,1997-05-02,67683989,94,Released,"If he were any cooler, he'd still be frozen, baby!",6.5,1013
18000000,en,My Big Fat Greek Wedding 2,16.027955,2016-03-23,88923251,94,Released,People change. Greeks don't.,5.5,322
21000000,en,Diary of a Wimpy Kid: Rodrick Rules,14.329891,2011-03-25,72417394,99,Released,Welcome to the next grade,6.3,238
18000000,en,Predator,50.009408,1987-06-11,98235548,107,Released,"If it bleeds, we can kill it...",7.3,2093
18000000,en,Amadeus,31.82675,1984-10-26,51973029,160,Released,...Everything you've heard is true,7.8,1076
0,en,Prom Night,9.642041,2008-04-10,14796236,88,Released,A Night To Die For.,4.8,167
17000000,en,Mean Girls,36.423717,2004-04-30,129042871,97,Released,Welcome to girl world.,6.9,2320
0,en,Under the Tuscan Sun,12.309718,2003-04-30,0,113,Released,Life offers you a thousand chances ... all you have to do is take one.,6.4,172
19800000,en,Gosford Park,11.693272,2001-11-07,87754044,137,Released,Tea at four. Dinner at eight. Murder at midnight.,6.8,246
18000000,en,Peggy Sue Got Married,12.243887,1986-10-05,41382841,103,Released,"Knowing what you know now, what would you do differently?",5.9,136
18000000,en,Birdman,89.811154,2014-08-27,103215094,119,Released,or (The Unexpected Virtue of Ignorance),7.4,4535
18000000,en,Blue Jasmine,34.694216,2013-07-25,99206215,98,Released,Blue Moon. I used to know the words. Now they're all a jumble.,7.0,1098
15000000,en,United 93,17.50138,2006-04-28,76286096,111,Released,"September 11, 2001. Four planes were hijacked. Three of them reached their target. This is the story of the fourth.",6.9,367
18000000,en,Honey,18.492655,2003-11-24,62646763,94,Released,Her dream. Her terms,6.0,303
18000000,en,Spy Hard,11.238522,1996-05-24,0,81,Released,All the action. All the women. Half the intelligence.,4.9,147
1000000,en,The Fog,14.518598,1980-02-08,21378361,89,Released,Lock your doors. Bolt your windows. There's something in THE FOG!,6.4,311
18000000,en,Soul Surfer,19.234672,2011-04-08,47088990,106,Released,"When you come back from a loss, beat the odds, and never say never, you find a champion.",6.9,342
18000000,en,Catch-22,4.504377,1970-06-24,24911670,121,Released,,6.7,72
0,en,Observe and Report,10.529143,2009-04-10,24007324,86,Released,"Right now, the world needs a hero.",5.6,225
18000000,en,Conan the Destroyer,18.379124,1984-06-29,100000000,103,Released,The most powerful legend of all is back in a new adventure.,5.8,383
18000000,en,Raging Bull,35.524457,1980-11-14,23000000,129,Released,,7.7,938
18000000,en,Love Happens,13.472365,2009-09-18,36133014,109,Released,Sometimes when you least expect it...,5.6,180
18000000,en,Young Sherlock Holmes,8.321586,1985-12-04,0,109,Released,"Before a lifetime of adventure, they lived the adventure of a lifetime.",6.7,167
0,en,Fame,7.668063,2009-01-01,0,107,Released,,5.5,135
18000000,en,127 Hours,52.464877,2010-11-05,35692920,94,Released,There is no force more powerful than the will to live.,7.0,2606
0,en,Small Time Crooks,11.423533,2000-05-19,0,94,Released,They took a bite out of crime,6.4,155
18000000,en,Center Stage,6.961736,2000-05-12,17200925,115,Released,Life doesn't hold tryouts.,6.8,90
17000000,en,Love the Coopers,9.191187,2015-11-12,24000000,107,Released,"Christmas means comfort, joy and chaos.",5.4,167
18000000,en,Catch That Kid,4.492859,2004-02-06,16702864,92,Released,They're on a mission without permission.,4.9,76
18000000,en,Life as a House,5.706767,2001-10-25,0,125,Released,"Seen from a distance, it's perfect.",7.2,120
30000000,en,Steve Jobs,53.670525,2015-10-09,34441873,122,Released,Can a great man be a good man?,6.8,1573
18000000,en,"I Love You, Beth Cooper",14.15192,2009-07-10,0,102,Released,Popularity is nice. Popular girls are not.,5.1,197
18000000,en,Youth in Revolt,13.462544,2009-09-11,0,87,Released,"Every ""Revolution"" Needs A Leader",5.9,319
18000000,en,The Legend of the Lone Ranger,11.725805,1981-08-20,2945600,98,Released,"The untold story of the man behind the mask, and the legend behind the man.",3.7,14
21000000,en,The Tailor of Panama,7.047975,2001-02-11,28008462,109,Released,"In a place this treacherous, what a good spy needs is a spy of his own.",6.2,92
18000000,en,Blow Out,13.628601,1981-07-24,12000000,108,Released,Murder has a sound all of its own!,7.3,236
18000000,en,Getaway,16.520516,2013-08-29,10501938,90,Released,Get in. Get out. Getaway.,4.9,246
18000000,en,The Ice Storm,14.916264,1997-09-27,8038061,112,Released,"It was 1973, and the climate was changing.",6.9,176
18000000,en,And So It Goes,9.633711,2014-07-20,25312387,94,Released,,5.7,164
0,en,Troop Beverly Hills,3.455018,1989-03-22,0,105,Released,"When the going gets tough, the tough go shopping!",5.6,56
0,en,Being Julia,1.946634,2004-09-03,0,104,Released,Passion. Obsession. Revenge. Prepare for the performance of a lifetime.,6.4,23
17000000,en,Nine 1/2 Weeks,12.313143,1986-02-14,6735922,117,Released,They Broke Every Rule,5.8,177
18000000,en,Dragonslayer,3.258422,1981-06-26,14110013,108,Released,"In the Dark Ages, Magic was a weapon. Love was a mystery. Adventure was everywhere... And Dragons were real.",6.5,67
0,en,The Last Station,3.659292,2009-09-04,0,112,Released,Intoxicating. Infuriating. Impossible. Love.,6.7,55
18000000,en,Ed Wood,24.548633,1994-09-27,5887457,127,Released,"When it came to making bad movies, Ed Wood was the best.",7.3,630
18000000,en,Labor Day,17.683563,2013-12-27,20275812,111,Released,,6.7,299
18000000,ru,Монгол,10.1449,2007-09-20,26527510,120,Released,Greatness comes to those who take it.,6.5,158
18000000,en,RockNRolla,31.887978,2008-09-04,25739015,114,Released,"A story of sex, thugs and rock 'n roll.",6.9,836
0,en,Megaforce,1.110179,1982-06-25,0,99,Released,Deeds not Words,3.5,15
0,en,Hamlet,9.814785,1996-12-25,0,242,Released,,7.3,117
25000000,en,Mao's Last Dancer,1.876811,2009-10-01,20719451,117,Released,最后的舞者,6.8,28
18000000,en,Midnight Special,32.717853,2016-02-18,6212282,112,Released,He's not like us.,6.2,694
0,en,Anything Else,8.945081,2003-08-27,0,108,Released,In any relationship one person always does the heavy lifting.,6.2,149
18000000,en,The Railway Man,13.916583,2013-12-26,22309223,116,Released,Revenge is never a straight line.,6.7,273
15238800,de,Das weisse Band,17.94739,2009-05-21,0,144,Released,,7.2,255
0,en,Restoration,2.525569,2016-05-03,0,90,Released,,5.3,11
2700000,en,The Wraith,10.47644,1986-11-21,3500000,93,Released,He's not from around here...,5.9,108
18000000,en,Salton Sea,10.991281,2002-01-01,676698,103,Released,"If you're looking for the truth, you've come to the wrong place.",7.0,104
18000000,en,Metallica: Through the Never,7.871686,2013-09-25,7972967,93,Released,Experience Metallica like never before,6.7,83
18000000,en,The Informers,6.333869,2008-11-05,382174,98,Released,Greed is good. Sex is easy. Youth is forever.,4.4,60
18000000,en,Carlos,1.138383,2010-05-19,871279,338,Released,The man who hijacked the world,6.7,50
18000000,en,I Come with the Rain,8.266124,2009-05-14,0,114,Released,,5.6,20
0,en,One Man's Hero,0.910529,1999-08-02,0,121,Released,One man's hero is another man's traitor.,9.3,2
3500000,en,Day of the Dead,18.025206,1985-07-19,34000000,96,Released,The darkest day of horror the world has ever known.,6.9,270
18000000,en,I Am Wrath,10.144222,2016-04-14,0,92,Released,I lay my vengeance upon them.,4.5,179
18000000,fr,Renaissance,9.244181,2006-03-16,1831348,105,Released,Paris 2054. Live forever or die trying,6.7,77
17900000,en,Red Sonja,12.752463,1985-04-09,6948633,89,Released,A woman and a warrior that became a legend.,5.0,206
14000000,en,Red Lights,22.748174,2012-03-02,13551174,119,Released,How much do you want to believe?,6.0,376
20000000,en,Superbad,33.436092,2007-08-17,121463226,113,Released,Come and Get Some!,7.0,2100
0,en,Madea Goes to Jail,3.107371,2009-02-16,90508336,103,Released,,6.4,52
18000000,en,Wolves,7.922639,2014-08-28,0,90,Released,Unleash the beast,5.7,82
23000000,en,Step Up 2: The Streets,28.973074,2008-02-14,150816700,98,Released,It's not where you're from. It's where you're at.,6.5,640
15000000,en,Hoodwinked!,23.980329,2005-12-16,51053787,80,Released,Armed And Dangerously Dumb.,5.9,479
17500000,en,Hotel Rwanda,28.60542,2004-09-11,38000000,121,Released,"When the world closed its eyes, he opened his arms.",7.5,793
24000000,en,Hitman,42.669304,2007-11-21,99965753,89,Released,Assassin 47,5.9,966
17500000,en,Black Nativity,7.180403,2013-11-27,7018189,93,Released,The Musical Event of the Holiday Season,5.8,16
18000000,en,The Prince,21.638673,2014-08-22,266586800,93,Released,Mercy is for the Weak,4.6,218
0,en,City of Ghosts,2.64486,2002-01-01,0,116,Released,,5.4,18
0,en,The Others,25.881355,2001-08-02,0,101,Released,"Sooner or later she'll see them, then everything will be different.",7.4,1660
18500000,en,Aliens,67.66094,1986-07-18,183316455,137,Released,This Time It's War,7.7,3220
17000000,en,My Fair Lady,20.786616,1964-10-21,72070731,170,Released,The loverliest motion picture of them all!,7.4,352
17000000,en,I Know What You Did Last Summer,27.654472,1997-10-17,125586134,100,Released,"If you're going to bury the truth, make sure it stays buried.",5.6,687
17000000,en,Let's Be Cops,70.668923,2014-08-13,136621271,104,Released,Fake Cops. Real Trouble.,6.4,1219
16000000,en,Sideways,23.425431,2004-10-22,109502303,126,Released,In search of wine. In search of women. In search of themselves.,6.9,478
17500000,en,Beerfest,14.304444,2006-08-25,19179969,110,Released,Prepare for the ultimate chug of war.,5.8,172
300000,en,Halloween,30.301307,1978-10-25,70000000,91,Released,The Night He Came Home,7.4,1035
17000000,en,Good Boy!,3.56033,2003-10-10,0,87,Released,Rover is about to take over.,4.7,30
17000000,en,The Best Man Holiday,7.210095,2013-11-15,71625195,123,Released,Times change. Friendship doesn't.,6.7,110
17000000,en,Smokin' Aces,23.491962,2006-12-09,57103895,109,Released,Nobody gets away clean.,6.4,534
20000000,en,Saw 3D,36.133536,2010-10-21,136150434,90,Released,The Traps Come Alive,5.8,730
17000000,en,40 Days and 40 Nights,14.18136,2002-03-01,0,94,Released,Easier said than done.,5.2,297
17000000,en,A Night at the Roxbury,12.709227,1998-10-01,30331165,81,Released,Score!,5.9,198
17000000,en,Beastly,24.054062,2011-01-21,43165571,86,Released,Love is never ugly.,6.0,849
15000000,en,The Hills Have Eyes,35.107857,2006-03-10,69623713,107,Released,The lucky ones die first.,6.1,705
0,en,Dickie Roberts: Former Child Star,10.149569,2003-09-05,0,98,Released,50 million people used to watch him on TV. Now he washes their cars.,5.1,64
0,en,"McFarland, USA",14.023082,2015-02-20,45710059,128,Released,Champions Can Come From Anywhere.,7.4,213
0,en,Lottery Ticket,9.054803,2010-08-20,0,99,Released,Winning is Just the Beginning Surviving is Another Story,5.6,54
20000000,en,ATL,5.422285,2006-03-31,21170563,105,Released,A New American Story,6.0,32
17000000,en,Pitch Perfect,32.746486,2012-09-28,115350426,112,Released,Get pitch slapped.,7.3,2247
34000000,en,Summer Catch,3.960098,2001-08-22,19693891,108,Released,Are you game?,4.8,63
0,en,A Simple Plan,10.178917,1998-12-11,0,121,Released,Sometimes good people do evil things.,6.9,187
17000000,en,They,4.544216,2002-11-01,0,89,Released,Are you afraid of the dark? You should be.,4.6,74
0,en,Larry the Cable Guy: Health Inspector,2.184708,2006-03-24,0,89,Released,,3.3,17
0,en,The Adventures of Elmo in Grouchland,3.09159,1999-10-01,0,73,Released,"The Good, The Bad and The Stinky.",6.3,14
17000000,en,Brooklyn's Finest,18.790102,2009-01-16,29536299,133,Released,This is War. This is Brooklyn.,6.2,293
17000000,en,55 Days at Peking,3.321095,1963-05-06,10000000,154,Released,A handful of men and women held out against the frenzied hordes of bloodthirsty fanatics!,6.3,36
17000000,en,Evil Dead,33.912116,2013-04-05,97542952,91,Released,The most terrifying film you will ever experience.,6.4,1723
17000000,en,My Life in Ruins,5.787891,2009-02-06,20455276,95,Released,The most fun you can have without a passport.,5.6,101
17000000,en,American Dreamz,7.864011,2006-03-04,7314027,107,Released,Imagine a country where more people vote for a pop idol than they do for their next President.,4.9,95
17000000,en,Superman IV: The Quest for Peace,17.062117,1987-07-23,19300000,90,Released,"Nuclear Power. In the best hands, it is dangerous. In the hands of Lex Luthor, it is pure evil. This is Superman's greatest battle. And it is for all of us.",4.1,318
0,en,How She Move,1.782666,2008-01-25,0,94,Released,,3.0,6
17000000,en,Running Scared,19.311572,2006-01-06,9500000,122,Released,Every bullet leaves a trail.,7.0,331
0,en,Bobby Jones: Stroke of Genius,2.897449,2004-04-30,0,120,Released,,5.5,19
17000000,en,Shanghai Surprise,0.138564,1986-08-29,0,97,Released,A romantic adventure for the dangerous at heart.,2.9,15
40000000,en,The Illusionist,36.960953,2006-08-18,86915017,110,Released,Nothing Is What It Seems.,7.1,1615
17000000,en,Roar,1.15641,1981-11-12,2000000,102,Released,No animals were harmed in the making of this movie. 70 members of the cast and crew were.,5.6,19
17000000,en,Veronica Guerin,9.583578,2003-07-11,1569918,98,Released,Why would anyone want to kill Veronica Guerin?,6.8,59
17000000,en,Escobar: Paradise Lost,25.112567,2014-10-11,3758328,120,Released,Welcome to the family,6.1,271
17000000,en,Southland Tales,9.349386,2006-05-15,374743,144,Released,Have a nice apocalypse.,5.2,153
15000000,fr,Chasseurs de dragons,8.884405,2008-03-19,0,80,Released,Dragon hunting isn't a fairy tale,6.5,129
17000000,en,Damnation Alley,2.215261,1977-09-10,8720000,91,Released,,5.0,27
17000000,en,The Apparition,6.385234,2012-08-23,9627492,82,Released,Once You Believe You Die,4.5,140
16500000,en,My Girl,20.935169,1991-11-27,0,102,Released,"When your Dad's an undertaker, your Mom's in heaven, and your Grandma's got a screw loose...it's good to have a friend who understands you. Even if he is a boy.",7.0,428
16800000,en,Fur: An Imaginary Portrait of Diane Arbus,4.358255,2006-08-30,2281089,122,Released,A love story.,5.8,73
15000000,en,Wall Street,24.898687,1987-12-10,43848069,126,Released,Every dream has a price.,7.0,546
16500000,en,Sense and Sensibility,20.898711,1995-12-13,135000000,136,Released,Lose your heart and come to your senses.,7.2,352
16500000,en,Becoming Jane,18.236284,2007-03-02,37311672,120,Released,Her own life is her greatest inspiration.,6.9,317
16500000,en,Sydney White,10.74648,2007-09-21,13620075,108,Released,Freshman year is no fairytale,6.0,236
16500000,en,House of Sand and Fog,12.102725,2003-12-19,16942795,126,Released,Some dreams can't be shared.,7.0,199
16400000,en,Dead Poets Society,55.458584,1989-06-02,235860116,129,Released,He was their inspiration. He made their lives extraordinary.,8.1,2705
16000000,en,Dumb and Dumber,35.777067,1994-12-16,247275374,107,Released,"What the one doesn't have, the other is missing.",6.5,1859
16000000,en,When Harry Met Sally...,18.430419,1989-07-21,92823546,96,Released,Can two friends sleep together and still love each other in the morning?,7.3,950
16000000,en,The Verdict,7.980632,1982-12-08,53977250,129,Released,"The doctors want to settle, the Church wants to settle, their lawyers want to settle, and even his own clients are desperate to settle. But Galvin is determined to defy them all. He will try the case.",7.4,131
16000000,en,Road Trip,14.759948,2000-05-19,119754278,93,Released,The greatest college tradition of all.,5.9,542
0,en,Varsity Blues,9.229999,1999-01-15,0,106,Released,It takes a hero to know what's worth winning.,6.0,122
15000000,en,The Artist,29.943316,2011-05-15,133432856,100,Released,A Breath Of Fresh Vintage Air,7.3,1049
16000000,en,The Unborn,15.788784,2009-01-09,76514050,87,Released,Evil will do anything to live.,4.8,365
16000000,en,Moonrise Kingdom,41.083914,2012-05-16,68263166,94,Released,A tormenting and surprising story of children and adults during the stormy days of the summer of 1965.,7.6,1662
16000000,en,The Texas Chainsaw Massacre: The Beginning,21.380635,2006-10-06,0,91,Released,What you know about fear... doesn't even come close.,5.9,402
18500000,en,The Young Messiah,1.884558,2016-03-10,6490401,120,Released,"Before he was the savior, he was a child.",6.4,30
0,en,The Master of Disguise,4.382761,2002-08-02,0,80,Released,He can get into any disguise... getting out is another story.,3.7,78
19000000,es,El laberinto del fauno,90.809408,2006-05-27,83258226,118,Released,What happens when make-believe believes it's real?,7.6,3041
0,en,See Spot Run,6.579017,2001-03-02,0,94,Released,The Smart One Isn't Wearing Any Pants.,4.8,44
16000000,en,Baby Boy,7.854989,2001-06-27,29381649,130,Released,Just a Baby Boy.,7.4,55
16000000,en,The Roommate,11.807269,2011-02-04,40492759,91,Released,"2,000 colleges. 8 million roommates. Which one will you get?",5.3,224
17700000,en,Joe Dirt,15.976335,2001-04-10,30987695,91,Released,He Came. He Cleaned. He Conquered.,5.5,242
15000000,en,Double Impact,10.484642,1991-08-10,30102717,110,Released,Two brothers separated by the violence. Now together in a mission of revenge.,5.3,215
12000000,en,Hot Fuzz,38.623178,2007-02-14,80573774,121,Released,Big cops. Small town. Moderate violence.,7.4,2199
16000000,en,The Women,8.8321,2008-09-12,50007546,114,Released,,4.6,96
15000000,en,Vicky Cristina Barcelona,32.758254,2008-08-15,96408652,96,Released,Life is the ultimate work of art,6.7,1020
25000000,sv,Arn: Tempelriddaren,6.091033,2007-12-17,0,139,Released,A Knight in the Holy Land. A Woman in the Frozen North. A War that Kept Them Apart.,6.4,76
16000000,en,Boys and Girls,9.119797,2000-06-16,20627372,94,Released,Warning: Sex Changes Everything,5.4,103
0,en,White Oleander,9.423866,2002-10-11,0,109,Released,,7.2,108
16000000,en,Jennifer's Body,32.257414,2009-09-18,31556061,100,Released,She's evil... and not just high school evil.,5.3,837
16000000,en,Drowning Mona,3.021835,2000-03-03,15427192,96,Released,"The death of Mona Dearly wasn't so much a whodunnit, as a who didn't.",5.4,43
16000000,en,Radio Days,7.612849,1987-01-30,0,90,Released,,7.0,127
20000000,en,Remember Me,36.764666,2010-03-12,0,113,Released,Live in the moments.,6.9,948
0,en,How to Deal,3.199784,2003-07-18,0,99,Released,Rule #1 There are no rules.,5.7,42
20000000,en,My Stepmother is an Alien,9.455596,1988-12-09,13854000,108,Released,Man's closest encounter.,5.3,131
26000000,en,Philadelphia,44.301745,1993-12-22,206678440,125,Released,No one would take on his case... until one man was willing to take on the system.,7.6,988
16000000,en,The Thirteenth Floor,19.890428,1999-04-16,18564088,100,Released,Question reality. You can go there even though it doesn't exist.,6.8,378
16000000,en,The Cookout,0.830596,2004-09-03,12,97,Released,"This summer, get your grill on!",4.6,10
0,en,Meteor,2.637355,1979-10-19,0,107,Released,There's No Place On Earth To Hide!,5.1,36
0,en,Duets,2.25453,2000-09-09,0,112,Released,Six littles souls in search of a little harmony.,5.5,34
16000000,en,Hollywood Ending,8.711782,2002-05-03,0,112,Released,It's going to be a shot in the dark!,6.4,113
6500000,en,Detroit Rock City,5.700333,1999-08-13,4217115,95,Released,Kiss The Rules Goodbye.,6.7,100
16000000,en,Highlander,29.253833,1986-03-07,5900000,116,Released,There can be only one.,6.8,624
16000000,en,Things We Lost in the Fire,8.842869,2007-09-26,2849142,113,Released,Hope comes with letting go.,6.7,90
16000000,en,Steel,2.848727,1997-08-15,1686429,97,Released,Heroes don't come any bigger.,4.3,48
16000000,en,The Immigrant,13.832464,2013-07-03,5867686,117,Released,,6.2,250
0,en,The White Countess,4.488547,2005-10-30,0,135,Released,,6.9,21
20000000,en,Trance,38.802415,2013-03-27,24261569,101,Released,Don't be a hero.,6.5,956
16000000,en,Soul Plane,9.400404,2004-05-28,14822346,86,Released,Announcing the arrival of the first airline with soul.,4.7,108
11000000,fr,Bienvenue chez les ch'tis,18.923181,2008-01-09,53191886,106,Released,,6.8,615
0,en,Good,2.397987,2008-12-11,0,96,Released,Anything that makes people happy can't be bad can it?,6.3,29
13000000,en,Enter the Void,20.39955,2009-05-05,754249,161,Released,,7.2,387
16000000,en,Vamps,7.251897,2012-08-25,0,93,Released,Dating Sucks,4.8,91
16000000,en,Hachi: A Dog's Tale,43.217089,2009-06-13,47801389,93,Released,"A true story of faith, devotion and undying love.",7.7,1717
16000000,en,Zulu,14.529496,2013-12-04,0,110,Released,,6.7,172
16000000,en,The Homesman,20.59148,2014-05-18,3442853,122,Released,,6.4,258
15600000,en,Juwanna Mann,2.244947,2002-06-21,0,91,Released,,4.2,20
0,en,Ararat,1.326264,2002-05-20,0,115,Released,,5.7,16
0,en,Madison,0.212108,2001-01-23,0,99,Released,A town's future is riding with one man.,5.3,3
15500000,en,Slow Burn,6.630856,2005-09-12,1237615,93,Released,The truth is just a trick of light.,5.5,16
15300000,fr,Wasabi,18.20957,2001-10-31,0,94,Released,For those who take their action raw.,6.2,283
15500000,en,Slither,17.327279,2006-03-31,0,95,Released,Horror Has A New Face,6.3,317
15000000,en,Beverly Hills Cop,29.843818,1984-11-29,316360478,105,Released,The Heat Is On!,6.8,961
18000000,en,Home Alone,2.186927,1990-11-09,476684675,103,Released,A Family Comedy Without the Family.,7.1,2414
0,es,Three Men and a Baby,12.335827,1987-11-27,0,102,Released,They changed her diapers. She changed their lives.,5.8,253
21000000,en,Tootsie,20.818567,1982-12-16,177200000,116,Released,What do you get when you cross a hopelessly straight starving actor with a dynamite red sequined dress? You get America's hottest new actress.,6.9,421
15000000,en,Top Gun,58.900647,1986-05-16,356830601,110,Released,Up there with the best of the best.,6.7,1698
17000000,zh,卧虎藏龙,45.742254,2000-10-01,213525736,120,Released,"A timeless story of strength, secrets and two warriors who would never surrender.",7.2,927
15000000,en,American Beauty,80.878605,1999-09-15,356296601,122,Released,Look closer.,7.9,3313
15000000,en,The King's Speech,54.053576,2010-09-06,414211549,118,Released,Find your voice.,7.6,2752
15000000,en,Twins,17.638286,1988-12-09,216614388,107,Released,Only their mother can tell them apart.,5.7,559
15000000,en,The Yellow Handkerchief,3.803495,2008-12-17,317000,102,Released,,6.4,52
15000000,en,The Color Purple,17.571533,1985-12-18,146292009,154,Released,It's about life. It's about love. It's about us.,7.7,338
16000000,ko,해운대,4.628525,2009-06-06,11301649,120,Released,,6.5,48
14000000,en,The Imitation Game,145.364591,2014-11-14,233555708,113,Released,The true enigma was the man who cracked the code.,8.0,5723
0,en,Private Benjamin,12.18838,1980-10-06,0,109,Released,,6.0,102
15000000,en,Coal Miner's Daughter,3.826685,1980-03-07,67182787,125,Released,She was married at 13. She had four kids by the time she was 20. She's been hungry and poor. She's been loved and cheated on. She became a singer because it was the only thing she could do. She became a star because it was the only way she could do it.,7.2,67
15000000,en,Diary of a Wimpy Kid,21.095489,2010-03-19,75700498,92,Released,"It's not a diary, it's a movie.",5.9,355
15000000,en,Mama,47.455148,2013-01-17,146497771,100,Released,A Mother's Love is Forever,6.0,1401
15000000,en,National Lampoon's Vacation,22.838834,1983-07-28,61399552,98,Released,Every summer Chevy Chase takes his family on a little trip. This year he went too far.,7.1,410
15000000,en,Jackass Presents: Bad Grandpa,27.165222,2013-10-22,151831537,92,Released,Real people. Real reactions. Real messed up.,6.0,680
15000000,en,The Queen,19.113278,2006-09-15,123384128,103,Released,Our Leaders. Ourselves.,6.8,338
15000000,en,Beetlejuice,58.553213,1988-02-29,73326666,92,Released,He's guaranteed to put some life in your afterlife.,7.1,1444
15000000,en,Why Did I Get Married?,2.005111,2007-10-12,55184721,113,Released,Because we complete each other's sentences.,6.1,33
18000000,en,Little Women,16.418639,1994-12-21,0,115,Released,"The story that has lived in our hearts for generations, now comes to the screen for the holidays.",7.0,215
17000000,en,The Woman in Black,43.675191,2012-02-01,127730736,95,Released,What did they see?,6.1,1206
15000000,en,When a Stranger Calls,4.688212,2006-02-03,66966987,87,Released,"Whatever You Do, Don't Answer The Phone.",5.4,268
15000000,en,Big Fat Liar,9.125594,2002-02-08,52970014,88,Released,The truth is never overrated,5.6,197
15000000,en,The Deer Hunter,19.786392,1978-12-08,50000000,183,Released,One of the most important and powerful films of all time!,7.8,921
15000000,en,Wag the Dog,13.581966,1997-12-25,64256513,97,Released,"A comedy about truth, justice and other special effects.",6.7,270
17000000,en,The Lizzie McGuire Movie,11.927667,2003-04-25,55534455,94,Released,The only risk in taking an adventure is not taking it at all.,5.7,280
35000000,en,Snitch,30.556135,2013-02-21,42930462,112,Released,How far would you go to save your son?,5.8,1138
15000000,en,Krampus,31.565117,2015-11-26,61548707,98,Released,You don't want to be on his list.,5.9,584
15000000,en,The Faculty,21.535126,1998-12-25,40283321,104,Released,Take me to your teacher.,6.2,492
0,en,What's Love Got to Do with It,7.921311,1993-06-09,0,118,Released,Who needs a heart when a heart can be broken?,6.9,72
15000000,en,Cop Land,19.284129,1997-08-15,44862187,104,Released,No One Is Above The Law.,6.6,382
16000000,en,Not Another Teen Movie,23.423082,2001-12-07,66468332,89,Released,They served you Breakfast. They gave you Pie. Now we’re gonna stuff your face.,5.5,431
7000000,en,End of Watch,49.517264,2012-09-20,48126384,109,Released,Every moment of your life they stand watch,7.2,1170
15000000,en,The Skulls,11.375032,2000-03-31,35007180,106,Released,Getting in is easy. Getting out is a killer.,5.8,156
15000000,en,The Theory of Everything,61.182331,2014-11-26,123726688,123,Released,His Mind Changed Our World. Her Love Changed His.,7.8,3311
0,en,Malibu's Most Wanted,7.314796,2003-04-10,0,86,Released,,4.7,77
15000000,en,Where the Heart Is,6.857923,2000-04-27,33771174,120,Released,Laughter is harder... Friendship is stronger... Trust is deeper... When it comes from the heart.,6.9,155
15000000,en,Lawrence of Arabia,41.286336,1962-12-10,69995385,216,Released,,7.8,851
15000000,en,Halloween II,12.929525,2009-08-28,39421467,105,Released,Family Is Forever,5.1,267
15000000,en,Wild,42.952942,2014-12-05,52501541,115,Released,,7.0,951
15000000,en,The Last House on the Left,19.760383,2009-03-13,32721635,110,Released,"If someone hurt someone you love, how far would you go to get revenge?",6.2,440
15000000,en,The Wedding Date,10.194097,2005-02-04,47175038,88,Released,Love doesn't come cheap.,6.2,230
13000000,en,Halloween: Resurrection,11.045593,2002-07-01,37664855,94,Released,Evil finds its way home,4.5,228
16000000,en,The Princess Bride,44.533612,1987-09-18,30857814,98,Released,It's as real as the feelings you feel.,7.6,1486
15000000,en,The Great Debaters,10.84158,2007-12-27,30226144,126,Released,"When the nation was in need, he inspired them to give us hope.",6.9,151
15000000,en,Drive,49.294864,2011-08-06,78054825,100,Released,There are no clean getaways.,7.4,3725
15000000,en,Confessions of a Teenage Drama Queen,7.424798,2004-02-17,29331068,89,Released,She's making a scene over everything.,5.1,221
15000000,en,The Object of My Affection,5.164281,1998-04-17,46905889,111,Released,Sometimes The Most Desirable Relationship Is The One You Can't Have,5.6,72
15000000,en,28 Weeks Later,34.759855,2007-04-26,64238440,100,Released,When days turn to weeks... the horror returns.,6.5,1197
15000000,en,When the Game Stands Tall,7.297757,2014-08-22,30127963,115,Released,"Its Not How Hard You Fall, Its How You Get Back Up",6.3,130
14000000,en,Because of Winn-Dixie,3.334804,2005-02-18,32645546,106,Released,Discover what happens when you go looking for a miracle and a miracle comes looking for you.,6.1,61
20000000,en,Love & Basketball,2.027393,2000-04-21,27728118,124,Released,All's fair in love and basketball.,7.4,88
0,en,Grosse Pointe Blank,13.817269,1997-04-11,28084357,107,Released,Even a hit man deserves a second shot.,6.9,275
15000000,en,All About Steve,13.237835,2009-09-04,40105542,99,Released,A Comedy That Clings,4.7,295
0,en,Book of Shadows: Blair Witch 2,3.890223,2000-10-27,0,90,Released,Evil Doesn't Die.,4.3,212
15000000,en,The Craft,19.517239,1996-05-03,24769466,101,Released,Welcome to the witching hour.,6.3,380
15000000,en,Match Point,30.669913,2005-10-26,85306374,124,Released,Passion Temptation Obsession,7.3,1105
0,en,Ramona and Beezus,9.681147,2010-07-23,0,103,Released,A Little Sister Goes A Long Way.,6.1,245
11500000,en,The Remains of the Day,15.355589,1993-11-05,23237911,134,Released,Diamond in the Rough,7.5,202
15000000,en,Boogie Nights,19.85579,1997-09-11,43101594,155,Released,"The life of a dreamer, the days of a business, and the nights in between.",7.5,796
0,en,Nowhere to Run,11.689337,1993-01-15,0,94,Released,"When the law can't protect the innocent,  the only hero left is an outlaw.",5.5,119
15000000,en,Flicka,3.043589,2006-10-20,21000000,95,Released,,6.1,52
15000000,en,The Hills Have Eyes II,17.141376,2007-03-22,0,89,Released,Help isn't coming.,5.2,351
14000000,en,Urban Legends: Final Cut,8.885017,2000-09-19,38574362,97,Released,Legends Never Die.,4.4,100
0,en,Tuck Everlasting,4.115398,2002-10-11,0,90,Released,"If you could choose to live forever, would you?",6.4,128
20000000,en,The Marine,7.679336,2006-10-13,22165608,92,Released,War is Fine But The Fight Continues,5.0,163
15000000,en,Keanu,18.268009,2016-04-21,20566327,94,Released,"Kitten, please.",6.0,421
15000000,en,Country Strong,7.809701,2010-12-22,20529194,117,Released,It doesn't matter where you've been as long as you come back strong.,5.9,80
15000000,en,Disturbing Behavior,9.378688,1998-07-24,17507368,84,Released,In Cradle Bay it doesn’t matter if you’re not perfect.  You will be.,5.5,104
15000000,en,The Place Beyond the Pines,35.395129,2013-03-20,35485608,140,Released,If you ride like lightning you're gonna crash like thunder,6.8,1653
15000000,en,The November Man,45.317278,2014-08-27,32556119,108,Released,A spy is never out of the game.,6.0,639
15000000,en,Eye of the Beholder,4.302941,1999-09-04,0,109,Released,Obsession is in the eye of the beholder.,5.3,42
15000000,en,The Hurt Locker,47.006162,2008-10-10,42000000,131,Released,You'll know when you're in it.,7.2,1840
15000000,en,Firestarter,11.379652,1984-05-11,17080167,114,Released,Will she have the power... to survive?,5.9,173
15000000,en,Killing Them Softly,24.612603,2012-09-20,37930465,97,Released,In America you're on your own.,5.8,742
15000000,en,A Most Wanted Man,26.708193,2014-07-25,31554855,121,Released,,6.5,541
0,en,Freddy Got Fingered,8.710294,2001-04-18,0,87,Released,A touching story of a young man who desperately wants to make his daddy proud.,4.6,115
0,en,VeggieTales: The Pirates Who Don't Do Anything,1.800119,2008-01-11,0,85,Released,,5.9,25
15000000,en,U2 3D,0.335195,2007-05-19,22730842,85,Released,Hear See Experience,6.7,10
25000000,en,Highlander: Endgame,11.782725,2000-09-01,15843608,87,Released,"It will take two immortals to defeat the ultimate evil. But in the end, there can be only one.",4.4,104
0,en,Idlewild,2.711955,2006-08-25,0,121,Released,,5.1,17
15000000,en,One Day,16.629173,2011-03-02,59389433,107,Released,Twenty years. Two people.,7.0,978
15000000,en,Whip It,20.05902,2009-09-13,16633035,111,Released,Be Your Own Hero,6.7,357
15000000,en,Knockaround Guys,8.113634,2001-09-07,12000000,92,Released,"If they don't finish the job, their fathers will finish them.",5.9,97
0,en,Confidence,9.87419,2003-04-25,0,97,Released,It's not about the money. It's about the money.,6.4,126
0,en,The Muse,2.857936,1999-08-27,0,97,Released,In Goddess we trust.,5.3,31
20000000,en,De-Lovely,3.138118,2004-07-02,0,125,Released,,6.3,32
15000000,en,New York Stories,6.684096,1989-03-10,0,124,Released,"One city, three stories tall.",6.2,64
0,en,Barney's Great Adventure,0.722911,1998-01-01,0,76,Released,,2.9,8
15000000,en,The Man with the Iron Fists,17.672021,2012-11-02,15608545,96,Released,You can't spell Kung Fu without F and U!,5.2,358
15000000,en,Home Fries,3.033471,1998-11-25,10443316,93,Released,A long shot romance in a short order world.,4.8,32
0,en,Here On Earth,3.313257,2000-03-23,0,96,Released,,5.4,48
15000000,en,Brazil,41.089863,1985-02-20,0,132,Released,It's only a state of mind.,7.5,861
15000000,en,Raise Your Voice,10.9071,2004-08-10,14867514,103,Released,Don't Hold Back ...Don't Give Up.,6.0,211
15000000,en,The Big Lebowski,49.230089,1998-03-06,46189568,117,Released,Times like these call for a Big Lebowski.,7.8,2926
15000000,en,Black Snake Moan,11.429607,2006-12-08,10903846,116,Released,To save his soul he must save hers.,6.6,243
15000000,en,Dark Blue,6.373316,2002-12-14,9237470,118,Released,"1992, L.A is at boiling point. One cop's turning up the heat",6.5,85
16000000,en,A Mighty Heart,9.717392,2007-01-01,18928871,100,Released,One woman dared to keep hope alive,6.7,95
15000000,en,Whatever It Takes,8.074807,2000-03-31,9902115,94,Released,How low will they go to get the girls of their dreams?,5.0,37
20000000,en,Boat Trip,7.034752,2002-10-01,8586376,94,Released,"... once you're on, you'll want to get off...",4.7,146
0,en,The Importance of Being Earnest,7.250379,2002-05-17,0,97,Released,Everybody Loves Ernest... But Nobody's Quite Sure Who He Really Is.,6.7,127
0,en,The Love Letter,0.116873,1998-02-01,0,98,Released,A letter from the past would change their future forever.,4.7,3
0,en,Hoot,7.712206,2006-05-05,0,91,Released,It's time to stand up for the little guys.,5.5,44
15000000,en,In Bruges,25.329493,2008-02-08,34533783,107,Released,Shoot first. Sightsee later.,7.4,1388
15,en,Peeples,5.112809,2013-05-09,0,95,Released,,5.6,26
15000000,en,The Rocker,13.832376,2008-08-20,8762890,102,Released,Opportunity rocks.,5.6,156
15000000,en,Post Grad,7.446069,2009-08-21,6405245,89,Released,A Pre-Life Crisis.,5.0,100
15000000,en,Promised Land,13.568302,2012-09-23,8138788,106,Released,What's your price?,6.0,243
15000000,en,Whatever Works,21.857387,2009-06-19,35097815,92,Released,A new comedy,6.8,350
15000000,en,The In Crowd,0.249245,2000-07-19,5217498,105,Released,What would you do to get in?,4.7,15
15000000,en,The Three Burials of Melquiades Estrada,12.163832,2005-11-17,12036149,121,Released,Nobody is beyond redemption.,7.0,177
0,en,Jakob the Liar,8.962245,1999-09-16,0,120,Released,"When all hope was lost, he invented it.",6.0,90
15000000,en,Kiss Kiss Bang Bang,32.690038,2005-09-05,15785148,103,Released,SeX. MurdEr. MyStery. Welcome to the party.,7.2,886
25000000,en,Idle Hands,8.583217,1999-04-30,4152230,92,Released,The touching story of a boy and his right hand.,6.1,182
15000000,en,Mulholland Drive,31.60985,2001-05-16,20117339,147,Released,An actress longing to be a star. A woman searching for herself. Both worlds will collide... on Mulholland Drive.,7.6,1477
0,en,Blood and Chocolate,12.295216,2007-01-26,0,98,Released,The hunt never tasted so sweet.,5.4,87
22000000,en,You Will Meet a Tall Dark Stranger,12.4654,2010-05-23,0,98,Released,,5.8,251
15000000,en,Never Let Me Go,30.983397,2010-09-15,9455232,104,Released,These students have everything they need. Except time.,6.8,737
0,en,The Company,1.485324,2007-08-05,0,276,Released,,7.0,12
15000000,en,Transsiberian,11.428903,2008-01-18,5926410,111,Released,You can't escape your lies.,6.5,195
15000000,en,The Clan of the Cave Bear,5.484679,1986-01-17,0,98,Released,"At The Dawn Of Mankind, A Woman Led The Way.",4.8,27
0,en,Crazy in Alabama,5.770246,1999-10-22,0,111,Released,,6.5,12
15000000,en,Funny Games,15.175289,2007-10-20,7938872,112,Released,Let the games begin...,6.3,545
0,en,Listening,2.414721,2015-09-11,0,100,Released,Hide your thoughts.,5.5,31
0,en,Felicia's Journey,0.470645,1999-11-24,0,116,Released,,6.6,23
92620000,de,Metropolis,32.351527,1927-01-10,650422,153,Released,There can be no understanding between the hands and the brain unless the heart acts as mediator.,8.0,657
12000000,fr,Banlieue 13,17.493735,2004-11-09,9584131,84,Released,Welcome to District B13. Welcome to the future,6.5,565
8000000,en,Things to Do in Denver When You're Dead,6.932221,1995-12-01,529766,116.0,Released,Protect. Love. Honor. Avenge.,6.7,85
15000000,zh,刺客聶隱娘,8.142166,2015-08-27,632542,105.0,Released,,6.6,157
15000000,en,Buffalo Soldiers,6.329672,2001-09-08,0,98.0,Released,War is hell... but peace is f*#!%!! boring.,6.5,93
0,ru,Возвращение,7.744166,2003-06-25,0,105.0,Released,,7.4,100
8500000,th,Ong Bak 2,9.029489,2008-12-04,8936663,98.0,Released,Warrior. Conqueror. Legend.,6.0,152
12000000,en,Centurion,22.708647,2010-02-15,6814789,97.0,Released,History is written in blood,5.9,386
15000000,en,Silent Trigger,2.609057,1996-06-26,76382,93.0,Released,The Terms are Clear. Kill or be Killed.,5.0,22
15000000,en,The Midnight Meat Train,19.913961,2008-08-07,3533227,98.0,Released,The most terrifying ride you'll ever take,6.0,290
15000000,en,Winnie Mandela,1.897761,2011-09-16,0,107.0,Released,Her courage inspired a nation.,5.2,5
15000000,en,The Son of No One,7.701186,2011-11-04,0,90.0,Released,Serve. Protect. Lie.,4.8,92
15000000,en,All The Queen's Men,1.833058,2001-10-14,23000,99.0,Released,,6.1,7
15000000,en,The Good Night,12.185204,2007-01-25,20380,93.0,Released,Dreaming is believing.,5.7,41
0,en,Bathory,2.500218,2008-07-04,0,141.0,Released,,5.6,31
20000000,en,Khumba, they defeat the tyrannical leopard and save his herd.,"[{""iso_3166_1"": ""ZA"", ""name"": ""South Africa""}]",2013-07-18,27187375,"[{""iso_639_1"": ""en"", ""name"": ""English""}]",Released,Khumba,5.8
7000000,en,Autómata,49.808505,2014-10-09,0,110.0,Released,Your time is coming to an end – Ours is now beginning,5.6,670
0,en,Dungeons & Dragons: Wrath of the Dragon God,4.901936,2005-01-01,0,105.0,Released,,4.8,36
15000000,it,Chiamatemi Francesco - Il Papa della gente,0.738646,2015-12-03,0,,Released,,7.3,12
15000000,zh,新宿事件,5.294319,2009-03-22,0,119.0,Released,They destroyed his life... Now he'll destroy them all.,6.7,65
0,en,Pandaemonium,0.165367,2001-06-29,0,124.0,Released,,4.5,2
14600000,en,Groundhog Day,52.744331,1993-02-11,70906973,101.0,Released,"He's having the worst day of his life... over, and over...",7.4,2301
14800000,en,Magic Mike XXL,29.660993,2015-07-01,122513057,115.0,Released,Back to the grind.,6.3,706
14500000,en,Romeo + Juliet,41.493042,1996-10-31,147298761,120.0,Released,My only love sprung from my only hate.,6.7,1374
10000000,fr,Elle s'appelait Sarah,10.072199,2010-09-16,17511906,111.0,Released,,7.2,196
14500000,en,Freedom,4.389363,2014-08-21,0,98.0,Released,John Newton's Amazing Grace,5.8,9
14000000,en,Unforgiven,37.380435,1992-08-07,159157447,131.0,Released,Some legends will never be forgotten. Some wrongs can never be forgiven.,7.7,1113
14200000,da,Manderlay,7.05145,2005-05-16,674918,139.0,Released,Liberation. Whether They Want It Or Not.,6.9,78
15000000,en,Slumdog Millionaire,59.258969,2008-05-12,377910544,120.0,Released,"What does it take to find a lost love? A. Money, B. Luck, C. Smarts, D. Destiny",7.6,2827
14000000,en,Fatal Attraction,16.742972,1987-09-11,320145693,119.0,Released,A look that led to an evening. A mistake he'll regret...FOR THE REST OF HIS LIFE.,6.6,291
14000000,en,Pretty Woman,45.473484,1990-03-23,463000000,119.0,Released,Who knew it was so much fun to be a hooker?,7.0,1746
0,en,Crocodile Dundee II,15.474831,1988-05-19,239606210,110.0,Released,The world's favourite adventurer is back for more! much more!,5.5,303
0,en,Broken Horses,4.289676,2015-03-15,0,101.0,Released,,5.0,10
14000000,en,Born on the Fourth of July,25.949277,1989-12-20,161001698,145.0,Released,A story of innocence lost and courage found.,6.7,395
14000000,en,Cool Runnings,22.409117,1993-09-30,154864401,98.0,Released,One dream. Four Jamaicans. Twenty below zero.,6.8,491
15000000,en,My Bloody Valentine,13.706357,2009-01-16,100734718,101.0,Released,He's gonna break your heart.,5.3,299
13000000,en,Stomp the Yard,6.92205,2007-05-16,75511123,114.0,Released,He will challenge their traditions. Their traditions will change his life.,6.1,88
14000000,en,The Spy Who Loved Me,27.17347,1977-07-07,185438673,125.0,Released,It's the BIGGEST. It's the BEST. It's BOND. And B-E-Y-O-N-D.,6.6,507
14000000,en,Urban Legend,12.159009,1998-09-25,72527595,99.0,Released,It Happened To Someone Who Knows Someone You Know... You're Next.,5.6,290
0,en,Good Deeds,4.448494,2012-02-23,0,111.0,Released,Wesley Deeds is About to Discover the Person He Was Meant to Be.,6.2,45
14000000,en,White Fang,13.13724,1991-01-18,34793160,107.0,Released,"Where civilization ends, their journey begins.",6.5,135
0,en,Superstar,4.04701,1999-10-08,0,81.0,Released,Dare to dream.,5.1,83
13000000,en,The Iron Lady,23.3784,2011-12-30,114956699,105,Released,Never Compromise,6.2,527
0,en,Jonah: A VeggieTales Movie,1.446172,2002-10-04,0,82,Released,Fresh Fish. Mixed Vegetables.,6.4,22
14000000,en,Poetic Justice,3.650857,1993-07-23,27515786,109,Released,A Street Romance.,6.9,47
14000000,en,All About the Benjamins,5.102258,2002-03-08,25482931,95,Released,Money can make people do funny things.,5.8,48
14000000,en,Vampire in Brooklyn,6.772615,1995-10-27,19800000,100,Released,A comic tale of horror and seduction.,4.5,111
14000000,en,Exorcist II: The Heretic,11.543363,1977-06-17,30749142,118,Released,It's four years later... what does she remember?,4.5,133
0,en,An American Haunting,7.436315,2005-05-05,0,83,Released,Possession Knows No Bounds,5.3,142
14000000,en,My Boss's Daughter,14.813614,2003-08-21,0,83,Released,,4.4,180
14000000,en,A Perfect Getaway,20.792603,2009-06-08,22852638,98,Released,Welcome to paradise. Enter at your own risk.,6.2,351
14000000,en,Our Family Wedding,6.733485,2010-03-12,21409028,103,Released,To have and to hold... 'Til dads do us part.,5.7,39
0,en,Dead Man on Campus,7.708227,1998-08-21,0,96,Released,,5.6,49
12000000,en,Tea with Mussolini,2.238646,1999-03-25,21001563,117,Released,,5.8,32
0,en,Thinner,7.866961,1996-10-25,0,92,Released,Let the curse fit the crime.,5.5,124
0,en,"New York, New York",3.876242,1977-06-21,0,155,Released,,6.1,67
0,en,Crooklyn,1.89218,1994-05-13,0,115,Released,,6.7,31
11000000,en,I Think I Love My Wife,4.536745,2007-03-16,13196245,90,Released,In marriage no one can hear you scream.,5.0,55
11000000,en,Jason X,11.220643,2001-07-24,16951798,91,Released,Evil has an upgrade.,4.5,291
0,en,Bobby,11.706309,2006-09-05,0,120,Released,He saw wrong and tried to right it. He saw suffering and tried to heal it. He saw war and tried to stop it.,6.4,119
14000000,en,Head Over Heels,4.66723,2001-02-02,10424470,86,Released,Unleash your inner model.,5.3,73
14000000,en,Fun Size,7.487843,2012-10-25,11417362,87,Released,Some people just can't handle Halloween.,5.5,134
14000000,fr,Le scaphandre et le papillon,13.65494,2007-05-22,19777647,112,Released,Let your imagination set you free,7.4,283
26000000,en,Little Children,11.942862,2006-10-06,14821658,136,Released,,6.9,240
14000000,en,Gossip,5.833687,2000-04-21,5108820,90,Released,"It can turn you on, or turn on you.",5.5,68
14000000,en,A Walk on the Moon,6.370267,1999-01-29,0,107,Released,It was the summer of Woodstock... when she became the woman she always wanted to be.,6.2,21
0,en,Catch a Fire,4.052219,2006-10-27,4291965,101,Released,"The spark that ignites us, unites us.",6.4,25
0,en,Soul Survivors,3.231848,2001-09-06,0,84,Released,,4.4,49
14000000,en,Jefferson in Paris,0.900442,1995-03-31,2474000,139,Released,A powerful man torn between his love for one woman and his secret desire for another.,5.2,10
0,en,Easy Virtue,8.387573,2008-01-01,0,93,Released,Let's Misbehave!,6.3,108
0,en,Caravans,0.633004,1978-11-02,0,127,Released,,5.8,1
0,en,Mr. Turner,9.242554,2014-10-31,5405500,150,Released,,6.3,204
0,fr,Les herbes folles,1.866443,2009-05-20,0,104,Released,,5.8,22
0,fr,Amen.,5.930533,2002-02-13,0,132,Released,Two Men   Two Worlds   One Cause,7.1,75
12000000,zh,剑雨,4.930129,2010-09-01,0,117,Released,,6.7,57
0,en,The Lucky Ones,8.747922,2008-09-26,0,113,Released,,6.3,55
14000000,en,Margaret,4.898424,2011-09-30,46495,149,Released,,6.1,86
108,en,Stan Helsing,7.410523,2009-10-27,0,90,Released,The most feared monsters in cinematic history have met their match...,4.0,97
14000000,en,Flipped,24.210698,2010-08-06,1755212,89,Released,You never forget your first love.,7.4,418
14000000,en,Brokeback Mountain,44.135568,2005-09-02,178043761,134,Released,Love is a force of nature.,7.5,1480
12000000,en,Clueless,16.051328,1995-07-19,0,97,Released,Sex. Clothes. Popularity. Is there a problem here?,6.9,803
13500000,en,Far from Heaven,9.982885,2002-09-01,29027914,107,Released,It's time to stop hiding from the truth.,6.9,144
14000000,en,Hot Tub Time Machine 2,16.618874,2015-02-20,12314651,93,Released,The Laws of Space and Time are About to be Violated.,5.0,354
13500000,en,Quills,7.261196,2000-11-22,7060876,124,Released,There are no bad words... only bad deeds.,6.8,128
15000000,en,Seven Psychopaths,32.306455,2012-09-07,19422261,110,Released,They Won't Take Any Shih Tzu.,6.7,1206
0,en,The Caveman's Valentine,4.722403,2001-01-19,0,105,Released,,6.0,27
18339750,de,Der Untergang,32.445895,2004-09-08,92180910,156,Released,"April 1945, a nation awaits its...Downfall",7.7,1037
12806000,es,Mar adentro,17.363739,2004-09-03,38535221,125,Released,Sensitive Drama About a Polemic Theme,7.2,219
13300000,en,Under the Skin,29.782161,2014-03-14,5380251,108,Released,A mysterious seductress preys upon the population of Scotland,6.0,1102
13000000,en,"Good Morning, Vietnam",18.362333,1987-12-23,123922370,121,Released,Time to rock it from the Delta to the DMZ!,7.1,642
13400000,en,The Last Godfather,0.680753,2010-12-29,16700000,100,Released,,4.7,7
13000000,en,Justin Bieber: Never Say Never,6.735922,2011-02-11,98441954,105,Released,Find out what's possible if you never give up.,4.8,154
13000000,en,Black Swan,91.285683,2010-12-02,327803731,108,Released,"In the era of personal branding, the scariest possibility is that someone might be better at being you than you are.",7.3,4430
13000000,en,The Godfather: Part II,105.792936,1974-12-20,47542841,200,Released,"I don't feel I have to wipe everybody out, Tom. Just my enemies.",8.3,3338
13000000,en,Save the Last Dance,9.969624,2001-01-12,91038276,112,Released,The Only Person You Need To Be Is Yourself.,6.3,352
7000000,en,A Nightmare on Elm Street 4: The Dream Master,17.113408,1988-08-19,72500000,99,Released,Terror beyond your wildest dreams.,5.8,281
16000000,en,Miracles from Heaven,10.248439,2016-03-17,77000000,117,Released,How do we explain the impossible?,6.7,186
13000000,en,"Dude, Where’s My Car?",25.316146,2000-12-15,73180723,83,Released,"After a night they can't remember, comes a day they'll never forget.",5.2,509
13000000,en,Young Guns,9.499325,1988-08-12,44726644,107,Released,Six reasons why the west was wild.,6.6,258
13000000,en,St. Vincent,43.791745,2014-10-09,54837234,102,Released,Love Thy Neighbor,7.1,763
12500000,en,About Last Night,11.828068,2014-02-14,49002684,100,Released,It's about compromise. It's about love. It's about a good wingman.,6.0,210
16000000,en,10 Things I Hate About You,54.550275,1999-03-30,53478166,97,Released,How do I loathe thee? Let me count the ways.,7.3,1701
13000000,en,The New Guy,13.525704,2002-05-10,0,88,Released,A zero will rise.,5.7,151
0,en,National Lampoon's Loaded Weapon 1,12.963328,1993-02-04,0,84,Released,See it before they make the sequel!,5.7,157
17000000,en,The Shallows,60.829621,2016-06-24,119100758,86,Released,What was once in the deep is now in the shallows.,6.2,1567
13000000,en,The Butterfly Effect,73.307513,2004-01-22,96060858,113,Released,"Such minor changes, such huge consequences.",7.3,2060
0,en,Snow Day,7.964289,2000-02-11,0,89,Released,Roads closed. Schools shut. Rules were made to be frozen!,4.8,51
13000000,en,This Christmas,2.388918,2007-11-27,0,117,Released,You can't exchange family.,7.1,29
12000000,en,Baby Geniuses,4.580081,1999-03-12,36450736,97,Released,Think innocent. Think helpless. Think again. Naps are history.,3.3,75
13000000,en,The Big Hit,6.425528,1998-04-24,27007143,91,Released,Nothing's more dangerous than some nice guys... with a little time to kill.,6.1,109
12000000,en,Harriet the Spy,4.63093,1996-07-10,0,100,Released,On your case!,5.7,46
13000000,en,Child's Play 2,16.681567,1990-11-09,35763605,84,Released,Look out Jack! Chucky's back!,5.8,308
13200000,en,No Good Deed,24.656068,2014-09-10,53830415,83,Released,First he gets into your house. Then he gets into your head.,5.6,181
18000000,en,The Mist,37.104353,2007-11-21,57096190,126,Released,"Belief divides them, mystery surrounds them, but fear changes everything.",6.7,1399
15000000,en,Ex Machina,95.130041,2015-01-21,36869414,108,Released,There is nothing more human than the will to survive,7.6,4737
13000000,en,Being John Malkovich,27.546914,1999-09-30,22863596,112,Released,Ever wanted to be someone else? Now you can.,7.3,1101
6000000,en,Two Can Play That Game,2.27213,2001-09-07,0,90,Released,,6.6,17
13000000,en,Earth to Echo,17.371327,2014-06-14,45300000,89,Released,No one will ever believe our story.,5.7,290
13000000,en,Crazy/Beautiful,6.130096,2001-06-29,16929123,99,Released,When it's real. When it's right. Don't let anything stand in your way.,6.6,96
19000000,en,Letters from Iwo Jima,24.47248,2006-12-19,68673228,141,Released,The battle of Iwo Jima seen through the eyes of the Japanese soldiers.,7.2,541
13000000,en,The Astronaut Farmer,6.764437,2006-10-15,11130889,104,Released,,6.2,123
13000000,en,Woo,1.750054,1998-05-08,8026971,84,Released,It's Woo's world.. we're just living in it.,5.5,10
6000000,en,Room,66.11334,2015-10-16,35401758,117,Released,Love knows no boundaries,8.1,2757
0,en,Dirty Work,9.066881,1998-06-12,0,82,Released,Revenge is a dish best served DIRTY.,6.5,66
13000000,en,Serial Mom,6.170139,1994-04-13,7820688,95,Released,"Every Mom Wants to Be Wanted, But Not For Murder One!",6.4,135
13000000,en,Dick,4.742537,1999-08-04,27500000,94,Released,The unmaking of the president,5.7,67
0,en,Light It Up,1.212956,1999-11-04,0,99,Released,,6.6,7
13000000,en,54,11.880899,1998-08-28,16757163,106,Released,You've never been anywhere until you've been here,5.5,135
0,en,Bubble Boy,10.131123,2001-08-24,0,84,Released,Life is an adventure. Don't blow it.,5.1,163
13000000,en,Birthday Girl,5.831302,2001-09-06,0,93,Released,,6.1,103
13000000,en,21 & Over,35.522027,2013-03-01,48065672,93,Released,Finally.,5.7,737
13000000,fr,"Paris, je t'aime",10.573191,2006-05-16,4857367,120,Released,Fall in love with Paris 18 times.,6.8,207
0,en,Resurrecting the Champ,4.898437,2007-06-14,0,112,Released,,5.9,60
13000000,en,Admission,17.632446,2013-03-21,18000000,107,Released,Let someone in.,5.4,304
0,en,La veuve de Saint-Pierre,1.780065,2000-01-01,0,112,Released,,6.7,11
15000000,en,Chloe,26.373864,2009-03-25,8459458,96,Released,"If the one you love was lying to you, how far would you go to find out the truth?",5.9,498
13000000,en,Faithful,1.647335,1996-04-03,9789900,91,Released,"A comedy about a wife, her husband and his hit man.",4.8,4
13000000,en,Find Me Guilty,12.321302,2006-03-16,2636637,125,Released,,6.5,138
13000000,en,The Perks of Being a Wallflower,43.444135,2012-09-20,33400000,102,Released,We are infinite.,7.7,2968
3000000,en,Excessive Force,1.279106,1993-05-14,1200000,87,Released,You have the right to remain silent... permanently.,4.5,10
13000000,en,Infamous,3.680896,2006-11-16,1151330,110,Released,There's more to the story than you know,6.4,60
0,en,The Claim,2.996284,2000-12-29,0,120,Released,Everything has a price.,5.6,17
13000000,en,The Vatican Tapes,10.475368,2015-07-24,1784763,91,Released,"For 2,000 years the Vatican has recorded evidence of evil. May God have mercy on their souls.",4.6,243
14350531,en,Attack the Block,30.952377,2011-05-12,3964682,88,Released,Inner City vs. Outer Space,6.3,733
10000000,en,In the Land of Blood and Honey,4.267466,2011-12-23,303877,127,Released,Love can change what we want… war can change who we are,5.8,45
13000000,en,The Call,34.532418,2013-03-14,68572378,94,Released,There are 188 million 911 calls a year. This one made it personal.,6.6,1257
0,ko,인천상륙작전,6.116436,2016-07-27,0,110,Released,The Odds Were 5000 to 1 … One was all They Needed.,5.8,29
0,en,The Crocodile Hunter: Collision Course,1.714972,2002-07-26,33082548,90,Released,His First Big-Screen Adventure!,5.3,34
13000000,en,I Love You Phillip Morris,19.664699,2009-01-18,10652035,98,Released,The Conman who wouldn't go straight.,6.4,503
12000000,xx,La Guerre du feu,6.537986,1981-12-15,55260558,100,Released,,7.1,109
12500000,en,Antwone Fisher,13.349012,2002-12-19,23367586,120,Released,Antwone Fisher is at war... with himself.,6.7,137
0,en,The Emperor's Club,6.796079,2002-11-22,0,108,Released,In everyone's life there's that one person who makes all the difference.,6.9,96
12500000,en,True Romance,35.268557,1993-09-09,12281551,120,Released,"Stealing, Cheating, Killing. Who said romance was dead?",7.5,749
3100000,en,Womb,7.453347,2010-07-15,0,111,Released,What are the consequences of giving birth to your dead boyfriend?,5.9,92
12500000,en,Glengarry Glen Ross,13.939054,1992-09-15,10725228,100,Released,Lie. Cheat. Steal. All in a day’s work.,7.5,323
13000000,en,The Killer Inside Me,11.892615,2010-02-19,0,109,Released,Nobody See's It Coming,6.0,173
0,en,Cat People,5.69872,1982-04-02,0,118,Released,They are something more than lovers who are about to become something less than human.,6.0,94
12500000,en,Sorority Row,8.780512,2009-09-09,27206120,101,Released,The Sisters of Theta Pi Are Dying To Keep a Secret.,5.4,177
0,en,The Prisoner of Zenda,4.021389,1937-09-03,0,101,Released,The most thrilling swordfight ever filmed...,8.4,11
12000000,en,Lars and the Real Girl,15.817096,2007-10-12,11293663,106,Released,The search for true love begins outside the box.,7.1,509
12500000,en,The Boy in the Striped Pyjamas,34.821223,2008-05-07,20416563,94,Released,"Lines may divide us, but hope will unite us.",7.7,1451
12800000,en,Dancer in the Dark,22.022228,2000-05-17,40031879,140,Released,You don't need eyes to see.,7.6,377
0,en,Oscar and Lucinda,0.139384,1997-12-31,0,132,Released,"They dared to play the game of love, faith, and chance.",6.2,25
12500000,en,The Funeral,2.950618,1996-01-26,1227324,99,Released,"One family, one murder, too many lies.",7.3,31
15000000,en,Solitary Man,7.497306,2009-09-07,5024782,90,Released,Ben loves his family almost as much as he loves himself,5.8,84
20000000,en,Machete,26.396191,2010-09-01,31327899,105,Released,He was given an offer he couldn't refuse...,6.3,1150
12500000,en,Casino Jack,6.546037,2010-09-16,1083683,108,Released,Honor. Integrity. Principles. Everything is negotiable.,6.0,94
12300000,en,The Land Before Time,28.670193,1988-11-18,84460846,69,Released,A new adventure is born.,7.0,640
0,ko,태극기 휘날리며,9.572705,2004-02-05,15,140,Released,,7.4,133
12500000,en,The Perfect Game,0.903529,2010-04-01,3878993,118,Released,Dream for the fences.,6.3,30
8000000,en,The Exorcist,47.584643,1973-12-26,441306145,122,Released,"Something almost beyond comprehension is happening to a girl on this street, in this house... and a man has been sent for as a last resort. This man is The Exorcist.",7.5,2005
7000000,en,Jaws,50.152327,1975-06-18,470654000,124,Released,Don't go in the water.,7.5,2542
11000000,en,American Pie,60.767168,1999-07-09,235483004,95,Released,There's nothing like your first piece.,6.4,2296
12516654,fr,Ernest et Célestine,11.103202,2012-12-12,8109160,78,Released,"Bonnie and Clyde, Sid and Nancy...",7.6,142
25000000,en,The Golden Child,15.26213,1986-12-12,79817939,94,Released,Eddie Murphy is the chosen one.,5.6,304
12000000,en,Think Like a Man,6.035152,2012-04-16,96070507,122,Released,Let the mind games begin.,6.9,281
12000000,en,Barbershop,10.297189,2002-04-01,75781642,102,Released,Everyone's gettin' lined up.,6.2,137
12000000,en,Star Trek II: The Wrath of Khan, the prospect of accompanying his old ship the Enterprise on a two week cadet cruise is not making him feel any younger. But the training cruise becomes a a life or death struggle when Khan escapes from years of exile and captures the power of creation itself.,"[{""iso_3166_1"": ""US"", ""name"": ""United States of America""}]",1982-06-03,96800000,"[{""iso_639_1"": ""en"", ""name"": ""English""}]",Released,Star Trek II: The Wrath of Khan,7.3
15000000,en,Ace Ventura: Pet Detective,41.249004,1994-02-04,107217396,86,Released,"He's the best there is! (Actually, he's the only one there is.)",6.4,1648
12000000,en,WarGames,23.161754,1983-06-03,79567667,114,Released,"Is it a game, or is it real?",7.0,504
12000000,en,Witness,19.195399,1985-02-08,68706993,113,Released,A big city cop. A small country boy. They have nothing in common... but a murder.,7.0,375
12000000,en,Act of Valor,21.958055,2012-02-24,81272766,110,Released,The only easy day was yesterday,6.3,417
12000000,en,Step Up,45.477802,2006-08-11,114194847,104,Released,Every Second Chance Begins With a First Step,6.7,1060
12000000,en,Beavis and Butt-Head Do America,12.60629,1996-12-15,0,81,Released,Coming to a screen bigger than your TV.,6.5,168
12000000,en,Jackie Brown,40.631671,1997-12-24,39673162,154,Released,Six players on the trail of a half a million in Cash. There's only one question... Who's playing who?,7.3,1514
12000000,en,Harold & Kumar Escape from Guantanamo Bay,26.219598,2008-04-25,43493123,107,Released,This time they're running from the joint.,6.2,497
15000000,en,Chronicle,64.504747,2012-02-01,145000000,84,Released,What are you capable of?,6.6,1935
12000000,en,Yentl,3.389249,1983-11-18,30400000,132,Released,,6.2,51
5000000,en,Time Bandits,14.779537,1981-07-13,42365581,116,Released,All the dreams you've ever had and not just the good ones.,6.6,249
12000000,en,Crossroads,6.703319,2002-02-15,61141030,93,Released,Dreams change. Friends are forever,4.7,158
12000000,en,Project X,49.070321,2012-03-01,100000000,88,Released,Witness it,6.5,1564
12000000,en,Patton,21.933822,1970-01-25,89800000,172,Released,The Rebel Warrior,7.3,323
12000000,en,One Hour Photo,20.624896,2002-08-21,52223306,96,Released,The things that we fear the most have already happened to us...,6.6,435
12000000,en,Quarantine,8.083995,2008-10-10,40855419,89,Released,Contain The Truth.,5.5,339
12000000,en,The Eye,11.135734,2008-02-01,56309766,98,Released,How can you believe your eyes when they're not yours?,5.5,281
12000000,en,Johnson Family Vacation,4.623609,2004-04-07,31179516,97,Released,Take the ride.,4.7,30
12000000,en,How High,11.510281,2001-12-21,31155435,93,Released,They've got their degrees all rolled up.,6.3,218
0,en,The Muppet Christmas Carol,15.085981,1992-12-10,27281507,85,Released,,7.2,212
12000000,en,Frida,18.422327,2002-08-29,56298474,123,Released,Prepare to be seduced,7.3,383
12000000,en,Katy Perry: Part of Me,8.410688,2012-06-28,32726956,93,Released,Be yourself and you can be anything,6.5,85
12000000,en,The Fault in Our Stars,74.358971,2014-05-16,307166834,125,Released,One Sick Love Story,7.6,3759
12000000,en,Rounders,18.422008,1998-09-11,22921898,121,Released,Trust everyone... But always cut the cards.,6.9,439
0,en,Top Five,15.896312,2014-12-12,25434291,102,Released,,6.3,210
12000000,en,Prophecy,8.61659,1979-01-01,54000000,102,Released,,5.4,25
12000000,en,Stir of Echoes,6.044161,1999-09-10,21133087,99,Released,In every mind there is a door that should never be opened.,6.5,330
12000000,en,Philomena,29.019504,2013-11-01,100129872,98,Released,These two unlikely companions are on a journey to find her long lost son.,7.4,579
0,en,The Upside of Anger,6.2464,2005-01-23,0,118,Released,Sometimes what tears us apart helps us put it back together.,6.4,72
0,en,The Boys from Brazil,5.315213,1978-10-05,0,125,Released,If they survive...will we?,6.6,101
12000000,en,Aquamarine,16.931846,2006-03-03,23006849,104,Released,A Fish-Out-Of-Water Comedy.,5.8,364
12000000,en,Paper Towns,64.610671,2015-06-18,85512300,109,Released,Get Lost. Get Found.,6.1,1937
0,en,My Baby's Daddy,4.480167,2004-01-09,51,86,Released,,4.3,15
12000000,en,Nebraska,29.223881,2013-09-21,17654912,115,Released,Life's not about winning or losing. It's about how you get there in the end.,7.4,636
0,en,Tales from the Crypt: Demon Knight,7.710797,1995-01-13,0,92,Released,Ready for your deadtime story?,6.7,94
12000000,en,Max Keeble's Big Move,1.081822,2001-10-05,17292381,86,Released,His World. His Rules.,5.4,33
12000000,en,Young Adult,16.183746,2011-12-16,22939027,94,Released,Everyone gets old. Not everyone grows up.,5.6,364
12000000,en,Crank,47.992817,2006-08-31,42931041,88,Released,"There are a thousand ways to raise your adrenaline. Today, Chev Chelios will need every single one.",6.6,1151
0,en,How to Be a Player,1.20245,1997-08-06,13960203,93,Released,,5.3,8
12000000,en,Living Out Loud,0.700792,1998-10-30,12902790,100,Released,,5.3,11
0,en,Just Wright,10.409253,2010-05-14,21520719,100,Released,In this game every shot counts.,6.1,99
0,en,Rachel Getting Married,14.345428,2008-10-03,0,113,Released,,6.1,163
12000000,en,The Postman Always Rings Twice,6.803763,1981-03-20,0,122,Released,You Will Feel The Heat,6.4,110
0,en,Girl with a Pearl Earring,19.944479,2003-08-31,31466789,101,Released,Discover the mystery behind the legend.,6.4,377
14000000,de,Das Boot,26.967494,1981-09-16,85000000,149,Released,When the hunters become the hunted,7.9,613
12000000,en,Sorority Boys,3.444542,2002-03-22,0,93,Released,,4.6,47
0,en,About Time,74.817641,2013-08-16,87100449,123,Released,What if every moment in life came with a second chance?,7.8,2067
0,zh,十面埋伏,21.064082,2004-05-19,92863945,119,Released,,7.1,439
12000000,en,Arbitrage,16.40512,2012-09-14,35485056,100,Released,Power is the best alibi.,6.1,294
12000000,en,Project Almanac,32.940597,2015-01-30,32248241,106,Released,Today is better the second time around,6.4,933
12000000,en,Cadillac Records,13.427427,2008-12-05,0,109,Released,,6.9,86
0,en,Screwed,5.359381,2000-05-12,0,81,Released,,4.9,23
8000000,en,Fortress,8.708229,1992-09-30,6739141,95,Released,The high-tech prison thirty stories below ground. Built to withstand anything... Execpt an innocent man.,5.7,168
12000000,en,For Your Consideration,4.330428,2006-11-22,5542025,86,Released,,5.9,43
0,en,Celebrity,7.594593,1998-09-07,0,113,Released,A funny look at people who will do anything to get famous... or stay famous.,6.0,111
12000000,en,Running with Scissors,4.770195,2006-10-27,6754898,116,Released,Ever have one of those lives?,5.8,78
12000000,en,From Justin to Kelly,1.623338,2003-06-20,4922166,90,Released,The tale of two American Idols.,3.0,23
12000000,en,Girl 6,2.993939,1996-03-22,4939939,108,Released,"A fresh, sassy and sexy comedy!",5.7,16
12000000,en,In the Cut,10.536092,2003-09-09,23,119,Released,Everything you know about desire is dead wrong.,4.6,89
12000000,en,Two Lovers,8.290636,2008-11-19,3148182,110,Released,,6.6,154
0,en,Last Orders,3.603842,2001-09-10,0,109,Released,,6.0,22
11000000,ko,괴물,27.65527,2006-07-27,88489643,119,Released,Monsters are real.,6.7,537
0,en,The Pursuit of D.B. Cooper,1.379643,1981-11-13,0,100,Released,Who says you can't take it with you?,6.8,4
12000000,en,Ravenous,9.164386,1999-03-16,0,100,Released,You Are Who You Eat,6.9,141
12000000,en,Charlie Bartlett,9.779444,2008-02-22,0,97,Released,Popularity is a state of mind.,6.5,225
12400000,it,La grande bellezza,32.523573,2013-05-21,8371085,142,Released,,7.3,720
0,en,The Dangerous Lives of Altar Boys,2.24888,2002-06-14,0,104,Released,,6.4,53
12000000,en,Stoker,27.322212,2013-02-28,12077441,99,Released,Innocence Ends.,6.5,882
12000000,zh,2046,12.664787,2004-05-20,19271312,129,Released,Are you still in the mood for love?,6.9,206
12000000,en,Married Life,3.004432,2007-09-12,0,90,Released,,6.1,38
12000000,en,Duma,4.795244,2005-04-22,0,100,Released,Some friendships are wilder than others,6.9,41
12000000,en,Ondine,5.841285,2009-09-14,1644755,111,Released,The truth is not what you know. It's what you believe.,6.5,84
12000000,ja,Brother,5.327714,2000-09-09,15250000,114,Released,Are You Japanese?,6.8,107
1200000,en,Welcome to Collinwood,3.582733,2002-05-24,0,86,Released,Five guys. One safe. No brains.,6.2,50
0,en,Critical Care,2.678715,1997-10-31,0,107,Released,,6.1,9
8000000,en,The Life Before Her Eyes,9.728143,2007-09-08,0,90,Released,Your life can change in an instant. That instant can last forever.,6.1,88
0,en,Darling Companion,2.303865,2012-04-20,0,103,Released,,5.3,22
12000000,en,Trade,11.237374,2007-01-23,0,120,Released,"Each year, more than 1,000,000 people are trafficked across international borders... against their will.",6.8,67
0,hu,Sorstalanság,1.906807,2005-02-10,0,140,Released,You can close your eyes. You can turn away. But you will never forget.,6.5,28
12000000,en,Breakfast of Champions,2.695896,1999-02-13,0,110,Released,,5.2,28
0,zh,三枪拍案惊奇,1.416796,2009-12-11,0,95,Released,,4.8,13
7500000,en,Cypher,11.636883,2002-10-01,0,95,Released,Never forget who you are,6.7,192
12000000,zh,南京!南京!,4.793348,2009-04-22,10652498,132,Released,,7.6,55
19000000,zh,兔侠传奇,0.738652,2011-01-01,2570000,89,Released,From zero to hero.,3.0,3
12000000,ja,Space Battleship Yamato,5.158067,2010-12-01,11212294,131,Released,,6.3,59
20000000,en,5 Days of War,5.727602,2011-04-14,17479,113,Released,Their only weapon is the truth.,5.8,62
12000000,en,Triangle,25.496926,2009-10-16,0,99,Released,A Passage to Hell,6.9,612
1200000,en,10 Days in a Madhouse,0.489271,2015-11-20,0,111,Released,,4.3,5
12000000,en,Heaven is for Real,11.150261,2014-04-16,101332962,99,Released,Unlock the mystery,6.0,229
10000000,en,Snatch,53.595686,2000-09-01,83557872,103,Released,Stealin' Stones and Breakin' Bones.,7.7,2912
0,cs,Dancin' It's On,0.186234,2015-10-16,0,89,Post Production,Dancin' Like You've Never Seen Before,4.3,2
11500000,en,Pet Sematary,20.747994,1989-04-21,57469467,103,Released,Sometimes dead is better.,6.4,407
0,ja,まあだだよ,2.930853,1993-04-17,0,134,Released,,7.5,20
11500000,en,The Cry of the Owl,4.75919,2009-02-07,0,101,Released,What would you do if someone was watching you?,5.5,29
0,zh,三城记,0.753362,2015-08-28,0,130,Released,,6.3,5
11000000,en,Gremlins,45.072136,1984-06-07,153083102,106,Released,"Don't get him wet, keep him out of bright light, and never feed him after midnight.",6.9,1596
11000000,en,Star Wars,126.393695,1977-05-25,775398007,121,Released,"A long time ago in a galaxy far, far away...",8.1,6624
11500000,en,Dirty Grandpa,56.805781,2016-01-21,94073028,102,Released,This is Jason. He's a little worried about his grandpa.,5.7,1406
11000000,en,Doctor Zhivago,12.854853,1965-12-22,111858363,197,Released,"Turbulent were the times and fiery was the love story of Zhivago, his wife and the passionate, tender Lara.",7.4,247
0,pt,Trash,14.637357,2014-10-09,0,112,Released,You never know what you might find,7.1,242
0,en,High School Musical 3: Senior Year,21.801188,2008-10-22,0,116,Released,,6.2,821
25000000,en,The Fighter,31.019381,2010-12-17,93617009,116,Released,Every dream deserves a fighting chance.,7.2,1486
11000000,en,Jackass Number Two,11.227087,2006-09-22,72778712,95,Released,Guess who just made number two?,6.4,298
11000000,en,My Cousin Vinny,19.231507,1992-03-13,64088552,120,Released,"Truth, Justice and the Gambini Way",7.3,384
11000000,en,If I Stay,31.162838,2014-08-21,78874843,106,Released,Live for Love.,7.3,1368
12000000,en,Drive Hard,3.94487,2014-05-26,0,96,Released,One Hell of A Ride,3.9,74
11000000,en,Major League,7.559192,1989-02-16,49797148,107,Released,A comedy with bats and balls.,6.6,217
0,en,St. Trinian's,7.377587,2007-12-21,0,101,Released,Taking higher education to a new low.,5.6,142
13000000,en,Phone Booth,38.018085,2002-09-09,97837138,81,Released,No options. No lies. No fear. No deals. Just keep talking.,6.7,1062
11000000,en,A Walk to Remember,33.283554,2002-01-25,41227069,101,Released,She didn't belong. She was misunderstood. And she would change him forever.,7.5,1018
11000000,en,Dead Man Walking,15.864928,1995-12-29,39363635,122,Released,,7.3,337
10500000,en,Cruel Intentions,23.449703,1999-03-05,75902208,97,Released,"In the game of seduction, There is only one rule: Never fall in love.",6.6,827
11000000,en,Saw VI,31.900899,2009-10-22,68233629,90,Released,The Game Has Come Full Circle,6.0,722
11000000,en,History of the World: Part I,14.282314,1981-06-12,31672907,92,Released,"Ten million years in the making. The truth, the whole truth, and everything, but the truth!",6.5,204
11000000,en,The Secret Life of Bees,7.645979,2008-09-17,38105395,114,Released,"Bring Your Girlfriends, Sisters, Mothers and Daughters.",7.4,158
11000000,en,Corky Romano,3.495758,2001-10-12,23978402,86,Released,Undercover and Out The Way!,4.1,54
12000000,en,Raising Cain,7.558959,1992-08-07,37170057,91,Released,Demented. Deranged. Deceptive. De Palma.,5.9,65
11,en,F.I.S.T.,3.375208,1978-04-26,11,145,Released,,6.4,29
12000000,en,Invaders from Mars,4.234269,1986-01-01,4884663,100,Released,Their conquest has already begun... He know they're here.,5.5,57
11000000,en,Brooklyn,39.337949,2015-10-20,62076141,111,Released,"Two countries, two loves, one heart",7.2,1213
11000000,en,Barry Lyndon,29.543331,1975-12-18,20000000,184,Released,At long last Redmond Barry became a gentleman - and that was his tragedy.,7.7,505
24000000,en,Out Cold,4.12064,2001-11-21,14782676,89,Released,"They haven't quite figured it all out, but they're getting a little warmer.",5.8,53
24000000,en,The Ladies Man,2.259537,2000-10-13,13700000,84,Released,He's cool. He's clean. He's a love machine.,5.7,34
11000000,en,Quartet,7.722021,2012-09-08,59520298,98,Released,Four Friends Looking For A Little Harmony,6.3,139
11000000,en,Tomcats,7.063053,2001-03-30,23430766,95,Released,The Last Man Standing Gets The Kitty.,4.9,74
11000000,en,Frailty,16.003958,2001-11-17,13110448,100,Released,No Soul Is Safe.,7.0,334
11000000,en,Woman in Gold,21.204929,2015-04-10,61619773,120,Released,Justice is priceless.,7.3,440
0,en,Kinsey,6.799314,2004-09-04,0,118,Released,Let's talk about sex,6.6,131
11000000,en,Army of Darkness,33.758281,1992-10-09,0,81,Released,Trapped in time. Surrounded by evil. Low on gas.,7.3,838
14000000,en,Slackers,9.371811,2002-02-01,6413915,86,Released,When all else fails... cheat.,5.4,60
11000000,en,What's Eating Gilbert Grape,33.282794,1993-12-17,30000000,118,Released,A film about the love you find...In the last place you look.,7.5,919
10000000,en,The Visual Bible: The Gospel of John,3.208172,2003-09-11,4069090,125,Released,For God loved the world So much...,8.2,12
11000000,en,Vera Drake,4.131918,2004-10-22,0,125,Released,Wife. Mother. Criminal.,6.8,80
0,en,The Guru,4.093288,2002-08-21,0,91,Released,"When he talks, women listen.",5.1,75
11000000,en,The Perez Family,1.187671,1995-05-12,2832826,113,Released,"On the way to finding a family, she found love.",6.6,9
11000000,en,Inside Llewyn Davis,36.319205,2013-10-06,32935319,105,Released,,7.2,834
0,en,O,4.146752,2001-08-31,16017403,95,Released,Trust. Seduction. Betrayal.,5.8,75
11000000,en,Return to the Blue Lagoon,9.705589,1991-08-02,2807854,98,Released,"Return to the Romance, Return to the Adventure...",5.1,153
11000000,en,The Molly Maguires,1.396985,1970-01-27,2200000,124,Released,,5.9,16
0,en,Romance & Cigarettes,4.056774,2005-09-13,2945242,105,Released,,6.0,33
11000000,en,Copying Beethoven,5.062687,2006-09-10,0,104,Released,,6.2,42
0,en,Brighton Rock,3.122152,2010-09-13,0,111,Released,Love. Murder. Revenge.,5.6,35
10800000,en,Saw V,32.943848,2008-10-23,113857533,92,Released,You Won't Believe How It Ends,5.9,820
0,it,Gli intoccabili,0.700127,1969-04-01,0,116,Released,Even the Mafia Calls Him Mister!,7.3,6
11000000,en,LOL,31.763201,2012-02-10,0,97,Released,"You can change your status, but not your heart.",5.9,881
0,en,Jindabyne,8.950864,2006-07-20,0,123,Released,Under the surface of every life lies a mystery,5.7,25
7400000,hi,कभी अलविदा ना कहना,3.246903,2006-08-11,17000000,193,Released,A Love.... That Broke All Relationships,6.1,42
14000000,en,An Ideal Husband,4.519523,1999-04-15,18535191,97,Released,He just doesn't know it yet.,6.3,46
0,en,The Last Days on Mars,18.764453,2013-08-11,0,98,Released,The search for life is about to end.,5.2,302
0,en,Darkness,6.340135,2002-10-02,0,102,Released,A house. A past. A secret. Will you dare enter?,5.6,112
10500000,en,2001: A Space Odyssey,86.201184,1968-04-10,68700000,149,Released,An epic drama of adventure and exploration,7.9,2998
10500000,en,E.T. the Extra-Terrestrial,56.105798,1982-04-03,792910554,115,Released,He is afraid. He is alone. He is three million light years from home.,7.3,3269
10000000,en,In the Land of Women,12.792446,2007-04-16,17500000,97,Released,Get ready to fall,5.8,160
0,en,The Blue Butterfly,1.985552,2004-02-20,0,97,Released,,6.8,6
10500000,en,There Goes My Baby,0.037073,1994-09-02,123509,99,Released,,8.5,2
0,hi,Housefull,0.12082,2010-04-30,0,135,Released,"He found the girl of his dreams, he fell in love and he got married... to all three.",5.2,29
11000000,en,September Dawn,3.646848,2007-05-17,0,110,Released,,5.0,16
12000000,en,For Greater Glory - The True Story of Cristiada,5.759545,2012-06-01,9622846,145,Released,The True Story of Cristiada,6.4,35
11000000,fr,La Famille Bélier,25.302978,2014-12-17,0,105,Released,,7.0,766
10000000,en,Good Will Hunting,43.734886,1997-12-05,225933435,126,Released,"Some people can never believe in themselves, until someone believes in them.",7.9,2811
11000000,en,Misconduct,10.016909,2016-02-05,0,106,Released,Ambition can be deadly,5.3,149
10000000,en,Saw III,33.124871,2006-10-27,163876815,108,Released,Suffering? You Haven't Seen Anything Yet...,6.1,1071
10000000,en,Stripes,10.892398,1981-06-25,85300000,106,Released,The story of a man who wanted to keep the world safe for democracy...and meet girls.,6.5,249
28000000,en,Bring It On,14.754281,2000-08-25,90449929,98,Released,May the best moves win.,5.8,568
10000000,en,The Purge: Election Year,53.727146,2016-06-29,118587880,105,Released,Keep America great,6.1,1306
10000000,en,She's All That,8.9876,1999-01-29,103166989,95,Released,These two opposites attract... but EVERYONE'S trying to keep them apart!,5.7,418
10000000,en,Saw IV,29.244768,2007-10-25,139352633,93,Released,You think it is over...but the games have just begun,5.9,903
10000000,en,White Noise,14.447723,2005-01-07,91196419,101,Released,The line separating the living from the dead has been crossed.,5.6,261
6000000,en,Madea's Family Reunion,5.882208,2006-02-24,57231524,110,Released,,6.0,77
13800000,en,The Color of Money,17.3393,1986-10-07,52293982,119,Released,The Hustler isn't what he used to be. But he has the next best thing. A kid who is.,6.7,291
10000000,en,The Longest Day,19.524972,1962-09-25,50100000,178,Released,This is the day that changed the world... When history held its breath.,7.2,234
10000000,en,The Mighty Ducks,8.932837,1992-10-01,50752337,101,Released,They can't skate. They can't win. They can't be serious.,6.4,198
10000000,en,The Grudge,35.695442,2004-10-22,183474602,92,Released,It never forgives. It never forgets.,5.8,865
12000000,en,Happy Gilmore,26.598884,1996-02-16,41205099,92,Released,He doesn't play golf... he destroys it.,6.5,755
10000000,en,Jeepers Creepers,23.316208,2001-07-01,59217789,90,Released,What’s eating you?,6.1,720
10000000,en,Bill & Ted's Excellent Adventure,25.929893,1989-02-17,40485039,90,Released,History is about to be rewritten by two guys who can't spell.,6.7,454
10000000,en,Oliver!,8.305998,1968-09-26,37402877,153,Released,Much Much More Than a Musical!,7.0,103
10000000,en,The Best Exotic Marigold Hotel,21.258991,2011-11-28,136836156,124,Released,Share the journey. Share the laughter.,6.9,459
10000000,en,Recess: School's Out,5.699058,2001-01-27,44460850,83,Released,Saving The World One Playground At A Time,6.6,67
12305523,en,Mad Max Beyond Thunderdome,36.582038,1985-06-29,36230219,107,Released,Two men enter. One man leaves.,5.9,748
10000000,en,Commando,34.224204,1985-10-03,57500000,90,Released,Somewhere... somehow... someone's going to pay.,6.4,742
10000000,en,The Boy,38.179483,2016-01-22,64188367,97,Released,Every child needs to feel loved.,5.8,1102
10000000,en,Devil,30.934688,2010-01-13,33583175,80,Released,Bad Things Happen For A Reason,5.8,816
20000000,en,Friday After Next,7.499639,2002-11-22,33526835,85,Released,The party's back in the 'hood!,6.0,100
10000000,en,Insidious: Chapter 3,45.946524,2015-06-04,104303851,97,Released,This is how you die,6.2,983
10000000,en,The Last Dragon,4.928777,1985-03-22,25754284,108,Released,His family thinks he's crazy. His enemies think he's no challenge. But she knows he's THE LAST DRAGON.,6.4,69
10000000,en,The Lawnmower Man,10.125029,1992-03-05,32101000,108,Released,God made him simple. Science made him a god.,5.4,197
9000000,en,Nick and Norah's Infinite Playlist,20.452449,2008-10-03,32973937,89,Released,Every night has a soundtrack.,6.4,379
10000000,en,Dogma,14.543435,1999-11-12,30652890,130,Released,It can be Hell getting into Heaven,6.8,823
10000000,en,The Banger Sisters,6.015354,2002-09-20,0,98,Released,Some friendships last forever... like it or not.,5.5,62
10000000,en,Twilight Zone: The Movie,12.902975,1983-06-24,29450919,101,Released,"You're travelling through another dimension. A dimension, not only of sight and sound, but of mind. A journey into a wondrous land whose boundaries are that of imagination. Next stop, the Twilight Zone!",6.2,161
15000000,en,Road House,6.216203,1989-05-19,30050028,114,Released,"Dalton lives like a loner, fights like a professional. And loves like there's no tomorrow.",6.3,252
10000000,en,A Low Down Dirty Shame,3.290639,1994-11-23,29392418,100,Released,He's armed and dangerously funny.,6.0,31
8500000,en,Swimfan,4.844451,2002-09-06,34411240,84,Released,His biggest fan just became his worst nightmare.,5.0,70
12000000,en,Employee of the Month,9.559737,2006-10-06,38368909,103,Released,"A slacker competes with a repeat winner for the ""Employee of the Month"" title at work",5.3,153
10000000,en,Can't Hardly Wait,11.350382,1998-06-12,25605015,100,Released,Yesterday's history.  Tomorrow's the future.  Tonight's the party.,6.1,122
10000000,en,The Outsiders,13.455373,1983-03-25,33697647,91,Released,They grew up on the outside of society. They weren't looking for a fight. They were looking to belong.,6.9,291
65000000,en,Pete's Dragon,31.974359,2016-08-10,143695338,102,Released,Some secrets are too big to keep.,6.2,679
10000000,en,The Dead Zone,16.78512,1983-10-21,20766616,103,Released,"In his mind, he has the power to see the future. In his hands, he has the power to change it.",6.9,311
10000000,en,Sinister 2,26.090495,2015-08-19,52882018,97,Released,"Be careful, children at play.",5.4,581
14000000,en,Sparkle,2.698185,2012-08-17,24637469,116,Released,Celebrate the legend.,5.8,36
0,en,Valentine,5.904126,2001-02-01,0,96,Released,Remember that kid everyone ignored on Valentine’s Day? - He remembers you.,5.0,114
10000000,en,The Fourth Kind,22.888173,2009-11-06,42333295,98,Released,There are four kinds of alien encounters. The fourth kind is abduction.,5.8,441
10000000,en,A Prairie Home Companion,5.025446,2006-06-09,0,105,Released,Radio Like You've Never Seen It Before,6.4,81
0,en,Sugar Hill,2.580808,1994-02-25,0,123,Released,He wanted power. He wanted revenge. Now he just wants out.,5.2,13
0,en,Invasion U.S.A.,4.192064,1985-09-27,0,107,Released,America wasn't ready...but HE was!,5.3,49
0,en,Roll Bounce,2.596338,2005-09-23,0,112,Released,,6.1,27
9000000,en,Rushmore,18.289303,1998-09-17,17096053,93,Released,Love. Expulsion. Revolution.,7.5,676
10000000,en,Skyline,26.268209,2010-11-11,66821036,100,Released,Don't look up,4.7,507
10000000,en,The Second Best Exotic Marigold Hotel,17.592299,2015-02-26,85978266,122,Released,,6.3,272
0,en,Kit Kittredge: An American Girl,6.27141,2008-07-02,0,101,Released,"Kit Kittredge, a resourceful young girl, helps her mother run a boardinghouse after her father loses his job.",6.4,34
0,en,The Perfect Man,11.158906,2005-06-17,0,100,Released,Is it all too good to be true?,5.5,203
10000000,en,Mo' Better Blues,3.079862,1990-08-03,16153593,129,Released,,6.3,47
0,en,Kung Pow: Enter the Fist,8.288813,2002-01-25,0,81,Released,,6.1,159
11000000,en,Tremors,32.579697,1990-01-19,48572000,96,Released,The monster movie that breaks new ground.,6.6,864
12600000,en,Wrong Turn,33.555764,2003-05-30,28650575,84,Released,It's the last one you'll ever take.,6.0,635
10000000,en,The Long Riders,2.959547,1980-05-12,15795189,99,Released,"""All the world likes an outlaw. For some damn reason they remember 'em."" - Jesse James",6.6,50
25000000,en,The Corruptor,4.068107,1999-03-12,15156200,110,Released,You can't play by the rules if there aren't any.,6.0,57
10000000,en,Mud,17.663353,2013-05-01,21587700,130,Released,,7.0,1068
10000000,en,Reno 911!: Miami,4.207456,2007-02-23,20342161,84,Released,"In a time of crisis, America will call Reno 911!",5.6,72
10000000,en,One Direction: This Is Us,7.944457,2013-08-28,0,92,Released,A motion picture event.,8.0,201
10000000,en,"The Goods: Live Hard, Sell Hard",3.352702,2009-08-14,0,90,Released,,5.4,58
0,en,Hey Arnold! The Movie,5.856363,2002-06-28,0,76,Released,A Big Problem Calls For a Big Head,5.6,62
6400000,en,My Week with Marilyn,21.006078,2011-10-17,35057696,99,Released,,6.6,406
10000000,en,The Matador,5.647538,2005-05-12,17297244,96,Released,A hitman and a salesman walk into a bar...,6.2,136
10000000,en,Love Jones,1.000178,1997-03-14,0,104,Released,Get Together. Fall Apart. Start Over.,8.1,12
5000000,en,The Gift,27.247013,2015-07-30,58978653,108,Released,Not every gift is welcome.,6.7,1049
0,en,End of the Spear,1.83428,2005-12-02,0,108,Released,,6.1,15
10000000,en,Get Over It,11.592129,2001-03-08,0,87,Released,"Young, Free And Single. Again.",5.5,75
10000000,en,Office Space,18.366362,1999-02-19,12827813,89,Released,Work sucks.,7.4,1050
10000000,en,Drop Dead Gorgeous,6.736274,1999-07-23,10571408,98,Released,The battle between the good and the bad is bound to get ugly.,6.4,86
10000000,en,Big Eyes,28.570174,2014-12-24,28883511,105,Released,She created it. He sold it. And they bought it.,6.8,1196
30000000,en,Very Bad Things,5.671691,1998-09-11,9898412,100,Released,They've been bad. Very bad.,6.2,179
0,en,Sleepover,5.842299,2004-07-09,0,89,Released,The rules are set. The game is on.,5.3,101
10000000,en,Body Double,9.525626,1984-10-25,8801940,114,Released,You can't believe everything you see.,6.4,137
10000000,en,MacGruber,14.038512,2010-05-21,6110000,90,Released,He's the ultimate tool.,5.1,179
0,en,Dirty Pretty Things,9.177896,2002-09-05,0,97,Released,Every dream has its price.,6.8,131
6000000,en,Movie 43,35.350303,2013-01-01,32438988,90,Released,The biggest cast ever assembled for the most outrageous comedy ever made.,4.4,797
10000000,en,Over Her Dead Body,12.067921,2008-02-01,0,95,Released,She's passed on... But she's not moving on.,5.3,145
10000000,en,Seeking a Friend for the End of the World,30.863082,2012-06-22,9636289,101,Released,Nice knowing you.,6.3,700
0,en,Cedar Rapids,10.254807,2011-02-11,6861102,87,Released,Today is the first day... of the rest of his weekend.,5.9,135
20000000,en,American History X,73.567232,1998-10-30,23875127,119,Released,Some Legacies Must End.,8.2,3016
0,en,The Collection,16.361743,2012-09-21,6842058,94,Released,Every great collector has a vision.,5.9,289
10000000,en,Teacher's Pet,1.374409,2004-01-16,0,74,Released,A musical tail about one dog's dream of becoming a boy,5.5,2
18000000,en,The Red Violin,6.18869,1998-09-10,9495408,131,Released,,7.3,99
10000000,en,The Straight Story,15.280261,1999-10-15,0,112,Released,,7.7,306
0,en,Deuces Wild,0.753481,2002-05-03,0,96,Released,Some lines should never be crossed.,5.5,34
9500000,en,Bad Words,14.105392,2013-09-06,7800000,88,Released,The end justifies the means,6.4,334
10000000,en,Run Fatboy Run,14.905357,2007-09-06,33000000,100,Released,Love. Commitment. Responsibility. There's nothing he won't run away from.,6.2,238
10000000,en,Heartbeeps,0.518056,1981-12-18,2154696,79,Released,Meet a modern nuclear family unlike any other.,3.8,6
9000000,en,Black or White,12.172131,2014-09-06,21571189,121,Released,There's more to family than what you see.,6.5,115
0,en,On the Line,3.084874,2001-10-26,0,85,Released,,4.1,10
10000000,en,Rescue Dawn,17.078656,2006-09-09,7177143,126,Released,A true story of survival... declassified.,6.9,336
10000000,en,Danny Collins,16.318608,2015-03-19,10835752,107,Released,A letter from John Lennon changed his life,6.6,183
10000000,en,"Jeff, Who Lives at Home",10.409155,2011-09-13,4417580,83,Released,The first step to finding your destiny is leaving your mother's basement.,6.1,217
0,it,Io sono l'amore,5.355763,2009-09-05,0,120,Released,,6.9,73
0,en,Atlas Shrugged Part II,4.725357,2012-10-12,0,112,Released,Who is John Galt?,5.4,41
11500000,en,Romeo Is Bleeding,4.850402,1993-09-13,3275585,100,Released,The story of a cop who wanted it bad and got it worse.,5.7,36
10000000,en,The Limey,8.902102,1999-05-15,3193102,89,Released,Vengeance knows no boundaries.,6.6,105
6500000,en,Crash,28.223163,2004-01-13,98410061,112,Released,You think you know who you are. You have no idea.,7.2,1149
10000000,en,The House of Mirth,3.007816,2000-09-23,5164404,140,Released,When a woman has the beauty men admire and women envy...it is wise to tread carefully.,6.4,25
0,en,Malone,1.610132,1987-05-01,0,92,Released,"Ex-Cop, Ex-CIA, Explosive",6.8,15
0,en,Peaceful Warrior,8.326131,2006-03-30,0,120,Released,There are no ordinary moments.,7.3,90
10000000,en,Bucky Larson: Born to Be a Star,3.919057,2011-09-09,0,97,Released,There Are No Small Actors. Just Small Parts.,4.4,51
0,en,Bamboozled,2.23411,2000-10-06,0,135,Released,,6.3,24
10000000,en,The Forest,19.865989,2016-01-07,40055439,95,Released,Everyone comes here looking for a way out,4.8,448
14000000,en,Sphinx,0.310513,1981-02-11,439564,118,Released,Someone is hunting tourists out of season.,6.0,2
10000000,en,While We're Young,19.263477,2015-04-03,7587485,97,Released,Life Never Gets Old.,5.8,383
10000000,en,A Better Life,4.123533,2011-06-24,1759252,98,Released,Every father wants more for his son.,7.0,54
0,en,Spider,6.948401,2002-12-13,0,98,Released,The only thing worse than losing your mind... is finding it again.,6.4,168
10000000,en,Gun Shy,3.988432,2000-02-04,1631839,101,Released,The Agency's best has a bad case of nerves.,5.4,24
0,en,Nicholas Nickleby,5.099923,2002-12-27,0,132,Released,,6.8,49
20000000,en,The Iceman,19.494703,2012-09-01,1969193,105,Released,Loving husband. Devoted father. Ruthless killer.,6.4,365
0,hi,कृष,3.759988,2006-06-23,0,154,Released,,5.5,46
10000000,en,Cecil B. Demented,4.176066,2000-05-17,0,87,Released,Demented Forever!,6.2,51
10000000,en,Killer Joe,16.436178,2011-09-10,3665069,102,Released,A Totally Deep-Fried Texas Redneck Trailer Park Murder Story.,6.5,425
10000000,en,The Joneses,14.979375,2009-09-13,7022728,96,Released,"They're not just living the American dream, they're selling it.",6.1,210
0,en,Owning Mahowny,8.045488,2003-05-02,0,104,Released,To some it's a game. To others it's a habit. But to Dan Mahowny -- beating the odds is everything,6.8,37
0,en,The Brothers Solomon,8.312153,2007-09-07,0,93,Released,They want to put a baby in you.,4.9,46
10000000,en,My Blueberry Nights,10.733761,2007-05-16,21786738,111,Released,How do you say goodbye to someone you can't imagine living without?,6.0,190
0,en,Illuminata,0.111313,1998-05-21,0,119,Released,,6.3,7
10000000,en,Swept Away,4.570043,2002-10-11,598645,89,Released,A snooty socialite is stranded on a Mediterranean island with a communist sailor.,4.8,50
5000000,en,"War, Inc.",6.265659,2008-04-28,1296184,106,Released,When it comes to war... America means business,5.6,86
0,cn,少林足球,17.54768,2001-07-12,42776760,113,Released,Get ready to kick some grass!,6.6,491
10000000,en,The Brown Bunny,3.412162,2004-08-27,0,93,Released,"I'm not going to be okay, Bud.",5.5,62
0,fr,Rien ne va plus,0.627964,1997-10-15,0,105,Released,,6.4,5
0,en,Rosewater,5.75555,2014-11-07,0,103,Released,,6.5,98
0,en,La femme de chambre du Titanic,1.031142,1997-10-10,0,100,Released,,5.3,3
7700000,en,Coriolanus,7.554799,2011-02-14,1072602,123,Released,Nature teaches beasts to know their friends.,5.9,131
10000000,en,Imaginary Heroes,2.85283,2004-09-14,0,111,Released,People are never who they seem to be.,6.3,29
0,en,High Heels and Low Lifes,1.769593,2001-07-16,0,86,Released,They're not bad girls. They're just behaving that way.,6.4,12
10000000,en,World's Greatest Dad,9.805551,2009-08-20,295750,99,Released,Lance Clayton is about to get everything he deserves.,6.5,177
0,en,Severance,12.898984,2006-05-19,0,96,Released,The Company Is Making Cutbacks,6.4,169
10000000,en,Edmond,2.803642,2005-08-31,0,82,Released,Every fear hides a wish.,6.0,50
0,en,Welcome to the Rileys,6.085879,2010-10-29,42145,110,Released,,6.4,139
0,en,Police Academy: Mission to Moscow,11.946898,1994-06-09,126247,83,Released,"Just when we thought the Cold War was over, leave it to these guys to heat it up again.",4.1,178
0,en,Blood Done Sign My Name,0.397341,2010-02-01,0,0,Released,No one changes the world alone.,6.0,5
10000000,es,Cinco de Mayo: La Batalla,0.072085,2013-05-03,0,125,Released,,5.8,14
10000000,en,Elsa & Fred,2.849895,2014-03-07,0,104,Released,It's never too late.,6.2,31
10000000,en,"An Alan Smithee Film: Burn, Hollywood, Burn",0.666218,1998-02-20,45779,86,Released,,3.0,9
0,en,The Open Road,1.388136,2009-02-07,0,90,Released,They've got a long way to go,4.8,19
3200000,en,The Good Guy,2.631688,2009-04-25,0,90,Released,,5.4,59
0,en,Motherhood,10.955567,2009-01-21,0,90,Released,,4.7,44
0,en,Free Style,0.122874,2008-12-24,140987,94,Released,It's Time To Soar.,5.8,4
10000000,en,Strangerland,5.145655,2015-07-01,17472,111,Released,To find the truth they must lose themselves.,5.1,83
10000000,en,Janky Promoters,1.728816,2009-10-16,9069,85,Released,,7.0,5
10000000,en,Blonde Ambition,3.064563,2007-12-21,0,93,Released,Small-town girl. Big-time dreams.,3.9,29
14100000,en,The Oxford Murders,9.318033,2008-01-18,0,107,Released,There is no way of finding a single absolute truth,5.7,188
0,en,The Reef,7.245108,2010-05-15,0,94,Released,Pray That You Drown First,5.4,130
0,en,Eulogy,9.085482,2004-10-15,0,91,Released,,6.4,34
0,en,White Noise 2: The Light,6.814247,2007-01-05,0,99,Released,Sometimes they don't come back alone.,5.6,80
10000000,en,Beat the World,2.873796,2011-06-10,0,91,Released,"Feel the beat, live the dream.",4.3,16
0,en,Fifty Dead Men Walking,4.481897,2008-09-10,0,117,Released,,6.1,35
0,en,Jungle Shuffle,1.413934,2014-08-07,0,85,Released,,6.5,1
10000000,en,Adam Resurrected,2.574014,2008-08-08,0,106,Released,,6.4,22
10,is,Hross í oss,1.617943,2013-08-30,11,85,Released,,6.9,26
0,en,Hai Marjawaan!,1.259968,2010-05-07,0,99,Released,Finding the right man can be murder,4.3,9
10000000,en,The Devil's Tomb,5.099472,2009-05-26,0,90,Released,An evil entombed for 2000 years... until now.,4.0,53
0,en,Partition,2.131524,2007-02-02,0,116,Released,,6.4,6
0,en,Good Intentions,0.304566,2010-03-09,0,85,Released,,5.0,6
10000000,ko,"좋은 놈, 나쁜 놈, 이상한 놈",11.847324,2008-07-16,0,130,Released,A Fistful of Fun!,7.1,193
10,en,Nurse 3-D,10.013629,2013-09-28,10000000,99,Released,Your pain is her pleasure.,4.9,119
10000000,en,Gunless,3.753703,2010-04-30,0,89,Released,Fastest draw in the North... kinda.,6.7,27
9500000,en,Adventureland,19.978021,2009-04-03,17164377,107,Released,Nothing brings people together like a crappy summer job.,6.4,737
9600000,en,The Lost City,3.588529,2005-09-03,4386236,144,Released,,6.0,24
11000000,en,Next Friday,9.337388,2000-01-12,59827328,98,Released,The suburbs make the hood look good.,6.4,135
10000000,en,American Heist,11.431434,2014-09-11,0,94,Released,Brothers in arms for life.,4.3,158
9500000,en,You Only Live Twice,28.675891,1967-06-12,111584787,117,Released,You Only Live Twice...and Twice is the only way to live!,6.5,531
10,en,Plastic,9.70276,2014-04-30,0,102,Released,HUSTLE. HEIST. REPEAT.,6.1,86
8900000,fr,Amour,17.151293,2012-07-01,19839492,127,Released,,7.5,400
10500000,en,Poltergeist III,11.225044,1988-06-10,14144000,98,Released,He's found her.,4.5,123
9500000,en,Re-Kill,5.346205,2015-10-16,0,87,Released,We are the endangered species.,4.9,34
9400000,en,"It's a Mad, Mad, Mad, Mad World",14.562991,1963-11-07,60000000,163,Released,The biggest entertainment ever to rock the screen with laughter!,7.0,140
12899867,es,Volver,19.747809,2006-03-16,85582407,121,Released,Return.,7.3,406
9300000,en,Heavy Metal,12.928269,1981-08-07,0,90,Released,A Step Beyond Science Fiction,6.2,148
10000000,en,Gentlemen Broncos,3.193777,2009-09-30,0,89,Released,"Oinus, Ainous, Anous, Odious.",6.2,51
0,en,Richard III,5.107235,1995-12-29,0,104,Released,"I can smile, and murder while I smile",6.9,49
10000000,en,Into the Grizzly Maze,10.073144,2015-02-27,0,94,Released,Hunt or be hunted.,5.1,74
0,en,Kites,4.807549,2010-05-21,0,131,Released,,6.0,40
7400000,da,Melancholia,36.173598,2011-05-26,21817298,136,Released,Enjoy it while it lasts,7.0,885
0,en,Red Dog,5.499412,2011-08-04,0,92,Released,He's Been Everywhere Mate.,7.1,83
0,hi,Jab Tak Hai Jaan,5.900535,2012-11-13,0,176,Released,,7.3,66
11000000,en,Alien,94.184658,1979-05-25,104931801,117,Released,In space no one can hear you scream.,7.9,4470
85000,en,The Texas Chain Saw Massacre,29.262427,1974-10-01,30859000,83,Released,Who will survive and what will be left of them?,7.2,590
10000000,en,The Runaways,17.611971,2010-03-19,2995811,106,Released,It's 1975 and they're about to explode.,6.3,254
9000000,en,Fiddler on the Roof,7.623979,1971-11-03,83304330,181,Released,To Life!,7.4,134
5500000,en,Thunderball,31036,1965-12-16,141195658,130,Released,Look up!  Look down!  Look out!,6.5,562
10000000,en,Detention,10.424596,2011-03-16,0,93,Released,Cancel Your Future,5.7,129
7000000,it,Mine vaganti,7.720692,2010-02-12,8220215,110,Released,,7.0,118
9000000,en,Set It Off,6.717994,1996-11-06,41590886,118,Released,It's about crime. It's about payback. It's about survival.,6.9,66
9000000,en,The Best Man,3.951041,1999-10-22,34573780,120,Released,,6.8,38
9000000,en,Child's Play,27.600843,1988-11-08,44196684,87,Released,Chucky is one mean S.O.B.,6.3,581
9000000,en,Sicko,14.098952,2007-05-18,24538513,123,Released,This might hurt a little.,7.3,235
9000000,en,The Purge: Anarchy,82.975841,2014-07-17,108782847,104,Released,"Welcome to America, where one night a year, all crime Is legal.",6.6,1954
9000000,en,Down to You,3.269459,2000-01-21,0,91,Released,A new comedy about giving first love a second chance.,4.9,70
9000000,en,Harold & Kumar Go to White Castle,18.514292,2004-05-30,23936908,88,Released,Fast Food. High Times.,6.6,693
9000000,en,The Contender,7.029126,2000-10-13,0,126,Released,Sometimes you can assassinate a leader without firing a shot.,6.7,60
26000000,en,Boiler Room,11.233081,2000-02-18,28780255,118,Released,Welcome to the new American dream.,6.5,201
40600000,en,Trading Places,34.022209,1983-06-07,90400000,116,Released,Some very funny business.,7.1,738
9000000,en,Black Christmas,4.134327,2006-12-25,21510851,84,Released,"This holiday season, the slay ride begins.",4.8,119
0,en,Breakin' All the Rules,6.904734,2004-05-14,0,85,Released,When it comes to getting dumped... He wrote the book.,5.8,21
9000000,en,Henry V,4.641006,1989-10-05,0,137,Released,The great adventure of a king who defied the odds to prove himself a man.,7.4,71
0,en,The Savages,5.663889,2007-01-19,0,114,Released,,6.8,110
0,en,Chasing Papi,1.118511,2003-04-16,6126237,80,Released,Three women. Three cities. Three times the trouble.,6.3,16
8500000,en,The Way of the Gun,8.775844,2000-09-08,19125401,119,Released,,6.4,100
9000000,en,Igby Goes Down,2.062087,2002-09-13,4777465,97,Released,Insanity is relative.,6.5,95
9000000,en,PCU,8.738737,1994-04-29,4350774,79,Released,Flunk 'em if they can't take a joke.,6.0,41
0,en,The Ultimate Gift,4.976268,2006-10-20,0,114,Released,,6.8,78
9000000,en,The Ice Pirates,3.810697,1984-03-16,0,91,Released,A totally SPACED adventure! ...You have to be there to see it.,5.7,49
9000000,en,Gracie,2.365328,2007-06-01,2955039,97,Released,,6.0,17
9000000,en,Trust the Man,5.2545,2005-09-01,0,103,Released,Men play the game. Women know the score.,5.5,29
0,en,Hamlet 2,5.293363,2008-01-21,0,92,Released,One high school drama teacher is about to make a huge number 2.,6.1,56
0,en,Velvet Goldmine,10.932711,1998-10-23,1053788,119,Released,Style matters. Even when it comes to murder.,6.9,116
0,ko,곡성,9.05029,2016-05-12,0,156,Released,Never be tempted.,7.2,250
9000000,en,Glee: The Concert Movie,9.933926,2011-08-11,18663238,84,Released,,6.8,79
0,th,สุริโยไท,0.843067,2001-08-17,0,185,Released,,5.1,6
9000000,en,Due occhi diabolici,8.218383,1990-01-25,0,120,Released,When I wake you... you'll be dead,6.0,35
6000000,fr,Barbecue,5.119593,2014-04-30,14348529,98,Released,,5.8,214
9000000,en,All or Nothing,2.872281,2002-05-17,0,128,Released,,7.0,33
9000000,en,Princess Kaiulani,0.717811,2010-05-14,771499,130,Released,Her heart was torn between love and the future of Hawaii...,4.8,14
5000000,en,Opal Dream,1.458884,2006-11-22,140666,86,Released,,6.1,7
6500000,da,Flammen & Citronen,7.028946,2008-03-25,0,130,Released,,6.8,68
9000000,en,Undiscovered,2.009597,2005-08-26,1046166,97,Released,They Know Each Other By Heart.,4.5,12
0,en,Red Riding: In the Year of Our Lord 1974,7.247023,2009-02-28,0,102,Released,"An epic tale of murder, corruption and obsession.",7.0,54
0,fr,La Fille du RER,2.351706,2009-03-18,0,105,Released,,5.6,10
9000000,en,Veronika Decides to Die,4.799022,2009-05-16,0,103,Released,"For Veronika, confronting death... is discovering life.",5.8,75
5000000,en,Crocodile Dundee,16.072466,1986-09-26,328203506,97,Released,There's a little of him in all of us.,6.3,503
0,en,"Ultramarines: A Warhammer 40,000 Movie",3.891186,2010-12-10,0,76,Released,In the grim darkness of the far future there is only war,5.2,27
8800000,en,The I Inside,3.789485,2004-01-15,0,90,Released,His story began when it all ended,5.9,62
7347125,en,Beneath Hill 60,3.949796,2010-04-15,0,122,Released,BENEATH HILL 60 featuring Captain Woodward MC commanding the Australian Hill 60 Tunnelers of World War 1,7.3,40
0,fr,Polisse,14.038703,2011-10-06,20374201,127,Released,,7.9,285
86000000,en,Awake,18.172736,2007-11-28,14373825,84,Released,"Every year, one in 700 people wake up during surgery.",6.3,395
0,en,Star Wars: Clone Wars (Volume 1),1.881466,2005-03-21,0,69,Released,,8.0,27
9000000,en,Skin Trade,6.677926,2014-11-07,0,96,Released,Two Cops. One Mission. No Mercy.,5.6,61
8500000,en,The Lost Boys,24.750909,1987-07-31,32222567,97,Released,Sleep all day. Party all night. Never grow old. Never die. It's fun to be a vampire.,6.8,538
7000000,en,Crazy Heart,17.697042,2009-12-16,39462438,112,Released,"The harder the life, the sweeter the song.",6.8,274
9250000,en,The Rose,7.000949,1979-11-07,29174648,125,Released,"She gave and gave, until she had nothing left to give",6.8,28
8500000,en,Baggage Claim,11.436405,2013-09-27,22456509,96,Released,She's done flying solo.,5.6,85
9000000,en,Barbarella,14.171759,1968-10-10,2500000,98,Released,See Barbarella do her thing!,5.7,146
0,en,Håkon Håkonsen,0.702971,1990-10-03,0,92,Released,,6.1,14
0,en,Election,13.476596,1999-04-23,0,99,Released,Reading. Writing. Revenge.,6.7,270
12000000,en,The Namesake,3.604863,2006-09-02,20138836,122,Released,Two Worlds. One Journey.,6.8,50
8500000,en,The DUFF,40.28709,2015-02-20,43528634,100,Released,"You either know one, you have one, or you are one.",6.8,1322
22000000,en,Glitter,3.809131,2001-09-21,5271666,104,Released,"In music she found her dream, her love, herself.",3.4,38
0,en,The Haunting in Connecticut 2: Ghosts of Georgia,11.708343,2013-02-01,0,101,Released,,5.6,175
8000000,ko,실미도,2.60632,2003-12-24,0,135,Released,,6.6,28
8500000,en,Bright Star,9.230073,2009-11-05,4440055,119,Released,First love burns brightest.,6.8,107
12000000,en,My Name Is Khan,14.719886,2010-02-12,42345360,145,Released,I am Muslim and i am not a terrorist,7.7,232
9000000,en,All Is Lost,28.540614,2013-10-18,6108720,106,Released,Never give up.,6.6,671
8000000,en,Limbo,0.034259,1999-06-04,1997807,126,Released,The Only Thing More Dangerous Than Death... Is Survival.,7.0,17
0,en,Namastey London,1.840511,2007-03-27,0,128,Released,,6.6,29
6500000,en,The Wind That Shakes the Barley,6.787967,2006-05-18,22889018,124,Released,Winner of the PALME D'OR at the 2006 Cannes Film Festival.,7.1,154
7700000,hi,Yeh Jawaani Hai Deewani,3.353176,2013-05-31,46000000,159,Released,,7.2,79
8250000,en,Quo Vadis,7.973109,1951-11-08,30000000,171,Released,THIS IS THE BIG ONE! The splendor and savagery of the world's wickedest empire! Three hours of spectacle you'll remember for a lifetime!,7.0,63
0,en,Repo! The Genetic Opera,5.897479,2008-07-18,188126,98,Released,Not Your Parent's Opera,6.7,100
10000000,tr,Kurtlar vadisi - Irak,1.465762,2006-02-03,0,122,Released,Some Men Are Born to be Heroes,4.3,7
8000000,en,Pulp Fiction,121.463076,1994-10-08,213928762,154,Released,Just because you are a character doesn't mean you have character.,8.3,8428
0,en,The Muppet Movie,10.639916,1979-05-31,76657000,97,Released,More entertaining than humanly possible.,7.0,164
8500000,en,Nightcrawler,89.095538,2014-10-23,38697217,117,Released,The city shines brightest at night,7.6,3395
8500000,en,Club Dread,2.62082,2004-02-27,5001655,104,Released,A vacation to die for,5.1,107
8200000,en,The Sound of Music,37.960289,1965-03-02,286214286,174,Released,The happiest sound in all the world!,7.4,941
8000000,en,Splash,21.735068,1984-03-09,69821334,111,Released,Allen Bauer Thought He'd Never Find The Right Woman... He Was Only Half Wrong!,6.1,321
8000000,en,Little Miss Sunshine,14.793177,2006-07-26,100523181,102,Released,A family on the verge of a breakdown,7.5,1686
8000000,en,Stand by Me,51.109279,1986-08-22,52287414,89,Released,"For some, it's the last real taste of innocence, and the first real taste of life. But for everyone, it's the time that memories are made of.",7.8,1522
5000000,en,28 Days Later,45.490374,2002-10-31,82719885,113,Released,His fear began when he woke up alone. His terror began when he realised he wasn't.,7.1,1777
0,en,You Got Served,3.804597,2004-01-30,0,95,Released,"If you want respect, you've got to take it.",4.8,75
8000000,en,Escape from Alcatraz,26.356697,1979-06-22,43000000,111,Released,No one has ever escaped from Alcatraz...and no one ever will!,7.2,561
8000000,en,Brown Sugar,3.501158,2002-10-05,27362712,109,Released,When did you first fall in love with hip-hop?,7.0,31
0,en,A Thin Line Between Love and Hate,2.088251,1996-04-04,0,108,Released,"When you play, you pay.",5.7,15
8000000,en,50/50,33.372828,2011-09-30,39187783,100,Released,It takes a pair to beat the odds.,7.0,1261
0,en,Shutter,8.864368,2008-03-21,0,85,Released,The most terrifying images are the ones that are real.,5.3,180
8000000,en,That Awkward Moment,37.821106,2014-01-29,26049082,94,Released,When you realize getting some means wanting more.,6.1,1004
0,en,Modern Problems,4.293706,1981-12-25,0,89,Released,,5.6,23
0,en,Kicks,3.467923,2016-09-09,0,80,Released,They aren't just shoes,7.5,18
8000000,en,Much Ado About Nothing,10.19377,1993-05-07,0,111,Released,Romance. Mischief. Seduction. Revenge. Remarkable.,7.2,189
6500000,en,On Her Majesty's Secret Service,25.289665,1969-12-12,81974493,142,Released,Far up! Far out! Far more! James Bond 007 is back!,6.5,456
14000000,en,New Nightmare,14.730796,1994-10-13,18090181,112,Released,"One, Two, Freddy's coming for you...",6.4,291
8000000,en,Drive Me Crazy,4.482714,1999-10-01,22593409,91,Released,The last guy she wants is the only one she needs.,5.8,62
8000000,en,Akeelah and the Bee,4.932893,2006-04-28,18948425,112,Released,Changing the world... one word at a time.,6.7,81
8000000,en,Half Baked,7.894489,1998-01-16,17460020,82,Released,They'll do anything to save their best bud.,6.4,177
8000000,en,New in Town,13.987772,2009-01-30,29010817,97,Released,She's an executive on the move. But her career is taking her a little farther than she expected.,5.2,99
7000000,en,American Psycho,45.310443,2000-04-13,34266564,102,Released,I think my mask of sanity is about to slip.,7.3,2066
8000000,en,The Good Girl,9.799177,2002-01-12,16856124,93,Released,It's her last best chance... is she going to take it?,6.1,181
8000000,fr,Bon Cop Bad Cop,5.069095,2006-07-06,12671300,116,Released,Shoot First Translate Later,6.5,42
8000000,en,The Boondock Saints II: All Saints Day,13.517017,2009-11-24,10629321,118,Released,The Saints Are Calling,5.9,261
0,en,The City of Your Final Destination,1.353971,2009-03-21,0,114,Released,,5.7,9
0,en,Enough Said,14.969093,2013-09-18,25288872,93,Released,,6.6,348
8000000,en,Easy A,45.395839,2010-09-10,74952305,92,Released,The rumour-filled totally false account of how I ruined my flawless reputation.,6.7,2210
0,en,The Inkwell,0.269661,1994-04-22,8880705,110,Released,Summer's Never Been So Much Fun!,3.9,5
8000000,en,Shadow of the Vampire,5.93923,2000-05-15,8279017,92,Released,An Unspeakable Horror. A Creative Genius. Captured For Eternity.,6.6,148
8000000,en,Prom,11.837067,2011-04-29,10130000,104,Released,"There are hundreds of nights in high school, but there’s only one prom.",5.7,134
8000000,en,The Pallbearer,2.149469,1996-05-03,0,97,Released,Something magical is about to unfold in the most unexpected place.,4.6,30
0,en,Held Up,1.569449,1999-10-08,0,89,Released,,4.9,11
8000000,en,Woman on Top,3.535789,2000-09-22,0,92,Released,Want to know how she got there?,5.5,46
0,en,Howards End,5.897391,1992-03-13,25966555,140,Released,,6.9,95
8000000,en,Anomalisa,21.024346,2015-12-30,5659286,90,Released,,7.0,459
8000000,en,Another Year,7.235794,2010-11-05,18124262,129,Released,,7.0,97
8000000,fr,8 femmes,8.204829,2002-01-08,0,111,Released,Living in a house full of women can be murder.,6.9,196
8000000,en,Showdown in Little Tokyo,8.403859,1991-08-23,2275557,79,Released,One's a warrior. One's a wise guy. They're two L.A. cops going after a gang of drug lords. Feet first.,5.7,95
0,en,Clay Pigeons,4.221313,1998-09-25,0,104,Released,"Some killers are strange, some are deranged, and some are just plain psycho.",6.3,39
8000000,en,It's Kind of a Funny Story,13.143045,2010-07-06,6491240,101,Released,Sometimes what's in your head isn't as crazy as you think.,6.9,672
7200000,en,Made in Dagenham,6.138802,2010-09-11,0,113,Released,"In the fight for equal rights, an ordinary woman achieves something extraordinary.",6.6,94
0,en,And When Did You Last See Your Father?,1.939054,2007-10-05,92,92,Released,Between every father and his son there is a story to be told.,6.9,13
8000000,en,Prefontaine,8.717235,1997-01-24,589304,106,Released,He beat the odds... And became a legend!,6.7,21
0,en,The Wicked Lady,0.289433,1983-04-21,0,98,Released,"She seduced, robbed and murdered...That was on her good days.",4.3,4
0,en,The Secret of Kells,10.621353,2009-02-09,0,75,Released,Turn the darkness into light,7.3,181
8000000,en,Begin Again,35.735689,2013-09-07,63464861,104,Released,You're only as strong as your next move.,7.3,1254
8000000,en,Down in the Valley,7.433574,2005-05-13,852872,112,Released,Sometimes it's hard to find your way.,5.9,63
8000000,en,Brooklyn Rules,4.090382,2007-04-30,458232,99,Released,Not made to be broken,5.8,18
0,en,Restless,0.812776,2012-12-07,0,180,Released,,4.9,8
0,en,The Singing Detective,6.335881,2003-10-24,0,109,Released,"When it comes to murder, seduction and betrayal he wrote the book. Now he's living it!",5.9,41
0,en,The Land Girls,1.278092,1998-09-25,0,111,Released,The story of three young women and the events that would change their lives... The friendships that would stay with them forever... and the loves that would change their hearts.,7.0,3
8000000,en,Fido,5.244518,2006-09-07,426224,91,Released,Good dead are hard to find,6.6,135
0,en,The Wendell Baker Story,1.265683,2005-08-03,0,99,Released,,5.2,16
8000000,en,Wild Target,10.791954,2010-06-17,3453043,98,Released,They said 'Take her out'. He got the wrong idea.,6.4,215
8000000,en,Pathology,9.782433,2008-04-11,0,95,Released,No body is safe.,5.6,144
0,en,Wuthering Heights,4.409263,2009-01-18,0,142,Released,,6.9,37
8000000,en,10th & Wolf,3.942464,2006-02-19,143451,107,Released,"The Intersection Where Family, Honor and Betrayal Collide.",6.3,24
0,en,Dear Wendy,2.597665,2005-01-22,0,105,Released,One shot is all it takes.,5.6,33
8000000,en,Aloft,6.500835,2014-02-12,53086,112,Released,,5.1,41
8000000,ja,アキラ,39.338097,1988-07-16,553171,124,Released,Neo-Tokyo is about to E.X.P.L.O.D.E.,7.8,773
22000000,en,The Death and Life of Bobby Z,12.893219,2007-07-23,413454,97,Released,"To live a life of his own, he has to die first.",5.8,103
8000000,fr,Maurice Richard,0.983484,2005-10-25,2019009,124,Released,,6.1,17
0,en,Swelter,2.214925,2014-04-20,0,96,Released,Greed. Revenge. Redemption.,4.6,21
0,zh,非常幸运,1.86453,2013-09-17,0,114,Released,,4.3,8
0,en,Imagine Me & You,9.100352,2005-02-01,2455831,93,Released,There goes the bride.,7.0,177
8000000,en,Mr. Church,7.828459,2016-09-16,0,104,Released,He was the one person she could always count on.,7.0,129
7800000,en,Swimming Pool,11.000654,2003-05-18,22441323,102,Released,"On the surface, all is calm",6.4,153
0,en,Green Street Hooligans: Underground,5.0005,2013-01-01,0,90,Released,,5.4,33
0,en,The Blood of Heroes,6.41678,1989-10-19,882290,100,Released,When juggers play there is only one way to live - THE HARD WAY!,5.9,31
8000000,en,Code of Honor,2.101718,2016-05-06,0,106,Released,There is no honor in revenge.,4.1,16
7500000,en,Driving Miss Daisy,19.585801,1989-12-13,145793296,99,Released,"The funny, touching and totally irresistible story of a working relationship that became a 25-year friendship.",7.0,350
0,en,Soul Food,4.105363,1997-09-26,0,114,Released,There's Plenty For Everyone!,6.6,19
7500000,cn,紅番區,17.318839,1995-01-30,32392047,91,Released,No Fear. No Stuntman. No Equal.,6.5,240
7700000,fr,Loin des hommes,3.363973,2014-08-30,0,110,Released,,6.6,43
6500000,en,Thank You for Smoking,29.01153,2005-09-05,24793509,92,Released,Tobacco lobbyist Nick Naylor is trying to SAVE YOUR ASH!,7.1,664
10200000,en,Hostel: Part II,20.745052,2007-06-08,35619521,93,Released,Americans...they have no imagination.,5.6,453
7500000,en,An Education,16.990308,2009-10-29,26096852,100,Released,An education isn't always by the book.,6.8,409
10284523,en,Shopgirl,4.820166,2005-10-21,11588205,104,Released,,5.7,75
7500000,en,The Hotel New Hampshire,2.226412,1984-03-09,0,109,Released,"If you experienced ""The World According To Garp"" and found it witty, delightful and totally unpredictable, then be happily surprised all over again when you join the fun and games that go on at the...Hotel New Hampshire.",5.8,26
6500000,en,Narc,8.526635,2002-01-14,12633747,105,Released,,6.8,142
7500000,en,Men with Brooms,1.369528,2002-09-20,4245870,102,Released,,4.5,7
0,en,Witless Protection,1.82184,2008-02-22,0,97,Released,Protecting America's assets.,4.0,26
7500000,en,The Work and the Glory,0.571663,2004-11-24,3347647,110,Released,One Man....A Remarkable Vision,The Work and the Glory,6.1
8000000,en,Extract,14.652342,2009-09-03,10848783,92,Released,Sticking it to the man has never looked so good.,5.7,192
0,en,Masked and Anonymous,1.71729,2003-08-08,0,112,Released,Would you reach out your hand to save a drowning man if you thought he might pull you in?,5.2,13
0,fr,Betty Fisher et autres histoires,0.024186,2001-09-01,0,103,Released,Crimes of passion are not always between lovers.,7.0,3
7500000,en,Code 46,8.859657,2003-09-02,0,92,Released,How do you solve a crime when the last thing you want to know is the truth?,6.2,116
7500000,en,Outside Bet,0.086731,2012-04-27,0,101,Released,,5.8,2
8000000,en,Albert Nobbs,7.802245,2011-12-21,5634828,113,Released,A man with a secret. A woman with a dream.,6.2,132
12500000,en,Black November,1.589693,2012-12-07,0,95,Released,Blood Will Be Spilled,6.4,4
0,hi,Ta Ra Rum Pum,0.553752,2007-04-27,0,156,Released,,6.0,13
7300000,fr,Persepolis,24.281951,2007-05-23,0,95,Released,,7.7,450
0,en,The Hole,9.983004,2009-09-09,0,92,Released,What Are You So Afraid Of?,5.6,244
7500000,de,Die Welle,25.281197,2008-03-11,19000000,107,Released,Evil is something that you learn,7.5,841
7000000,en,The Neon Demon,38.150787,2016-06-08,1333124,117,Released,Beauty is vicious.,6.4,887
7300000,en,Harry Brown,16.829837,2009-11-11,10329747,103,Released,Every man has a breaking point.,6.7,348
0,en,The Omega Code,1.288173,1999-10-15,2400000,100,Released,,4.4,17
7500000,en,Juno,19.782725,2007-12-05,231411584,96,Released,A comedy about growing up... and the bumps along the way.,7.0,2244
7500000,en,Pound of Flesh,4.943588,2015-05-07,0,104,Released,The black market is about to get bloody,5.5,63
7200000,en,Diamonds Are Forever,34.634181,1971-12-13,116019547,120,Released,The man who made 007 a household number,6.3,553
6000000,en,The Godfather,143.659698,1972-03-14,245066411,175,Released,An offer you can't refuse.,8.4,5893
4000000,en,Flashdance,18.422323,1983-04-14,92921203,95,Released,When the dancer becomes the dance.,6.1,302
7500000,en,(500) Days of Summer,45.610993,2009-07-17,60722734,95,Released,It was almost like falling in love.,7.2,2904
7000000,en,The Piano,17.681707,1993-05-19,116700000,121,Released,,7.1,281
7000000,en,Magic Mike,35.897151,2012-06-28,167221571,110,Released,Work all day. Work it all night.,6.1,1040
0,en,Darkness Falls,11.199544,2003-01-24,0,86,Released,Evil rises.,4.9,161
7000000,en,Live and Let Die,30.465138,1973-07-05,161777836,121,Released,Roger Moore is James Bond.,6.4,533
7000000,en,My Dog Skip,5.675535,2000-01-14,0,95,Released,Every family needs an optimist.,6.5,69
0,en,"Definitely, Maybe",29.173266,2008-02-08,55447968,112,Released,Three relationships. Three disasters. One last chance.,6.7,620
6600000,en,Jumping the Broom,4.492455,2011-05-06,37710610,112,Released,Sometimes the only way to get past family drama... is to jump right over it.,6.0,56
7000000,en,"Good Night, and Good Luck.",17.717681,2005-09-16,54600000,93,Released,They took on the Government with nothing but the truth.,6.8,273
7000000,en,Capote,17.434862,2005-09-30,49084830,114,Released,In Cold Blood,6.8,384
7000000,en,Desperado,25.511217,1995-08-25,25405445,104,Released,"When the smoke clears, it just means he's reloading.",6.8,881
9000000,en,Logan's Run,12.268143,1976-06-23,25000000,119,Released,The only thing you can't have in Logan's world is your 30th birthday. Unless you run away.,6.6,269
7000000,en,The Man with the Golden Gun,30.214716,1974-12-01,97572000,125,Released,The man with the golden gun is ready to assassinate James Bond.,6.3,524
7000000,en,Action Jackson,6.872784,1988-02-12,20256975,96,Released,It's Time For,4.9,50
0,en,The Descent,23.413188,2005-07-08,0,99,Released,Scream your last breath.,6.8,1005
0,en,Michael Jordan to the Max,1.830306,2000-05-05,21268532,46,Released,Up close some heroes get even bigger.,7.5,10
7000000,en,Devil's Due,14.741589,2014-01-08,36433975,89,Released,The Devil Always Gets His Due,4.4,216
7000000,en,Flirting with Disaster,5.500324,1996-03-22,14702438,92,Released,"A comedy about sex, love, family and other accidents waiting to happen.",6.3,66
0,en,The Devil's Rejects,16.754452,2005-07-22,0,107,Released,Death walks behind. Hell waits ahead.,6.6,322
700000,en,Dope,29.761163,2015-06-19,17986781,103,Released,It's hard out here for a geek.,7.2,691
7000000,en,In Too Deep,2.772178,1999-08-25,14011454,97,Released,,6.2,17
7000000,en,House of 1000 Corpses,19.301432,2003-04-11,16829545,89,Released,You'll never get out alive.,6.0,306
0,en,Alien Zone,0.000372,1978-11-22,0,90,Released,Don't you dare go in there!,4.0,3
7000000,en,A Serious Man,23.612409,2009-10-02,31430334,105,Released,...seriously!,6.6,483
7500000,en,Get Low,6.557643,2010-01-22,0,103,Released,Every secret dies somewhere.,6.5,100
7000000,en,Warlock,9.887662,1989-06-01,0,103,Released,Satan also has one son.,5.8,95
7000000,en,Beyond the Lights,8.079046,2014-09-10,14618727,116,Released,"Open your heart, find your voice.",7.0,139
7000000,en,A Single Man,21.626288,2009-10-19,0,101,Released,,7.3,463
7000000,en,The Last Temptation of Christ,14.672151,1988-08-12,8373585,164,Released,,7.0,201
7000000,en,Outside Providence,2.627232,1999-08-16,7292175,96,Released,Tim's getting a future... whether he likes it or not!,5.6,30
7000000,en,Bride & Prejudice,12.150871,2004-02-11,0,111,Released,Bollywood meets Hollywood... And it's a perfect match,6.5,110
0,en,Rabbit-Proof Fence,2.128211,2002-02-04,0,94,Released,"Follow Your Heart, Follow The Fence",6.8,84
0,en,Who's Your Caddy?,2.881239,2007-07-27,0,93,Released,,3.8,18
7,en,Split Second,4.857028,1992-05-01,5,90,Released,He's seen the future. Now he has to kill it.,5.7,63
7000000,en,The Other Side of Heaven,2.206097,2001-04-12,4720371,113,Released,An Epic Journey.,6.7,14
7000000,hi,Veer-Zaara,3.721858,2004-11-12,29385320,192,Released,A Love Legend,7.4,64
7000000,en,Redbelt,5.091253,2008-04-07,0,99,Released,There's always a way out. You just have to find it.,6.4,76
7000000,en,Cyrus,15.212569,2010-06-18,0,91,Released,John met the woman of his dreams. Then he met her son ...,6.1,133
0,en,A Dog Of Flanders,0.838938,1999-08-27,0,96,Released,,6.4,6
7000000,en,Auto Focus,7.051521,2002-10-18,2062066,104,Released,A day without sex is a day wasted.,6.1,56
7000000,en,Factory Girl,11.400229,2006-12-29,0,90,Released,"When Andy met Edie, life imitated art.",6.2,81
7000000,en,We Need to Talk About Kevin,21.276864,2011-09-28,6038942,112,Released,,7.4,677
0,en,The Christmas Candle,1.799504,2013-11-22,0,100,Released,Believe the Miracle,5.8,8
7000000,en,The Mighty Macs,2.932784,2009-10-21,0,102,Released,,5.0,15
7000000,en,Losin' It,2.550045,1983-04-08,1246141,100,Released,The last word about the first time.,4.5,31
7000000,en,Mother and Child,5.517597,2009-11-07,0,125,Released,,6.7,46
0,en,March or Die,3.829937,1977-09-08,0,107,Released,,6.2,16
0,fr,Les visiteurs,8.893676,1993-01-27,0,107,Released,They Weren't Born Yesterday!,7.1,420
8000000,en,Somewhere,9.590373,2010-09-03,0,98,Released,,6.0,208
7000000,en,I Hope They Serve Beer in Hell,7.155519,2009-09-25,1429299,106,Released,,5.7,20
0,en,Chairman of the Board,0.587276,1998-03-13,0,95,Released,Work sucks!,2.7,13
7000000,en,Hesher,13.635828,2010-01-22,382946,106,Released,Sometimes life gives you the finger and sometimes it gives you...,6.7,212
0,en,Dom Hemingway,10.416332,2013-11-15,523511,93,Released,I want my money plus interest.... and a present,5.8,212
3500000,en,Gerry,5.038953,2002-01-12,0,103,Released,,6.2,68
7000000,en,The Heart of Me,1.498245,2002-01-01,0,96,Released,,7.7,5
7000000,en,Freeheld,8.184588,2015-10-02,573335,103,Released,A true story of love and injustice.,7.1,164
7000000,en,The Extra Man,2.26778,2010-08-01,453079,108,Released,"They're not gigolos, they're gentlemen.",5.9,29
7000000,ru,Трудно быть богом,3.120016,2013-02-27,1310673,170,Released,,6.7,41
7000000,en,Ca$h,8.207425,2010-01-01,46488,108,Released,,6.0,73
0,en,Wah-Wah,2.356244,2005-08-17,0,120,Released,Every family has its own language,6.3,8
6000000,en,The Boondock Saints,34.917447,1999-01-22,30471,108,Released,Thy Kingdom Come. Thy Will Be Done.,7.2,837
0,cn,Z 風暴,0.542814,2014-06-19,0,92,Released,,5.8,5
7000000,en,Twixt,5.060656,2011-09-10,0,84,Released,"Between the living and the dead, eviil is waiting.",5.0,85
7000000,ru,Снежная королева,5.33861,2012-10-11,12400000,76,Released,"Cold can freeze your heart, love can set you free",5.1,47
0,en,Alpha and Omega: The Legend of the Saw Tooth Cave,1.874783,2014-07-21,0,53,Released,,6.5,4
0,en,Pale Rider,14.574995,1985-06-28,41410568,115,Released,... and hell followed with him.,7.0,251
7000000,en,Stargate: The Ark of Truth,8.591387,2008-03-11,8900000,97,Released,The lines have been drawn. The battle has been waged. Only one thing can save us...,6.9,140
6900000,en,Dazed and Confused,26.181753,1993-09-24,7993039,102,Released,See it with a bud.,7.4,583
0,en,High School Musical 2,21.01755,2007-08-17,7000000,104,Released,,6.1,843
0,en,Two Lovers and a Bear,3.139294,2016-10-02,0,96,Released,,6.8,27
7000000,en,Criminal Activities,6.665164,2015-11-20,0,94,Released,Leave the crime to the criminals,5.8,110
0,de,Aimee & Jaguar,2.832628,1999-02-10,0,125,Released,,6.3,20
0,en,The Chumscrubber,3.528643,2005-06-08,0,108,Released,Fear. Trust. Love.,6.7,62
6800000,en,Shade,4.665309,2003-05-18,0,101,Released,"Lie, cheat, steal... your deal!",6.1,73
6900000,en,House at the End of the Street,25.613197,2012-09-21,44287131,101,Released,Fear reaches out... for the girl next door.,5.6,555
6800000,fr,Incendies,21.285206,2010-09-04,7103838,130,Released,The search began at the opening of their mother's will.,7.9,479
0,it,Ricordati di me,4.240495,2003-02-11,0,125,Released,Some loves are never forgotten,5.8,44
0,en,Perrier’s Bounty,3.810943,2009-09-11,0,88,Released,Blood is thicker than water. Nothing is thicker than thieves.,5.1,24
4000000,pt,Tropa de Elite,23.604936,2007-10-12,0,115,Released,On the streets of Rio only the elite survive,7.8,504
6500000,en,Annabelle,60.225219,2014-10-02,255273813,99,Released,"Before the Conjuring, there was Annabelle.",5.6,1517
7,en,Bran Nue Dae,0.050456,2009-08-09,7,82,Released,Bran Nue Dae,5.2,6
6500000,en,Boyz n the Hood,17.705671,1991-07-12,57504069,112,Released,Once upon a time in South Central L.A... It ain't no fairy tale.,7.4,364
6500000,en,La Bamba,6.847099,1987-07-24,54215416,108,Released,Born into poverty. Destined for stardom. He lived the American dream.,6.8,116
0,en,The Four Seasons,8.067702,1981-05-22,0,107,Released,,6.3,16
6500000,en,Dressed to Kill,11.208769,1980-06-25,31899000,105,Released,The Latest Fashion In Murder,6.8,157
6500000,en,The Adventures of Huck Finn,2.163683,1993-04-02,0,108,Released,For anyone who has ever dreamed of running away from it all,6.2,42
6500000,en,Go,11.142389,1999-04-09,28451622,98,Released,A weekend wasted is never a wasted weekend.,7.0,196
6500000,en,Friends with Money,11.885221,2006-09-07,13368437,88,Released,,5.1,128
6500000,en,The Andromeda Strain,12.524953,1971-03-12,12376563,131,Released,The picture runs 130 minutes!... The story covers 96 of the most critical hours in man's history!... The suspense will last through your lifetime!,7.0,190
0,en,Bats,1.537859,1999-10-22,10,91,Released,They will suck you dry,4.1,35
0,de,Nirgendwo in Afrika,3.481517,2001-12-11,0,140,Released,One family's tale of a homeland lost... and a homeland found.,7.0,32
6500000,en,Shame,40.688426,2011-10-02,17693675,100,Released,,7.0,875
6500000,en,Layer Cake,24.0034,2004-09-30,11850214,105,Released,,7.0,559
6500000,en,The Work and the Glory II: American Zion,2.639106,2005-10-21,2025032,100,Released,,8.0,6
6500000,en,The East,16.574756,2013-05-31,2401510,116,Released,"Spy on us, we'll spy on you.",6.5,305
6500000,en,A Home at the End of the World,5.483531,2004-07-23,1548955,96,Released,Family can be whatever you want it to be.,6.8,45
0,en,Aberdeen,1.068819,2000-07-05,0,113,Released,,7.0,6
6500000,en,The Messenger,8.432401,2009-11-13,1521261,113,Released,The Scars of War Will Last Forever,7.1,119
6500000,en,Tracker,2.074295,2010-05-20,0,102,Released,,6.0,16
0,en,Control,11.357474,2007-09-26,8159508,121,Released,,7.5,200
6400000,en,The Terminator,74.234793,1984-10-26,78371200,108,Released,Your future is in his hands.,7.3,4128
4800000,de,"Good bye, Lenin!",11.086001,2003-02-09,79384880,121,Released,The German Democratic Republic lives on -- in 79 square meters!,7.4,586
10000000,en,The Damned United,13.409125,2009-03-27,0,97,Released,They love me for what I'm not... ...they hate me for what I am.,7.2,152
4000000,en,The Return of the Living Dead,14.961629,1985-05-15,14237000,91,Released,They're Back From The Grave and Ready To Party!,7.3,267
6000000,en,Mallrats,16.139771,1995-10-20,2122561,94,Released,They're not there to shop. They're not there to work. They're just there.,6.8,392
6000000,en,Grease,67.608041,1978-07-07,181813770,110,Released,Grease is the word,7.2,1581
6000000,en,Platoon,49.802914,1986-12-18,138530565,120,Released,The first casualty of war is innocence.,7.5,1205
6000000,en,Fahrenheit 9/11, and how the Bush Administration allegedly used the tragic event to push forward its agenda for unjust wars in Afghanistan and Iraq.,"[{""iso_3166_1"": ""US"", ""name"": ""United States of America""}]",2004-06-25,119114517,"[{""iso_639_1"": ""ar"", ""name"": ""\u0627\u0644\u0639\u0631\u0628\u064a\u0629""}, {""iso_639_1"": ""en"", ""name"": ""English""}]",Released,Fahrenheit 9/11,6.8
6000000,en,Butch Cassidy and the Sundance Kid,24.499996,1969-09-23,102308889,110,Released,"Not that it matters, but most of it is true.",7.4,650
6000000,en,Mary Poppins,59.961523,1964-08-27,102272727,139,Released,It's supercalifragilisticexpialidocious!,7.4,1183
6000000,en,Ordinary People,12.541983,1980-09-19,0,124,Released,Everything is in its proper place...except the past.,7.4,145
6000000,en,West Side Story,23.431117,1961-10-18,43656822,152,Released,The screen achieves one of the great entertainments in the history of motion pictures,7.0,389
6000000,en,Caddyshack,15.929648,1980-07-25,39846344,98,Released,The snobs against the slobs!,6.6,365
0,en,The Brothers,3.029944,2001-03-23,0,106,Released,,6.5,10
6000000,en,The Wood,5.537646,1999-07-16,25059640,106,Released,From best friends to best men.,7.1,34
6000000,en,The Usual Suspects,64.025031,1995-07-19,23341568,106,Released,Five Criminals. One Line Up. No Coincidence.,8.1,3254
8000000,en,A Nightmare on Elm Street 5: The Dream Child,12.654051,1989-08-11,22168359,89,Released,"Now Freddy’s a daddy, he’s killing for two.",5.5,245
5000000,en,National Lampoon’s Van Wilder,35.108498,2002-03-29,38275483,92,Released,Don't Graduate. Celebrate.,5.9,858
6000000,en,The Wrestler,40.196514,2008-09-07,44703995,109,Released,Love. Pain. Glory.,7.3,1000
6000000,en,Duel in the Sun,7.60445,1946-12-31,20400000,144,Released,Emotions . . . As Violent As The Wind-Swept Prairie !,6.2,37
0,en,Best in Show,10.982255,2000-09-19,0,90,Released,Some pets deserve a little more respect than others.,6.7,166
6000000,en,Escape from New York,24.351305,1981-05-22,50244700,99,Released,1997. New York City is now a maximum security prison. Breaking out is impossible. Breaking in is insane.,6.9,703
0,en,School Daze,3.159574,1988-02-12,0,121,Released,,6.2,26
6000000,en,Daddy Day Camp,12.601677,2007-08-08,18197398,89,Released,The summer is going to be in tents.,4.4,91
12716953,cn,一個好人,7.077505,1997-01-31,18814720,113,Released,Fight first. Apologize later.,6.3,128
6000000,en,A Mighty Wind,4.053017,2003-04-16,18750246,91,Released,"Back together for the first time, again.",6.6,74
0,en,Mystic Pizza,6.379933,1988-10-13,0,104,Released,A Romantic Comedy With The Works,5.9,123
6000000,en,Sliding Doors,15.639016,1998-04-23,58000000,99,Released,What if one split second sent your life in two completely different directions?.,6.5,354
6000000,en,Tales from the Hood,3.89204,1995-05-24,12000000,98,Released,Chill or be Chilled,5.4,32
6000000,en,The Last King of Scotland,26.286954,2006-09-01,48027970,121,Released,Charming. Magnetic. Murderous.,7.4,558
5000000,en,Halloween 5: The Revenge of Michael Myers,8.008844,1989-10-12,11642254,96,Released,"Michael Lives, And This Time They're Ready!",5.2,183
5000000,en,Bernie,12.68514,2012-04-27,9206470,100,Released,A story so unbelievable it must be true.,6.5,320
6000000,en,Dolphins and Whales: Tribes of the Ocean,0.041651,2008-02-15,7518876,42,Released,,8.0,3
0,en,Pollock,8.483531,2000-09-06,0,122,Released,A true portrait of life and art.,6.6,91
6000000,en,200 Cigarettes,3.561198,1999-02-26,6852450,101,Released,It's 11:59 on New Years Eve... do you know where your date is?,6.1,44
6000000,en,The Words,14.988746,2012-09-07,13231461,96,Released,There's more than one way to take a life.,6.4,379
0,en,Casa De Mi Padre,5.754416,2012-03-15,0,84,Released,Funniest movie you'll ever read.,5.5,103
6000000,en,City Island,6.497285,2009-03-06,6670712,104,Released,Truth is stranger than family,6.9,113
6000000,en,The Guard,19.411141,2011-07-07,19560274,96,Released,The FBI are about to discover that things work a little differently around here.,6.8,372
7000000,en,College,7.034618,2008-08-28,6230276,94,Released,,4.8,48
6000000,en,The Virgin Suicides,26.218912,1999-04-21,10409377,97,Released,"Beautiful, mysterious, haunting, invariably fatal. Just like life.",7.1,817
0,en,Little Voice,4.647547,1998-11-05,0,97,Released,Finding your own voice can be magic.,6.6,61
0,en,Miss March,9.371534,2009-03-13,0,89,Released,"After four years in a coma, Eugene Pratt is going to be reunited with his high school sweetheart... on pages 95-97.",5.4,77
5500000,en,Wish I Was Here,15.015271,2014-01-18,5483299,120,Released,Life is an occasion. Rise to it.,6.4,300
6000000,en,Simply Irresistible,5.696491,1999-02-05,4398989,95,Released,Magic opened up their hearts... Love did the rest.,5.5,52
0,en,Hedwig and the Angry Inch,4.25422,2001-07-20,0,95,Released,An anatomically incorrect rock odyssey,7.4,80
6000000,en,Only the Strong,5.411243,1993-08-27,3283371,99,Released,The ultimate martial art.,6.9,29
0,en,Goddess of Love,1.273773,2015-08-31,0,96,Released,Be Careful Who You Get Close To,6.2,9
6000000,en,Shattered Glass,6.27257,2003-11-14,2944752,94,Released,,6.6,111
6000000,en,Novocaine,4.148253,2001-11-23,2025238,95,Released,,6.0,44
0,en,The Business of Strangers,1.369649,2001-01-19,0,84,Released,,5.7,19
6244087,en,The Wild Bunch,14.970654,1969-06-17,638641,145,Released,"If you only want to spend two hours in a movie theatre and go home and forget it, stay away from THE WILD BUNCH.",7.6,259
6000000,en,The Wackness,7.161051,2008-07-03,2899975,99,Released,,6.2,94
6000000,en,The First Great Train Robbery,12.434688,1979-01-25,0,110,Released,Never have so few taken so much from so many.,6.6,74
0,en,Morvern Callar,2.507912,2002-01-01,0,97,Released,,7.2,34
6000000,en,Beastmaster 2: Through the Portal of Time,1.478505,1991-06-08,869325,107,Released,,4.6,17
6000000,en,The 5th Quarter,0.215464,2011-03-25,399611,97,Released,Rising from tragedy to triumph,4.7,12
0,fr,La fleur du mal,1.229667,2003-02-09,0,104,Released,,5.7,10
6000000,en,The Greatest,6.903186,2009-01-17,0,99,Released,,6.2,34
134005,en,Snow Flower and the Secret Fan,2.260315,2011-07-15,1332231,104,Released,,5.3,22
6000000,en,Come Early Morning,3.427061,2006-01-10,0,97,Released,"Before you fall in love, you need to love yourself.",5.9,10
0,en,Lucky Break,0.669169,2001-08-24,0,107,Released,,6.5,11
0,en,Julia,6.077735,1977-10-02,0,117,Released,The story of two women whose friendship suddenly became a matter of life and death.,6.3,30
6000000,en,"Surfer, Dude",2.404626,2008-09-05,69497,85,Released,,4.7,25
0,en,Lake of Fire,0.475748,2006-09-09,25,152,Released,Exploring the Issue that Divides the World,8.0,10
6000000,en,11:14,15.048067,2003-05-16,0,86,Released,Fate can change in seconds.,6.8,206
0,en,Men of War,1.734764,1994-09-04,0,103,Released,"Killers for hire are paid for what they can do, not for what they believe... until today.",5.4,29
0,en,Don McKay,1.496454,2009-04-24,0,87,Released,Some secrets are better left buried.,5.4,21
12000000,en,Deadfall,10.19041,2012-11-08,66351,95,Released,Twisty thriller... a wild ride.,5.6,224
6000000,en,A Shine of Rainbows,12.099486,2009-10-01,0,101,Released,An abandoned child brings the colors of love into their lives.,6.3,14
6000000,en,The Hit List,4.957014,2011-04-02,0,90,Released,Who's on your list?,5.2,73
0,en,Emma,2.135689,2009-10-11,0,240,Released,,7.6,38
5952000,en,Videodrome,18.119265,1983-02-04,2120439,87,Released,First it controls your mind. Then it destroys your body.,7.1,454
5300000,fr,L'Auberge espagnole,13.034602,2002-05-17,3897799,122,Released,"They came from Paris, Rome, London and Berlin to... the Spanish Apartment... where a year can change a lifetime.",7.0,266
6000000,en,Song One,6.349218,2014-01-20,32251,86,Released,A moment can change everything.,5.5,87
4000000,nl,Oorlogswinter,5.013575,2008-11-17,530048,103,Released,"In 1945 Holland, a boy must choose between good and evil.",6.8,66
0,en,Freaky Deaky,4.448353,2012-04-22,0,90,Released,Crime is such a trippy thing,4.9,18
5800000,en,The Train,4.49029,1964-09-21,6800000,133,Released,"It carried their hopes, their nation's honour!",7.2,72
0,en,Trade Of Innocents,2.204138,2012-09-27,0,91,Released,Justice needs a hero,5.5,12
6000000,th,ต้มยำกุ้ง,11.81832,2005-08-11,27165581,108,Released,Vengeance Knows No Mercy,6.8,167
0,en,Stiff Upper Lips,0.356495,1998-06-12,0,99,Released,,10.0,1
3500159,en,Bend It Like Beckham,22.054546,2002-04-11,76578641,112,Released,"Sometimes, to follow your dreams... you've got to bend the rules!",6.2,578
0,en,Sunshine State,4.245123,2002-06-21,0,141,Released,Greetings from ...,6.0,10
5800000,en,Crossover,3.201886,2006-09-01,7000000,95,Released,,4.2,10
0,en,Khiladi 786,0.114342,2012-12-07,126,139,Released,,4.7,11
5600000,es,[REC]²,22.341462,2009-09-15,18469680,85,Released,Fear Revisited,6.4,489
0,en,Standing Ovation,0.305922,2010-07-16,531826,105,Released,Dance - Sing - Dream,3.9,6
5500000,en,The Sting,28.500913,1973-12-25,159616327,129,Released,...all it takes is a little confidence.,7.9,622
5500000,en,Chariots of Fire,10.439971,1981-05-15,58972904,123,Released,"This is the story of two men who run, not to run, but to prove something to the world. They will sacrifice anything to achieve their goals... except their honor.",6.8,207
0,en,Diary of a Mad Black Woman,3.784535,2005-02-25,0,116,Released,Time heals the heart. Faith heals the rest.,6.4,71
0,en,Shine,10.396305,1996-01-21,0,105,Released,A true story of the mystery of music and the miracle of love,7.3,131
6000000,en,Don Jon,33.296684,2013-07-26,0,90,Released,Everyone loves a happy ending.,5.9,1671
5500000,en,High Plains Drifter,19.127239,1973-04-19,15700000,105,Released,Welcome to Hell,7.4,278
7000000,en,Ghost World,14.072941,2001-07-20,0,111,Released,Accentuate the negative.,7.1,426
0,en,Iris,2.714043,2001-12-14,0,91,Released,,6.2,47
5500000,en,Galaxina,2.141143,1980-06-06,4865000,95,Released,She's too good to be true...and too real to be otherwise.,3.3,16
0,fr,Les Choristes,20.982455,2004-03-17,0,96,Released,,7.5,526
4361898,en,Mambo Italiano,2.080741,2003-06-06,3031801,92,Released,Things change. Family doesn't.,5.6,28
5000000,en,Wonderland,7.79068,2003-10-23,2466444,104,Released,"Sex, drugs, murder. Welcome to L.A.",6.2,73
6500000,en,Do the Right Thing,15.580335,1989-06-30,37295445,120,Released,"It's the hottest day of the summer. You can do nothing, you can do something, or you can...",7.6,292
0,en,Harvard Man,5.336243,2001-01-01,0,99,Released,"Passion, Seduction, Deception.",4.8,15
3850000,fr,Le Havre,10.787322,2011-05-17,0,93,Released,,6.8,97
0,fr,Irréversible,32.476098,2002-05-22,792,97,Released,Time destroys everything.,7.1,538
5500000,ja,R100,3.21392,2013-10-05,0,100,Released,M For Father,5.4,31
2200000,hi,Rang De Basanti,5.206967,2006-01-26,11502151,157,Released,A Generation Awakens,7.2,97
0,en,Animals,1.5846,2014-05-15,0,90,Released,,6.2,9
8000000,en,Salvation Boulevard,3.653305,2011-07-15,0,96,Released,Faith alone doesn’t cut it anymore,5.6,28
0,en,The Ten,3.865122,2007-08-03,0,96,Released,"If He'd meant the commandments literally, He'd have written them in stone.",4.9,57
0,en,A Room for Romeo Brass,1.391958,1999-08-23,0,90,Released,,7.3,18
0,en,Hodejegerne,20.821846,2011-08-04,15699707,100,Released,The hunt is on.,7.1,399
0,en,Grabbers,9.451228,2012-08-10,0,94,Released,"For the locals on Erin Island, it's last orders.",6.0,140
0,en,Saint Ralph,1.688495,2004-09-11,0,95,Released,He's hoping for a miracle. He doesn't have a prayer.,7.3,24
5500000,en,Miss Julie,5.033065,2014-09-07,5000000,120,Released,Love is a foolish game,5.9,45
5100000,en,Somewhere in Time,5.934016,1980-10-02,0,103,Released,Beyond fantasy. Beyond obsession. Beyond time itself... he will find her.,7.2,102
0,hi,Dum Maaro Dum,0.075817,2011-04-22,0,130,Released,Goa. Paradise on Earth. But every Paradise has a few snakes.,5.4,7
5000000,en,Insidious: Chapter 2,48.375848,2013-09-12,0,106,Released,It will take what you love most.,6.5,1211
4000000,en,Saw II,42.187986,2005-10-28,152925093,92,Released,Oh Yes... There Will Be Blood.,6.3,1251
15000000,en,10 Cloverfield Lane,53.698683,2016-03-10,108286421,103,Released,Monsters come in many forms.,6.8,2468
5000000,en,Jackass: The Movie,14.752587,2002-10-21,64282312,87,Released,Do not attempt this at home.,6.1,345
4900000,en,Lights Out,48.170508,2016-07-21,44107032,81,Released,,6.3,1129
5000000,en,Paranormal Activity 3,29.15813,2011-10-19,205703818,83,Released,It Runs In The Family,5.9,669
5000000,en,Ouija,56.30466,2014-10-24,103590271,89,Released,Keep telling yourself it's just a game,4.9,983
5000000,en,A Nightmare on Elm Street 3: Dream Warriors,17.304055,1987-02-27,44793222,96,Released,"If you think you're ready for Freddy, think again!",6.5,354
5500000,es,No se Aceptan Devoluciones,9.59729,2013-07-20,99067206,115,Released,Life doesn't care if you're ready.,7.5,205
5000000,en,Paranormal Activity 4,20.326337,2012-10-17,142817992,95,Released,It's closer than you think,5.2,563
4100000,en,The Robe,4.028875,1953-09-16,36000000,135,Released,The first motion picture in CinemaScope--the modern miracle you see without glasses!,6.4,42
5000000,en,The Return of the Pink Panther,6.470766,1975-05-21,41833347,113,Released,,6.7,137
11000000,en,Freddy's Dead: The Final Nightmare,16.856231,1991-09-05,34872033,89,Released,They saved the best for last.,5.1,272
8000000,en,Monster,19.683187,2003-11-16,60378584,110,Released,The first female serial killer of America,7.0,485
5000000,en,"20,000 Leagues Under the Sea",9.358197,1954-12-23,28200000,127,Released,The mightiest motion picture of them all!,6.8,157
5000000,en,Paranormal Activity: The Marked Ones,19.984477,2014-01-01,86362372,84,Released,You're one of us now.,5.2,449
5000000,en,The Elephant Man,30.271066,1980-10-02,26010864,124,Released,I am not an animal! I am a human being! I... am... a man!,7.9,719
5000000,en,Dallas Buyers Club,59.454473,2013-09-07,55198285,117,Released,Sometimes it takes a hustler to change the world,7.9,2886
3300000,en,The Lazarus Effect,20.304235,2015-01-29,64110728,83,Released,Evil will rise.,5.1,505
9000000,en,Memento,60.715151,2000-10-11,39723096,113,Released,Some memories are best forgotten.,8.1,4028
5000000,en,Oculus,35.871248,2013-09-08,44030246,104,Released,You see what it wants you to see,6.3,1050
5000000,en,Clerks II,18.077963,2006-05-25,26888376,97,Released,With No Power Comes No Responsibility,6.9,398
5000000,en,Billy Elliot,20.428237,2000-05-18,110000000,110,Released,Inside every one of us is a special talent waiting to come out. The trick is finding it.,7.4,750
4600000,en,The Way Way Back,32.14444,2013-06-06,23198652,103,Released,We've all been there.,7.1,688
0,en,House Party 2,3.673566,1991-10-23,0,94,Released,,4.7,21
3500000,en,The Man from Snowy River,3.656491,1982-03-02,20659423,104,Released,The story of a boy suddenly alone in the world. The men who challenge him. And the girl who helps him become a man.,6.8,37
0,en,Doug's 1st Movie,1.88484,1999-03-26,0,77,Released,You'll Dig Doug!,5.4,22
5000000,en,The Apostle,4.227807,1997-10-09,0,134,Released,The hardest soul to save was his own.,6.1,38
0,en,Mommie Dearest,3.102862,1981-09-18,0,129,Released,The meanest mother of them all,6.5,54
10000000,en,Our Idiot Brother,15.688439,2011-08-26,17273593,90,Released,Everybody has one,5.9,365
5000000,en,Race,22.9951,2016-02-19,24804129,134,Released,The incredible true story of gold medal champion Jesse Owens,7.1,478
0,en,The Players Club,5.769822,1998-04-08,0,104,Released,"Here, we get down and dirty.",6.4,14
5000000,en,"As Above, So Below",26.510558,2014-08-14,40100000,93,Released,The only way out is down.,6.1,766
0,en,Addicted,7.544515,2014-10-10,0,105,Released,Every Woman Needs an Escape,5.4,63
0,en,Eve's Bayou,1.126941,1997-09-07,0,109,Released,The secrets that hold us together can also tear us apart.,6.1,27
5000000,en,Still Alice,35.307577,2014-12-05,43884652,99,Released,,7.5,1104
5000000,en,The Egyptian,4.079111,1954-08-25,15000000,139,Released,"To Nefer, shameless temptress of Babylon, he surrendered his parents' hope of immortality!",6.0,11
5000000,en,Nighthawks,7.058868,1981-03-17,19905359,99,Released,A terrorist holds New York in a grip of fear - and only Stallone can take him on.,6.4,86
5000000,en,Friday the 13th Part VIII: Jason Takes Manhattan,12.904615,1989-07-28,14000000,100,Released,The Big Apple's in BIG trouble!,4.8,191
5000000,en,My Big Fat Greek Wedding,18.115566,2002-02-22,368744044,95,Released,Love is here to stay... so is her family.,6.2,671
5000000,en,Spring Breakers,62.554173,2013-01-24,31724284,94,Released,A little sun can bring out your dark side.,5.0,1551
5000000,en,Halloween: The Curse of Michael Myers,9.483717,1995-09-29,15116634,88,Released,Haddonfield is ready to celebrate Halloween.... so is Michael Myers!,5.0,170
5000000,es,Y tu mamá también,16.890285,2001-06-08,33616692,106,Released,Life has its ways of teaching. Life has its ways to confuse us. Life has its ways to move us. Life has its ways to amaze. Life has its ways to hurt us. Life has its ways to heal. Life has its ways to inspire.,7.3,315
4000000,en,Shaun of the Dead,49.12486,2004-04-09,30039392,99,Released,A romantic comedy. With zombies.,7.5,2420
0,en,The Haunting of Molly Hartley,8.309894,2008-10-31,0,82,Released,Her past is yet to come.,4.3,48
5000000,en,Lone Star,5.960149,1996-06-21,13269963,135,Released,John Sayles invites you to return to the scene of the crime.,6.9,77
5000000,en,Halloween 4: The Return of Michael Myers,9.302349,1988-10-21,17768757,88,Released,Horror has returned to Haddonfield.,5.9,209
5000000,en,April Fool's Day,8.190888,1986-03-27,0,89,Released,Childish pranks turn into a bloody battle for survival!,5.8,73
0,en,Diner,5.87193,1982-04-02,0,110,Released,"Suddenly, life was more than French fries, gravy, and girls.",6.9,83
5000000,en,Lone Wolf McQuade,8.452666,1983-04-14,12232628,107,Released,The 'Mad Dog' Criminal...The 'Lone Wolf' Lawman...The Ultimate Showdown.,5.5,67
5000000,en,Apollo 18,17.028252,2011-07-20,25562924,86,Released,There's a reason we've never gone back to the moon.,5.0,356
5000000,en,Sunshine Cleaning,19.336367,2008-01-18,16174377,102,Released,life's a messy business.,6.5,255
5000000,en,No Escape,38.006982,2015-08-26,54418872,103,Released,No rescue. No refuge.,6.7,777
0,en,The Beastmaster,6.377523,1982-08-20,14056528,118,Released,"Born with the courage of an eagle, the strength of a black tiger, and the power of a god.",6.0,97
5000000,en,Solomon and Sheba,0.835617,1959-12-25,12200000,139,Released,Only once in 3000 years...anything like...,5.4,8
20000000,en,Fifty Shades of Black,14.947588,2016-01-28,21164799,92,Released,Way shadier than gray.,4.3,331
0,en,Not Easily Broken,5.1299,2009-01-09,0,99,Released,,6.3,9
4,en,A Farewell to Arms,1.199451,1932-12-08,25,89,Released,Every woman who has loved will understand,6.2,28
0,en,The Perfect Match,3.810827,2016-03-11,0,96,Released,t's what everyone's looking for,5.2,42
5500000,en,Digimon: The Movie,3.7387,2000-03-17,0,82,Released,,6.2,72
0,en,Saved!,9.85123,2004-01-21,0,92,Released,,6.3,147
8000000,fr,Les Invasions barbares,3.03091,2003-05-21,3432342,99,Released,"A provocative new comedy about sex, friendship, and all other things that invade our lives.",6.7,77
0,en,Robin and Marian,3.199904,1976-03-11,0,106,Released,Love is the greatest adventure of all.,6.6,50
5000000,en,The Forsaken,2.739307,2001-04-27,0,90,Released,The night... has an appetite.,4.9,47
5000000,en,Force 10 from Navarone,5.348446,1978-11-01,7230000,118,Released,,6.4,91
5000000,en,UHF,4.070044,1989-07-21,0,97,Released,"A lot of TV stations have forgotten what ""quality"" means, but not Channel 62. They NEVER knew what it meant.",6.7,89
0,en,Grandma's Boy,9.974681,2006-01-06,6538177,94,Released,A movie that proves you're never too old to come of age.,6.6,220
5000000,en,Slums of Beverly Hills,6.308298,1998-08-14,0,91,Released,Growing Up is Hard to Do,6.5,44
5000000,it,C'era una volta il West,49.333137,1968-12-21,5321508,175,Released,There were three men in her life. One to take her... one to love her... and one to kill her.,8.1,1128
5000000,en,Made,4.149628,2001-07-13,5476060,94,Released,Welcome to disorganized crime.,6.3,55
5000000,en,Moon,46.114184,2009-06-12,9760104,97,Released,The last place you'd ever expect to find yourself.,7.6,1794
0,en,Keeping Up with the Steins,3.562563,2006-05-12,0,90,Released,A 13-year-old boy uses his upcoming bar mitzvah to reconcile the strained relationship between his father and grandfather.,5.2,18
5000000,en,Sea Rex 3D: Journey to a Prehistoric World,4.498368,2010-05-14,4074023,41,Released,The T-Rex of the Seas come alive.,5.9,11
5000000,en,The Sweet Hereafter,7.673124,1997-05-14,3263585,112,Released,There is no such thing as the simple truth.,6.8,103
4000000,fr,Des hommes et des dieux,4.992475,2010-05-18,41424067,120,Released,"In the face of terror, their greatest weapon was faith...",6.5,91
5000000,en,Bottle Shock,6.174435,2008-08-06,4040588,110,Released,"Based on a true story of love, victory, and fermentation",6.6,60
0,en,Jekyll and Hyde ... Together Again,0.805312,1982-11-10,0,87,Released,The comedy that examines modern living through chemistry,4.6,5
5000000,en,Heavenly Creatures,8.753409,1994-09-02,3049135,99,Released,From a secret world no one could see... came a crime no one could believe.,7.0,294
5000000,en,90 Minutes in Heaven,3.943706,2015-09-11,4842699,121,Released,Hope lives,5.4,40
5000000,en,Everything Must Go,9.169411,2010-10-15,2614773,97,Released,Lost is a good place to find yourself,6.0,208
5000000,en,Zero Effect,2.732031,1998-01-30,1980338,116,Released,The world's most private detective.,6.0,55
5000000,en,The Machinist,35.252056,2004-02-09,8203235,101,Released,A little guilt goes a long way...,7.3,1247
5000000,en,Light Sleeper,6.063868,1992-08-21,0,103,Released,He was a good man in a deadly business. She was his only way out.,5.7,15
5000000,en,Kill the Messenger,21.343093,2014-10-09,2450846,112,Released,Can you keep a national secret?,6.6,355
5000000,en,Rabbit Hole,10.095184,2010-12-16,5129058,91,Released,The only way out is through.,6.9,165
5000000,en,Party Monster,4.129165,2003-09-05,742898,98,Released,'Til death do they party...,5.9,58
5000000,en,Green Room,30.001024,2016-04-15,3220371,95,Released,One way in. No way out.,6.7,683
5000000,en,The Oh in Ohio,6.759235,2006-03-30,0,88,Released,One woman's story is about to climax.,5.8,27
5000000,en,Atlas Shrugged Part III: Who is John Galt?,1.731035,2014-09-12,846704,99,Released,Who is John Galt?,3.9,15
7000000,en,Bottle Rocket,11.700578,1996-02-21,560069,91,Released,"They're not really criminals, but everyone's got to have a dream.",6.8,281
6000000,en,Albino Alligator,2.388683,1996-09-09,0,97,Released,They Planned The Perfect Crime... Until It All Went Perfectly Wrong!,5.6,45
0,hi,"Gandhi, My Father",0.080704,2007-08-03,0,136,Released,To the People...He was a Father. To his Son...he was a Father he never had.,6.0,2
0,en,Standard Operating Procedure,0.888986,2008-02-12,0,117,Released,,6.6,14
0,en,Out of the Blue,0.679351,1980-05-01,0,94,Released,A harrowing drama from the director of Easy Rider,6.5,17
5000000,en,Tucker and Dale vs Evil,19.940245,2010-01-22,5476793,89,Released,Evil just messed with the wrong hillbillies.,7.3,847
0,en,"Lovely, Still",1.286991,2008-01-01,0,92,Released,"Something mysterious, new, unexpected and lovely is happening to Robert Malone.",6.2,13
0,en,Tycoon,0.042442,1947-12-27,0,128,Released,Breath-taking Adventure !,6.6,4
0,en,Desert Blue,1.116206,1999-06-06,0,90,Released,"Once You Get There, You'll Never Want To Leave",5.5,9
5000000,en,Decoys,3.05434,2004-02-27,0,95,Released,They can seduce anyone... Prey it isn't you!,4.7,33
5000000,en,The Visit,38.94708,2015-09-10,98450062,94,Released,No one loves you like your grandparents.,6.0,1360
5000000,en,Redacted,3.792015,2007-01-01,782102,90,Released,,6.2,37
0,de,Fascination,0.219799,2004-10-13,0,95,Released,,3.8,4
5000000,en,Area 51,7794,2015-05-15,0,91,Released,,4.2,151
5000000,es,Mientras duermes,9.136965,2011-10-14,0,107,Released,Someone is watching over you,7.0,202
0,en,The Cottage,8.39685,2008-02-07,0,92,Released,Sleeps Six Bloody Comfortably,6.3,80
0,en,Dead Like Me: Life After Death,7.864905,2009-02-17,0,87,Released,,5.8,65
0,en,Farce of the Penguins,1.963219,2006-12-01,0,80,Released,What Happens In Antarctica... Stays in Antarctica,3.2,13
0,en,Flying By,1.546169,2009-01-01,0,95,Released,It's about the music,7.0,2
5000000,en,Rudderless,10.619574,2014-10-17,0,105,Released,The way back begins with a single chord.,7.4,105
5000000,en,Henry & Me,0.999655,2014-08-18,0,67,Released,,3.0,3
0,en,Christmas Eve,1.985243,2015-12-04,0,95,Released,They'll be home for Christmas...if only in their dreams.,6.1,24
0,en,We Have Your Husband,0.102003,2011-11-12,0,89,Released,,5.0,3
15000000,en,Dying of the Light,10.48009,2014-12-04,0,94,Released,,4.5,118
0,en,Born Of War,1.136568,2013-12-05,0,109,Released,,4.1,7
5000000,en,Capricorn One,11.095219,1977-12-10,0,123,Released,The mission was a sham. The murders were real.,6.4,131
0,en,Should've Been Romeo,0.40703,2012-04-28,0,0,Released,Even Shakespeare didn't see this one coming.,0.0,0
0,en,Running Forever,0.028756,2015-10-27,0,88,Released,,0.0,0
5000000,en,Yoga Hosers,8.618793,2016-07-08,0,88,Released,Do your 'wurst...,4.7,102
0,en,Navy Seals vs. Zombies,2.394613,2015-10-08,0,97,Released,,3.5,36
0,cs,Obsluhoval jsem anglického krále,2.387463,2006-12-19,0,120,Released,,7.0,22
5000000,de,Soul Kitchen,5.461487,2009-09-09,17872796,99,Released,,7.1,116
1000000,en,Sling Blade,14.805264,1996-08-30,24475416,135,Released,A simple man. A difficult choice.,7.4,231
4798235,en,The Awakening,25.30216,2011-08-17,209696,107,Released,Sometimes dead does not mean gone.,6.3,458
4800000,en,Hostel,38.83192,2005-01-06,80578934,94,Released,Welcome To Your Worst Nightmare,5.7,887
0,en,A Cock and Bull Story,3.500741,2005-07-17,0,94,Released,Because everyone loves an accurate period piece.,6.2,43
5000000,en,Take Shelter,19.807295,2011-11-25,3099314,120,Released,,7.1,471
0,en,Lady in White,1.435742,1988-04-22,0,112,Released,"The year is 1962. The place is Willowpoint Falls. Nobody talks about what happened in the school cloakroom 10 years ago. Now, in the dead of night, Frankie Scarlatti is going to find out why.",6.3,25
0,en,Driving Lessons,7.667888,2006-04-30,0,98,Released,,6.3,47
5000000,en,Let's Kill Ward's Wife,8.496364,2014-12-23,0,81,Released,Real Friends Do the Dirty Work.,5.5,76
4700000,en,The Texas Chainsaw Massacre 2,9.617777,1986-08-22,8025872,101,Released,After a decade of silence... The buzzz is back!,5.9,139
4638783,en,Pat Garrett & Billy the Kid,4.495256,1973-05-23,11000000,106,Released,Best of enemies. Deadliest of friends.,7.2,65
4800000,en,Only God Forgives,35.754865,2013-05-30,10337387,90,Released,Time to Meet The Devil,5.6,862
0,fr,Camping Sauvage,0.20323,2005-10-13,0,80,Released,,4.8,4
4,en,Without Men,0.28076,2011-06-29,0,83,Released,,4.6,8
0,en,Dear Frankie,3.11319,2004-05-18,0,105,Released,,7.0,46
0,en,All Hat,0.137535,2007-09-11,0,89,Released,,1.0,1
4600000,fr,Le Nom des gens,6.368933,2010-11-24,0,100,Released,"Make Love, Not War",7.3,93
4700000,en,Treading Water,0.217538,2013-09-13,0,92,Released,Mica is a perfectly normal boy. Well he would be if he didn't smell of fish.,5.6,6
4600000,en,Savage Grace,3.531877,2007-05-18,0,97,Released,Truth is more shocking than fiction.,5.7,60
0,en,Out of the Blue,0.706355,2006-10-12,0,103,Released,The true story of a small town massacre,5.9,18
4500000,en,Police Academy,15.002502,1984-03-22,146198896,96,Released,What an Institution!,6.5,602
4500000,en,The Blue Lagoon,22.585384,1980-07-05,58853106,104,Released,A sensuous story of natural love.,5.8,408
6000000,en,Four Weddings and a Funeral,29.834065,1994-03-09,254700832,117,Released,Five good reasons to stay single.,6.6,632
4500000,en,Fast Times at Ridgemont High,20.403344,1982-08-13,27092880,90,Released,"Fast Cars, Fast Girls, Fast Carrots...Fast Carrots?",7.0,322
4500000,en,Moby Dick,5.224593,1956-06-27,10400000,116,Released,"From the immortal adventure classic...of whaling men, their ships, and the sea!",6.9,89
15000000,en,25th Hour,30.196039,2002-12-16,13060843,135,Released,This life was so close to never happening.,7.2,629
4500000,en,Bound,15.359952,1996-09-13,7011317,108,Released,"In their world, you can't buy freedom, but you can steal it.",6.9,198
4500000,en,Requiem for a Dream,11.573034,2000-10-27,7390108,102,Released,,7.9,2443
0,en,State Fair,1.847822,1945-08-29,0,96,Released,,6.2,19
0,es,"Tango, no me dejes nunca",0.425551,1998-02-12,0,115,Released,Tango: do not ever leave me,6.8,6
4500000,en,Salvador,3.819796,1986-04-23,0,123,Released,Based on a true story.,7.0,71
5000000,en,Moms' Night Out,10.274542,2014-03-25,10429707,98,Released,What could go wrong?,5.5,121
6000000,en,Donnie Darko,61.210016,2001-01-18,1270522,113,Released,You can never go too far,7.7,3452
0,en,Salvando al Soldado Perez,0.177356,2011-03-18,0,105,Released,,6.1,18
4500000,nl,Karakter,0.011697,1997-04-17,0,122,Released,,7.7,25
2000000,en,Spun,6.249262,2002-06-01,0,101,Released,The ultimate speed freak's tale.,6.6,132
4500000,en,Life During Wartime,3.108881,2009-10-10,744816,97,Released,,6.3,30
0,ko,친절한 금자씨,17.074843,2005-07-29,23803308,115,Released,All she wanted was a peaceful life... they didn't give it.,7.4,356
0,fr,"Nannerl, la soeur de Mozart",0.774442,2010-06-09,0,120,Released,,6.2,13
0,en,Mean Machine,8.816995,2001-12-26,0,99,Released,"It's Not Just About Football, It's About Pride Inside!",6.0,157
4500000,cn,放‧逐,8.48639,2006-09-06,0,110,Released,,7.0,46
0,en,Blackthorn,5.223096,2011-08-31,623528,98,Released,No destiny,6.6,73
0,sv,Lilja 4-Ever,7.759215,2002-08-23,0,109,Released,,7.7,139
4500000,en,After.Life,14.570359,2010-04-09,3606395,104,Released,Life is the symptom. Death is the cure.,5.4,251
0,en,Fugly,0.371337,2014-06-13,0,134,Released,,5.3,2
3000000,en,One Flew Over the Cuckoo's Nest,127.525581,1975-11-18,108981275,133,Released,"If he's crazy, what does that make you?",8.2,2919
4400000,en,R.L. Stine's Monsterville: The Cabinet of Souls,3.898737,2015-09-29,0,85,Released,,6.9,35
0,en,Silent Movie,7.315935,1976-06-17,0,86,Released,,6.7,78
4500000,hi,Airlift,2.551559,2016-01-22,32000000,126,Released,"170,000 Refugees, 488 Flights, 59 Days, 1 Man",7.3,57
0,en,Anne of Green Gables,8.772574,1985-12-01,0,199,Released,,8.2,68
0,en,Falcon Rising,6.988357,2014-09-05,0,103,Released,,5.5,71
3730500,en,The Sweeney,6.938854,2012-09-11,6294161,112,Released,Act like a criminal to catch a criminal.,5.7,109
5000000,en,Sexy Beast,11.21273,2000-09-13,0,89,Released,There's a bit of the beast in all of us.,7.0,217
0,sv,Snabba Cash,7.217328,2010-01-15,0,124,Released,,6.5,63
8000000,en,Whale Rider,12.439495,2003-01-30,41400000,101,Released,,7.1,111
3250000,en,Paa,2.126139,2009-12-04,0,133,Released,,6.6,19
0,de,Cargo,10.142218,2009-09-24,0,120,Released,,5.9,140
4200000,en,High School Musical,16.536374,2006-01-20,0,98,Released,This School Rocks Like No Other!,6.1,1000
0,en,Love and Death on Long Island,0.933891,1997-01-01,0,93,Released,,6.9,11
4200000,ru,Ночной дозор,12.540624,2004-06-27,32000000,114,Released,All That Stands Between Light And Darkness Is The Night Watch.,6.3,210
3705538,en,The Crying Game,8.839651,1992-09-02,62548947,112,Released,Play At Your Own Risk.,6.9,176
4000000,en,Porky's,12.891276,1981-11-13,125728258,94,Released,Keep an eye out for the funniest movie about growing up ever made!,6.1,183
4000000,en,Survival of the Dead,10.789912,2010-05-06,0,90,Released,Death isn't what it used to be.,4.6,116
114000,en,Night of the Living Dead,25.666029,1968-10-01,30000000,96,Released,"If it doesn't scare you, you're already dead!",7.5,580
4000000,en,Lost in Translation,45.66662,2003-08-31,119723856,102,Released,Everyone wants to be found.,7.3,1895
4000000,en,Annie Hall,35.892034,1977-04-19,38251425,93,Released,A nervous romance.,7.8,1010
4000000,en,The Greatest Show on Earth,8.988455,1952-01-10,36000000,152,Released,,6.6,50
4000000,en,Monster's Ball,14.042041,2001-11-11,44909486,111,Released,A lifetime of change can happen in a single moment.,6.5,250
4000000,en,Maggie,40.016306,2015-05-08,187112,95,Released,Don't Get Bitten,5.2,593
3600000,en,Leaving Las Vegas,22.030517,1995-10-27,49800000,112,Released,I Love You... The Way You Are.,7.1,360
4500000,en,Hansel and Gretel Get Baked,2.503612,2013-02-19,0,86,Released,,4.8,67
4000000,en,The Front Page,4.117968,1974-12-01,0,105,Released,,6.9,68
4000000,en,The Boy Next Door,24.161735,2015-01-23,52425855,91,Released,A Moment She Couldn't Resist. An Obsession He Can't Control.,4.1,1022
4000000,en,Trapeze,1.379354,1956-05-30,14400000,105,Released,"High...High...High...Above Them All! - in excitement! - in spectacle! - in fire, flesh and fury!",6.4,22
3500000,en,The Kids Are All Right,15.338211,2010-07-09,34705850,106,Released,"Nic and Jules had the perfect family, until they met the man who made it all possible.",6.5,506
4000000,en,They Live,29.852608,1988-11-23,13008928,94,Released,Who are they? And what do they want?,7.1,550
4000000,en,The Great Escape,35.061467,1963-06-20,11744471,172,Released,Put a fence in front of these men... and they'll climb it!,7.8,717
0,en,What the #$*! Do We (K)now!?,7.288352,2004-04-23,10000000,109,Released,Time to get wise.,5.8,34
5000000,en,The Last Exorcism Part II,10.605752,2013-02-28,15179302,88,Released,The second coming,4.4,203
4000000,en,Boyhood,43.40352,2014-06-05,44349000,164,Released,12 years in the making.,7.5,1971
4000000,en,Scoop,17.229537,2006-07-27,31584901,96,Released,The perfect man. The perfect story. The perfect murder.,6.4,420
7000000,en,The Wash,2.453459,2001-11-16,10229331,93,Released,"When you're down 'n dirty, it all comes out in...",5.3,26
6000000,en,3 Strikes,1.433692,2000-03-01,9000000,82,Released,"the few, the proud, the paroled.",5.9,15
32000000,en,The Cooler,9.976428,2003-01-17,0,101,Released,When your life depends on losing... the last thing you need is lady luck.,6.7,89
4000000,en,The Misfits,2.930058,1961-01-01,8200000,124,Released,It shouts and sings with life ... explodes with love!,6.8,72
0,en,The Night Listener,7.173059,2006-02-12,0,91,Released,You never know who's listening.,5.5,57
0,en,The Jerky Boys,1.735462,1995-02-03,0,82,Released,,4.8,10
0,es,El orfanato,29.071955,2007-08-27,44000000,105,Released,A tale of love.  A story of horror.,7.1,633
0,en,A Haunted House 2,18.428909,2014-04-17,0,87,Released,It'll scare the #2 out of you.,5.4,346
4000000,en,The Rules of Attraction,11.387335,2002-10-11,0,110,Released,We all run on instinct,6.3,168
4000000,en,Topaz,5.975604,1969-12-18,6000000,143,Released,Hitchcock takes you behind the actual headlines to expose the most explosive spy scandal of the century!,6.1,77
4000000,en,Let's Go to Prison,4.59841,2006-11-17,4630045,84,Released,Welcome to the slammer,5.5,69
4000000,en,Four Rooms,22.87623,1995-12-09,4300000,98,Released,"Twelve outrageous guests. Four scandalous requests. And one lone bellhop, in his first day on the job, who's in for the wildest New year's Eve of his life.",6.5,530
4000000,en,Secretary,19.107285,2002-01-11,9304609,104,Released,Assume the position.,6.7,376
0,en,The Real Cancun,0.456485,2003-04-23,0,96,Released,,3.3,8
4000000,en,Talk Radio,4.541908,1988-12-21,3468572,110,Released,The last neighborhood in America.,6.7,46
0,en,Waiting for Guffman,4.348416,1996-01-31,0,84,Released,There's a good reason some talent remains undiscovered.,7.3,63
0,en,Love Stinks,3.347885,1999-09-10,0,94,Released,,5.4,11
4000000,en,You Kill Me,6.091951,2007-02-09,2426851,90,Released,Professional alcoholic hit man gets life back on track thanks to her,6.2,80
0,en,Thumbsucker,4.757625,2005-01-23,1919197,96,Released,,6.1,67
4000000,en,Red State,12.062371,2011-08-19,1104682,88,Released,Fear God.,5.9,316
4000000,en,Mirrormask,7.758188,2005-01-25,866999,101,Released,The Other Side of Reason. The Other Side of Fate. The Other Side of Truth.,6.6,102
4000000,en,Samsara,12.781973,2011-09-16,0,102,Released,,8.0,167
0,en,The Barbarians,1.631993,1987-03-01,0,87,Released,Warriors. Conquerors. Heroes.,5.1,8
0,en,The Art of Getting By,12.690224,2011-06-17,1406224,83,Released,The toughest lesson is love.,6.5,415
0,en,Zipper,8.516229,2015-08-28,0,103,Released,Why take the risk,5.5,58
0,en,Poolhall Junkies,5.90259,2002-06-07,0,99,Released,It's your shot. Take it.,6.5,25
4000000,en,The Loss of Sexual Innocence,2.866934,1999-04-29,0,106,Released,,5.2,9
0,en,Holy Motors,9.140936,2012-07-02,641100,115,Released,"From dawn to dusk, a few hours in the shadowy life of a mystic man named Monsieur Oscar.",6.9,228
4000000,en,Joe,22.987897,2014-04-11,2365467,118,Released,,6.5,338
3000000,en,Shooting Fish,1.204941,1997-08-22,302204,109,Released,Fat cats are too easy. Go for the big fish.,7.0,23
1300000,en,Prison,7.605291,1988-03-04,354704,102,Released,Horror Has A New Home.,6.7,27
1500000,en,Psycho Beach Party,2.855963,2000-08-06,0,95,Released,Party till you drop. Dead.,6.0,26
0,en,The Big Tease,0.502396,1999-01-01,0,87,Released,He saw. He combed. He conquered.,5.8,6
4000000,en,"Guten Tag, Ramón",1.771584,2013-10-18,0,119,Released,,8.1,18
9500000,en,Trust,21.230737,2010-09-10,120000,104,Released,"What took her family years to build, a stranger stole in an instant.",6.6,307
0,en,An Everlasting Piece,0.068246,2000-12-22,0,103,Released,Piece on Earth.,6.0,1
0,en,Among Giants,0.541652,1998-06-24,0,93,Released,"a love story from the writer of ""The Full Monty"".",4.5,2
16000000,en,Adore,18.790221,2013-04-03,318982,100,Released,,6.1,291
4000000,en,The Velocity of Gary,0.409089,1999-07-16,0,100,Released,*(Not His Real Name),4.2,5
4000000,es,Los lunes al sol,3.663108,2002-09-27,146402,113,Released,This film is not based on a real story. It is based on thousands.,7.1,36
650000,en,Stake Land,12.496261,2010-09-30,33245,98,Released,The Most Dangerous Thing Is To Be Alive.,6.2,285
0,en,The Last Time I Committed Suicide,0.596889,1997-06-20,0,92,Released,Life is what happens when you're busy making plans,6.7,7
0,pt,Praia do Futuro,2.611364,2014-05-01,0,106,Released,A hero split in half.,6.4,31
4000000,en,Another Happy Day,3.238466,2011-11-18,355688,119,Released,"At this wedding, the F-word stands for Family",6.2,37
4000000,en,A Lonely Place to Die,8.30723,2011-04-09,25345000,99,Released,"Out here, there's nowhere to hide.",6.2,157
0,en,Nothing,3.408955,2003-09-09,0,90,Released,,5.8,38
0,ru,Географ глобус пропил,1.876621,2013-07-26,4037782,120,Released,,7.3,23
0,en,1776,1.807571,1972-11-09,0,142,Released,The award winning musical comes to the screen!,7.1,20
0,en,Inescapable,6.783053,2012-09-14,0,93,Released,You can never escape your past,5.2,13
3950000,en,Hell's Angels,8.484123,1930-11-15,8000000,127,Released,Howard Hughes' Thrilling Multi-Million Dollar Air Spectacle,6.1,19
4000000,en,Purple Violets,0.936232,2007-04-30,0,103,Released,A second chance for a first love.,5.7,9
4000000,en,The Veil,12.822534,2016-04-21,0,93,Released,The dead come back,4.5,118
0,en,The Loved Ones,4.989985,2009-09-13,0,84,Released,Don't break her heart,6.6,207
4000000,en,The Helpers,1.390659,2012-10-27,0,78,Released,Can we help you?,4.1,8
4000000,en,How to Fall in Love,1.923514,2012-07-21,0,0,Released,,5.2,20
0,en,The Perfect Wave,4.118612,2014-02-28,0,113,Released,,4.4,21
3900000,en,A Man for All Seasons,9.541688,1966-12-12,28350000,120,Released,...a motion picture for all times!,7.5,89
3800000,en,Network,17.234745,1976-11-01,23689877,121,Released,Not since the dawn of time has America experienced a man like Howard Beale!,7.7,381
4000000,en,Gone with the Wind,48.98255,1939-12-15,400176459,238,Released,The greatest romance of all time!,7.7,970
0,en,Desert Dancer,1.972668,2014-07-03,0,98,Released,Be Brave. Be Bold. Be Free.,6.5,18
3800000,en,Major Dundee,3.490215,1965-04-07,14873,123,Released,,6.2,38
3768785,en,Annie Get Your Gun,1.726175,1950-05-17,8000000,107,Released,,7.3,22
967686,en,Four Lions,20.544999,2010-05-07,4270000,101,Released,We are 4 Lions.,7.0,423
0,pt,Casa de Areia,0.389471,2005-05-13,0,115,Released,,6.7,9
3500000,en,Defendor,8.45342,2009-09-12,44462,101,Released,An unexpected hero will rise.,6.5,195
3700000,en,The Pirate,0.90522,1948-06-11,2956000,102,Released,The great MGM musical romance,6.6,17
3800000,en,The Good Heart,2.201678,2009-09-11,0,95,Released,Everyone needs a refuge from the world.,6.0,21
4000000,en,The History Boys,3.771652,2006-10-02,13401952,109,Released,History. It's just one bloody thing after another.,6.6,66
3600000,en,Midnight Cowboy,21.119209,1969-05-25,44785053,113,Released,Whatever you hear about Midnight Cowboy is true.,7.4,299
3500000,en,The Full Monty,17.002623,1997-08-13,257850122,91,Released,The year's most revealing comedy.,6.8,363
3500000,en,Airplane!,46.116885,1980-07-02,83453539,88,Released,"What's slower than a speeding bullet, and able to hit tall buildings at a single bound?",7.1,1074
5000000,en,Chain of Command,1.398981,2015-08-30,0,88,Released,"When duty calls, plans change",5.3,11
3500000,en,Friday,25.5748,1995-04-26,28215918,91,Released,A lot can go down between thursday and saturday...,7.0,503
3500000,en,Menace II Society,3.418871,1993-05-26,27900000,97,Released,This is the truth. This is what's real.,7.2,173
3500000,en,Creepshow 2,10.729884,1987-05-01,14000000,92,Released,"When the curtain goes up, the terror begins.",5.9,129
3716946,en,The Ballad of Cable Hogue,2.676535,1970-05-13,5000000,121,Released,,6.9,47
3500000,en,In Cold Blood,7.821438,1967-12-14,13007551,134,Released,,7.4,82
3500000,en,The Nun's Story,3.281509,1959-06-18,12800000,149,Released,Her Faith Remained Strong and True in the Face of Africa's Terrors!,7.4,46
3500000,en,Harper,2.938973,1966-02-23,12000000,121,Released,Harper takes a case - and the payoff is murder.,6.2,35
3500000,en,Frenzy,10.219942,1972-05-25,12600000,116,Released,Just an ordinary necktie used with a deadly new twist.,7.1,158
3500000,en,The Witch,50.319662,2016-02-19,40423945,92,Released,Evil takes many forms.,6.3,1434
0,en,I Got the Hook Up,0.593068,1998-05-27,0,93,Released,A truckload of cell phones... turns into a boatload of cash!,5.4,8
3500000,en,She's the One,8.406025,1996-08-26,9482579,96,Released,A romantic comedy about two brothers... and the one thing that came between them.,5.7,70
10000000,en,Gods and Monsters,5.588652,1998-01-21,6451628,105,Released,,6.8,81
2000000,es,El secreto de sus ojos,25.894065,2009-08-13,33965843,129,Released,,7.8,626
0,en,Train,3.280081,2008-10-16,0,94,Released,You're in for a hell of a ride.,4.8,36
3600000,en,Evil Dead II,35.674774,1987-03-13,5923044,84,Released,The Sequel To The Ultimate Experience In Grueling Terror,7.6,742
0,en,Pootie Tang,3.115754,2001-06-29,0,81,Released,Too cool for words.,5.4,43
1000000,en,Sharknado,20.466433,2013-07-11,0,86,Released,Enough said!,3.8,476
0,es,La otra conquista,0.015597,1999-04-01,0,105,Released,The spirit of a people can never be conquered.,5.4,4
3500000,nb,Trolljegeren,12.982319,2010-10-29,4159678,103,Released,You believe it when you see it!,6.7,583
0,en,Ira & Abby,0.595136,2006-01-01,0,104,Released,"First comes love, then comes marriage, then comes therapy.",5.8,9
3500000,en,Winter Passing,3.643608,2006-02-07,113783,98,Released,Sometimes you go looking for something you want. . . and find what you need.,6.7,28
3500000,en,D.E.B.S.,6.396936,2004-01-21,0,91,Released,Evil is so totally busted!,5.6,90
0,en,The Masked Saint,0.909067,2016-01-08,0,111,Released,,2.9,7
3500000,en,The Betrayed,1.348114,2008-09-27,0,98,Released,What she doesn't know could kill her.,5.2,10
0,en,Taxman,0.964802,1999-09-16,0,104,Released,"In life only two things are certain, death and taxes.",2.0,1
0,en,The Secret,0.042346,2016-04-29,0,200,Released,,0.0,0
3500000,en,2:13,1.271621,2009-04-25,0,96,Released,Killers Are Not Born ... They Are Made,4.6,10
3500000,en,"Batman: The Dark Knight Returns, Part 2",25.891466,2013-01-18,0,78,Released,Justice Returns... Vengeance Returns... Redemption Comes to Gotham.,7.9,419
3500000,en,Time to Choose,1.618138,2015-09-04,0,100,Released,Climate change for good.,0.0,0
3500000,en,In the Name of the King III,4.304341,2013-12-27,0,85,Released,,3.3,19
3500000,en,Wicked Blood,3.158056,2014-03-04,0,92,Released,The Ultimate Endgame,5.3,37
0,en,Dawn Patrol,3.230779,2015-06-05,0,86,Released,Revenge comes at a price.,5.0,11
3440000,en,Lords of London,1.913302,2014-01-06,0,90,Released,"In this city, crime is a family business.",3.6,6
3400000,en,High Anxiety,5.690619,1977-12-25,31063038,94,Released,The Master of Comedy takes on The Master of Suspense!,6.5,84
8000000,fr,La Marche de l'empereur,17.537154,2005-01-26,127392239,80,Released,"In the harshest place on Earth, love finds a way.",6.9,358
3500000,en,Margin Call,26.259389,2011-09-28,19504039,107,Released,Be first. Be smarter. Or cheat.,6.7,524
0,en,August,1.419431,2011-06-09,0,100,Released,,6.2,15
3000000,en,Choke,11.637458,2008-09-26,3830137,92,Released,From the author of Fight Club,6.0,127
3300000,en,Whiplash,192.528841,2014-10-10,13092000,105,Released,The road to greatness can take you to the edge.,8.3,4254
3300000,pt,Cidade de Deus,44.356711,2002-02-05,30641770,130,Released,"If you run you're dead... if you stay, you're dead again. Period.",8.1,1814
600000,en,Human Traffic,4.859873,1999-06-04,4000000,99,Released,The Weekend has Landed!,6.8,97
3400000,en,To Write Love on Her Arms,6.723057,2015-03-13,0,118,Released,Based on the True Story that started a Global Movement.,6.8,47
0,en,The Dead Girl,3.069605,2006-11-07,0,85,Released,One life ends. Seven others begin.,6.4,66
3800000,da,Jagten,21.826888,2012-08-28,16800000,115,Released,The lie is spreading.,7.9,927
0,en,A Christmas Story,15.128316,1983-11-18,19294144,94,Released,"Peace, Harmony, Comfort and Joy... Maybe Next Year.",7.4,344
0,en,Bella,1.814802,2006-09-09,0,91,Released,One person can change your life forever,6.7,37
4300000,en,Class of 1984,5.643023,1982-08-20,0,98,Released,Class of 1984. Is this the future?,6.2,66
3300000,en,Opposite Sex,2.964785,2014-11-08,45000,96,Released,"A battle of the sexes, winner takes all.",4.1,9
2000000,en,Dreaming of Joseph Lees,0.11615,1999-10-29,7,92,Released,,8.0,1
0,fr,Entre les murs,13.437038,2008-09-24,28814580,128,Released,The dynamics of a multicultural class and its teacher will enlighten.,6.8,174
3200000,en,Rosemary's Baby,26.180367,1968-06-12,33395426,136,Released,Pray for Rosemary's Baby,7.5,863
3200000,en,The Man Who Shot Liberty Valance,11.735287,1962-04-22,8000000,123,Released,Together For The First Time - James Stewart - John Wayne - in the masterpiece of four-time Academy Award winner John Ford,7.4,265
0,en,Adam,8.308442,2009-07-29,2277396,99,Released,A story about two strangers. One a little stranger than the other...,6.9,150
0,es,"María, llena eres de gracia",3.027892,2004-01-18,0,101,Released,"Based on 10,000 true stories.",6.9,101
3200000,en,Beginners,11.933449,2010-09-11,5332926,105,Released,This is what love feels like.,6.8,347
0,en,Feast,8.825113,2005-10-14,658573,95,Released,,6.1,160
2700000,en,Animal House,17.332585,1978-07-27,141000000,109,Released,It was the Deltas against the rules... the rules lost!,7.0,418
2500000,en,Goldfinger,47.812466,1964-09-17,124881062,110,Released,Everything he touches turns into excitement!,7.2,987
2400000,en,Antiviral,11.753553,2012-09-19,0,110,Released,What If You Could Feel Like They Do ...,5.7,112
3180000,en,It's a Wonderful Life,42.868495,1946-12-20,9644124,130,Released,It's a wonderful laugh! It's a wonderful love!,8.0,1076
4000000,en,Trainspotting,63.513324,1996-02-23,16491080,93,Released,Choose life.,7.8,2655
0,en,The Original Kings of Comedy,1.918959,2000-08-18,0,115,Released,We Got Jokes,6.3,15
3000000,en,Paranormal Activity 2,22.789649,2010-10-20,177512032,91,Released,In 2009 you demanded it. Nothing can prepare you for what's next.,5.7,722
0,en,Waking Ned,5.735912,1998-09-15,0,91,Released,How far would you go to win a fortune!,7.4,54
4000000,en,Bowling for Columbine,11.414843,2002-10-09,35564473,120,Released,One nation under the gun.,7.3,453
0,zh,归来,6.017273,2014-05-16,0,111,Released,,6.9,49
3000000,en,A Nightmare on Elm Street Part 2: Freddy's Revenge,21.607228,1985-10-31,29999213,87,Released,Someone is coming back to Elm Street!,5.7,361
3000000,en,A Room with a View,7.961559,1985-12-13,20966644,117,Released,,6.9,156
3000000,en,The Purge,54.403033,2013-05-31,89328627,86,Released,"One night a year, all crime is legal.",6.0,2428
3000000,en,Sinister,41.045084,2012-03-29,77712439,110,Released,"Once you see him, nothing can save you.",6.7,1573
3000000,en,Martin Lawrence Live: Runteldat,0.295226,2002-08-01,19184015,113,Released,,5.0,1
3000000,en,Cat on a Hot Tin Roof,16.553594,1958-02-17,17570324,108,Released,Just one pillow on her bed ... and just one desire in her heart!,7.6,165
3000000,en,Beneath the Planet of the Apes,24.393296,1970-05-01,18999718,95,Released,An army of civilized apes...A fortress of radiation-crazed super humans...Earth's final battle is about to begin - Beneath the atomic rubble of what was once the city of New York!,6.2,361
3000000,en,Air Bud,11.241802,1997-08-01,23144499,98,Released,He Sits. He Stays. He Shoots. He Scores.,5.3,106
16000000,ja,Pokémon 3: The Movie,9.18885,2000-07-08,68411275,93,Released,Pokémon: Spell of the Unknown,5.9,137
3000000,en,Friday the 13th Part VI: Jason Lives,11.158167,1986-08-01,19472057,86,Released,Kill or be killed!,5.7,216
3000000,en,The Bridge on the River Kwai,23.109959,1957-10-02,33300000,161,Released,It spans a whole new world of entertainment!,7.7,542
3000000,en,Spaced Invaders,1.586598,1990-04-27,15369573,100,Released,,4.7,25
2000000,en,Family Plot,3.832858,1976-04-09,7900000,121,Released,There’s no body in the family plot.,6.7,86
3000000,en,The Apartment,22.889294,1960-06-15,25000000,125,Released,"Movie-wise, there has never been anything like it - laugh-wise, love-wise, or otherwise-wise!",8.1,483
3000000,en,Jason Goes to Hell: The Final Friday,10.341982,1993-08-13,15938065,87,Released,Evil has finally found a home.,4.2,193
3000000,en,Torn Curtain,7.924982,1966-07-13,13000000,128,Released,It tears you apart with suspense!,6.4,120
3000000,en,Dave Chappelle's Block Party,1.697846,2005-09-12,11718595,100,Released,,6.4,28
0,en,Slow West,14.936661,2015-04-16,229094,84,Released,Wanted Dead or Dead,6.6,367
3000000,en,Krush Groove,0.720091,1985-10-25,0,97,Released,It's chillin'!,7.0,11
0,en,Next Day Air,2.747402,2009-02-06,0,84,Released,,5.3,36
3000000,en,Elmer Gantry,6.734965,1960-06-19,10400000,146,Released,If there was a dollar to be made - Gantry would make it... If there was a soul to be saved - Gantry would save it...,7.3,41
3000000,en,Judgment at Nuremberg,13.338539,1961-12-01,10000000,186,Released,The event the world will never forget,7.6,155
0,en,Trippin',0.185373,1999-05-12,9016377,94,Released,He's a legend in his own mind.,4.5,4
3000000,en,Red River,5.344815,1948-08-26,9012000,133,Released,Big as the men who faced this challenge! Bold as the women who loved them!,7.3,82
0,en,Phat Girlz,0.982624,2006-01-01,0,99,Released,,3.7,10
3000000,en,Before Midnight,23.299907,2013-04-05,11176469,108,Released,Everything's better with maturity.,7.4,568
0,en,Teen Wolf Too,4.103764,1987-11-20,0,95,Released,High school was easy. But college is a whole different ANIMAL.,3.8,46
3000000,en,Phantasm II,5.003615,1988-07-08,7282851,97,Released,The ball is back!,6.3,94
3000000,en,Woman Thou Art Loosed,0.019984,2004-09-30,6804016,94,Released,,5.0,3
0,en,Real Women Have Curves,1.026243,2002-01-01,0,86,Released,,5.8,19
0,en,Water,2.787375,2005-09-08,10422387,115,Released,,6.8,34
3800000,en,East Is East,3.667372,1999-05-14,28200000,97,Released,"A comedy of families, a chip shop... and a very randy dog.",6.5,59
3000000,en,Whipped,2.144354,2000-09-01,0,82,Released,Never underestimate the power of a woman.,3.1,11
3000000,en,Kama Sutra - A Tale of Love,3.937939,1996-09-11,4109095,117,Released,,5.7,35
3000000,en,Please Give,5.325156,2010-01-22,0,90,Released,,6.0,57
3000000,en,Willy Wonka & the Chocolate Factory,23.981601,1971-06-29,4000000,100,Released,It's Scrumdiddlyumptious!,7.4,798
0,en,Warlock: The Armageddon,3.107149,1993-05-01,0,98,Released,,5.2,38
0,en,8 Heads in a Duffel Bag,5.016607,1997-04-18,0,95,Released,A mindless comedy.,5.4,39
0,en,Days of Heaven,13.857194,1978-09-13,0,94,Released,Your eyes... Your ears... Your senses... will be overwhelmed.,7.6,234
0,en,Thirteen Conversations About One Thing,6.997495,2001-09-02,0,104,Released,Ask yourself if you're really happy.,6.4,25
3000000,en,Jawbreaker,4.337685,1999-01-30,3076820,87,Released,Suck it and see...,5.9,90
2962051,en,Basquiat,3.636634,1996-08-09,3011195,108,Released,"In 1981, A Nineteen-Year-Old Unknown Graffiti Writer Took The New York Art World By Storm. The Rest Is Art History.",6.6,94
0,en,Frances Ha,15.492257,2013-05-17,4069826,86,Released,,7.2,345
3000000,af,Tsotsi,2.504169,2005-08-18,9879971,94,Released,In this world... Redemption comes just once.,6.9,94
3000000,en,Happiness,10.757539,1998-10-16,2807390,139,Released,Finding happiness can be a tragic comedy.,7.4,194
0,en,DysFunktional Family,1.580027,2003-04-04,0,89,Released,,6.1,4
2800000,en,Tusk,15.754614,2014-09-19,1826705,102,Released,Let me tell you a story...,5.1,366
3000000,ko,올드보이,56.76349,2003-01-01,14980005,120,Released,"15 years of imprisonment, five days of vengeance",8.0,1945
0,en,Letters to God,3.644872,2010-04-09,0,110,Released,,6.5,37
3000000,en,Hobo with a Shotgun,16.900433,2011-05-06,748453,86,Released,"Delivering justice, one shell at a time...",5.7,211
3000000,es,Compadres,1.569246,2016-03-31,0,101,Released,,5.2,17
3000000,en,Freeway,4.682881,1996-08-23,0,110,Released,Her life is no fairy tale.,6.5,95
0,en,Love's Abiding Joy,1.128559,2006-10-06,0,87,Released,,5.8,12
3000000,en,Fish Tank,12.68672,2009-05-14,2357852,123,Released,"Live, love and give as good as you get.",6.9,250
0,en,Damsels in Distress,3.750338,2012-04-06,0,99,Released,"For these girls... it's not what you learn, it's whom you educate.",5.6,67
0,en,Creature,2.857848,1998-05-17,0,176,Released,Death from the depths,4.0,21
3000000,en,Bachelorette,20.95282,2012-08-06,11947954,87,Released,Old habits party hard.,5.3,444
0,en,Brave New Girl,0.18094,2004-04-25,0,120,Released,,3.7,3
0,en,Tim and Eric's Billion Dollar Movie,1.75311,2012-03-02,0,94,Released,,5.2,34
2700000,de,Sommersturm,3.120747,2004-09-02,0,98,Released,,6.7,59
0,en,Fort McCoy,0.384496,2014-01-01,0,0,Released,,6.3,2
0,en,Chain Letter,2.504156,2010-10-01,0,96,Released,"If you don't forward it, you die.",3.9,37
3000000,en,Just Looking,0.431332,1999-10-21,0,97,Released,A voyeuristic coming-of-age comedy.,5.8,5
3000000,en,The Divide,11.882563,2011-03-13,22000,112,Released,The lucky ones died in the blast,5.7,197
0,en,The Eclipse,9.342465,2009-04-24,0,88,Released,If there is life after death - love lives on,6.1,15
3000000,en,Demonic,12.564554,2015-02-12,3387000,83,Released,Every House Has It's Secrets,4.9,148
0,en,My Big Fat Independent Movie,0.68822,2005-03-04,0,80,Released,The lowbrow comedy for the highbrow crowd.,3.0,5
0,en,The Deported,0.194848,2010-06-15,0,90,Released,,0.0,0
0,en,Tanner Hall,2.015525,2009-09-14,0,96,Released,,5.4,32
3000000,en,Open Road,2.680629,2013-04-12,0,85,Released,,5.2,18
0,en,They Came Together,12.036888,2014-06-27,0,84,Released,He came...She came...They both came,5.3,171
0,en,30 Nights of Paranormal Activity With the Devil Inside the Girl With the Dragon Tattoo,1.737032,2013-01-14,0,80,Released,Based on true events... that may not have happened,2.9,28
3000000,en,Never Back Down 2: The Beatdown,9.249229,2011-09-13,0,90,Released,,5.8,136
2500000,en,Point Blank,5.164423,1967-08-30,3200000,92,Released,There are two kinds of people in his up-tight world: his victims and his women. And sometimes you can't tell them apart.,7.1,95
3,en,Four Single Fathers,0.008263,2009-01-15,0,100,Released,Comedy,0.0,0
0,en,Enter the Dangerous Mind,1.998826,2013-03-11,0,88,Released,,4.8,14
3000000,en,Something Wicked,1.968679,2014-04-04,0,95,Released,,4.6,16
3000000,en,AWOL-72,1.141463,2015-08-07,0,79,Released,72 Hours On The Clock. Starting Now...,2.8,10
0,en,Iguana,0.214704,1988-04-01,0,88,Released,,6.0,1
3200000,en,Chicago Overcoat,1.034844,2009-10-10,0,95,Released,The glory days are back,6.1,5
0,en,Barry Munday,1.975941,2010-03-13,0,95,Released,A comedy that hits you right where it counts.,6.3,22
2900000,pt,Central do Brasil,5.928937,1998-01-16,5596708,113,Released,He was looking for the father he never knew. She was looking for a second chance.,7.6,126
2900000,en,Pocketful of Miracles,3.370225,1961-12-18,5000000,136,Released,You have to see it to believe it!,7.3,25
0,en,Close Range,5.485217,2015-12-11,0,80,Released,Colton MacReady...is coming home.,4.9,54
0,en,Boynton Beach Club,0.18887,2005-08-05,0,105,Released,,6.8,3
3000000,en,Amnesiac,3.077885,2015-08-14,0,90,Released,What he can't remember is killing him.,4.1,52
3000000,en,Freakonomics,1.781462,2010-10-01,103735,93,Released,Things you always thought you knew but didn't,6.6,36
0,fr,Haute tension,4.952983,2003-06-18,0,91,Released,Hearts will bleed.,6.6,271
2902660,en,Griff the Invisible,1.35088,2011-08-19,0,93,Released,"He's a dreamer, stuck in the real world.",6.1,34
0,en,Unnatural,0.687656,2015-10-16,0,89,Released,Some things were never meant to be.,4.3,12
8000000,en,Hustle & Flow,6.39503,2005-07-22,23563727,116,Released,The music will inspire them. The dream will unite them. This summer get crunk.,6.9,99
2883848,en,Some Like It Hot,39.30982,1959-03-18,25000000,122,Released,The movie too HOT for words!,8.0,808
2800000,en,Friday the 13th Part VII: The New Blood,9.070842,1988-05-13,19170001,88,Released,"Jason is back, but this time someone's waiting!",5.3,192
2777000,en,The Wizard of Oz,67.417542,1939-08-15,33754967,102,Released,"We're off to see the Wizard, the wonderful Wizard of Oz!",7.4,1642
2800000,en,Young Frankenstein,36.444894,1974-12-15,86273333,106,Released,The scariest comedy of all time!,7.7,854
2000000,en,Diary of the Dead,15.351412,2007-09-08,5364858,95,Released,Where will you be when the end begins?,5.4,190
0,en,Lage Raho Munna Bhai,2.436019,2006-01-01,0,144,Released,They're back... and they're not alone!,7.6,44
0,en,Ulee's Gold,0.93392,1997-06-13,0,112,Released,,6.5,19
2700000,en,The Black Stallion,11.35972,1979-10-17,37799643,118,Released,"From the moment he first saw the stallion, he knew it would either destroy him, or carry him where no one had ever been before…",7.0,59
0,en,Sardaarji,0.296981,2015-06-26,0,0,Released,,9.5,2
0,en,Rejsen til Saturn,1.776624,2008-09-26,0,90,Released,,4.9,10
2686000,en,Donovan's Reef,1.897263,1963-06-12,6600000,109,Released,Gangway...For This Years BIG Adventure!,6.0,30
0,nl,De jurk,0.144031,1996-03-21,0,103,Released,,7.0,3
2627000,en,A Guy Named Joe,0.531444,1944-03-01,5363000,120,Released,A GUY - A GAL - A PAL - It's Swell!,6.0,8
2600000,en,Blazing Saddles,22.793929,1974-02-07,119500000,93,Released,Never give a saga an even break!,7.2,609
2600000,en,Friday the 13th: The Final Chapter,14.013414,1984-04-13,32980880,91,Released,"Jason's Back, and this is the one you've been screaming for.",5.9,237
2159280,pl,Ida,13.265432,2013-10-25,10700000,80,Released,,7.1,260
0,en,Maurice,11.552247,1987-09-18,0,134,Released,,7.1,61
0,en,Beer League,1.73892,2006-09-15,0,86,Released,No Gut... No Glory.,5.3,22
2600000,en,Riding Giants,0.895946,2004-07-09,3166000,105,Released,,7.6,23
2600000,es,Los cronocrímenes,19.02965,2007-09-20,553198,92,Released,A trip back in time from the present to...,7.0,308
0,zh,疯狂的赛车,0.406645,2009-01-20,0,99,Released,,7.4,13
2600000,en,Timber Falls,3.687574,2007-12-07,0,97,Released,,5.2,38
2540800,en,Singin' in the Rain,36.556954,1952-04-10,7200000,103,Released,What a Glorious Feeling!,7.8,727
0,en,"Fat, Sick & Nearly Dead",0.545825,2010-04-16,0,97,Released,"FAT, SICK & NEARLY DEAD is an inspiring film that chronicles Joe's personal mission to regain his health.",7.1,47
2500000,en,A Haunted House,18.661541,2013-01-11,60141683,86,Released,This $*%! ain't paranormal.,5.4,516
2500000,en,2016: Obama's America,0.973582,2012-07-13,33400000,87,Released,"Love Him, Hate Him, You Don't Know Him",4.6,19
0,en,That Thing You Do!,14.885388,1996-10-04,34585416,108,Released,In every life there comes a time when that dream you dream becomes that thing you do.,6.8,225
2500000,en,Halloween III: Season of the Witch,12.030456,1982-10-22,14400000,98,Released,...and now the earth will run with blood again!,5.0,229
2500000,en,Escape from the Planet of the Apes,18.30961,1971-05-20,12348905,98,Released,Meet baby Milo who has Washington terrified.,6.3,264
2500000,en,Hud,6.82919,1963-05-29,10000000,112,Released,The man with the barbed-wire soul.,7.5,66
0,en,Kevin Hart: Let Me Explain,9.799357,2013-07-03,32230907,74,Released,Witness the rise of a legend,7.1,95
2500000,en,My Own Private Idaho,10.363642,1991-10-17,0,104,Released,"It's not where you go, it's how you get there.",7.1,212
2500000,en,Garden State,30.583959,2004-07-28,26781723,102,Released,,7.1,618
2500000,en,Before Sunrise,23.672571,1995-01-27,5535405,105,Released,Can the greatest romance of your life last only one night?,7.7,959
0,fr,Sur le seuil,0.205034,2003-10-03,0,100,Released,,6.9,8
0,en,Jesus' Son,5.581743,1999-09-05,0,107,Released,,6.7,22
0,en,Saving Face,2.487255,2004-09-12,0,91,Released,"A romantic comedy about right, wrong and everything in between.",6.8,32
0,en,Brick Lane,0.262135,2007-11-16,0,102,Released,,5.2,15
2500000,en,Robot & Frank,23.419061,2012-08-16,3325038,85,Released,Friendship doesn't have an off switch,6.8,450
0,en,My Life Without Me,7.958831,2003-03-07,9726954,106,Released,,7.2,77
2500000,en,The Spectacular Now,25.722747,2013-08-02,6854611,95,Released,From the Writers of (500) Days of Summer,6.8,1048
0,en,Religulous,9.774126,2008-10-01,0,101,Released,Heaven help us.,7.2,197
0,en,Fuel,0.197469,2008-11-14,0,90,Released,,7.0,3
0,en,Valley of the Heart's Delight,0.142255,2006-04-24,0,100,Released,The roar of the mob drowned out the truth.,7.0,1
2500000,en,Eye of the Dolphin,0.301884,2007-08-24,71904,100,Released,She found her voice in the ocean... And within herself.,7.1,7
0,en,8: The Mormon Proposition,0.424957,2010-01-01,0,80,Released,Equality for some.,5.5,6
14000000,en,The Other End of the Line,3.393648,2008-10-29,0,106,Released,,6.1,50
0,de,Anatomie,5.025938,2000-02-03,0,103,Released,Some study. Some are studied.,6.1,61
2500000,en,Sleep Dealer,4.624691,2008-12-10,107559,90,Released,Crossing the border just got easier. Plug into the new American dream.,6.0,40
2500000,en,Super,12.204569,2010-09-09,324138,96,Released,"Shut up, crime!",6.6,441
0,en,Christmas Mail,0.630226,2010-12-01,0,89,Released,,5.0,15
2500000,de,Stung,4.270489,2015-07-03,0,87,Released,"Get inside, get away, just don't get stung",4.9,63
35000000,en,Antibirth,3.674294,2016-09-02,0,94,Released,,4.8,40
2400000,en,Get on the Bus,4.623059,1996-10-16,5731103,120,Released,"On October 16, 1996, the one year anniversary of the Million Man March, Spike Lee invites you to lift your head, raise your voice, and...get on the bus.",7.0,11
0,en,Thr3e,1.946715,2006-12-01,0,101,Released,,4.8,21
30000000,en,Idiocracy,27.940093,2006-09-01,495303,84,Released,"In the future, intelligence is extinct.",6.3,664
2500000,en,The Rise of the Krays,1.759506,2015-08-29,0,110,Released,Brutal. Notorious. Legendary,4.5,19
2380000,en,This Is England,8.395624,2006-09-12,8176544,101,Released,"Run with the crowd, stand alone, you decide.",7.4,363
2500000,en,U.F.O.,8.248149,2012-12-14,0,101,Released,Try to remain calm,3.1,47
2361000,en,Bathing Beauty,0.628051,1944-07-01,6892000,101,Released,M.G.M's Mammoth Technicolor Musical Spectacle!,7.0,4
2450000,en,Go for It!,0.500753,2011-05-13,0,105,Released,,4.6,5
0,en,"Dancer, Texas Pop. 81",0.376662,1998-05-01,565592,97,Released,in the middle of nowhere they had everything,10.0,1
2300000,en,Show Boat,1.606314,1951-07-13,11000000,107,Released,It's NEW!,6.9,18
0,en,Redemption Road,0.197264,2011-08-26,0,91,Released,,4.7,6
0,en,The Calling,5.759493,2014-08-05,0,108,Released,Pray for the Prey,5.6,88
2000000,en,The Brave Little Toaster,6.86302,1987-07-09,0,90,Released,Imagine if Your Toaster Went on a Journey of its Own!,6.7,93
2280000,en,Fantasia,32.875469,1940-11-13,83320000,124,Released,The most sensational sound you'll ever see!,7.2,808
0,en,8 Days,0.015295,2014-06-15,0,90,Released,She never knew it could happen to her...,0.0,0
4000000,en,Friday the 13th Part III,14.206525,1982-08-13,36690067,95,Released,There's nowhere to hide. We dare you to try.,5.7,254
2200000,en,Friday the 13th: A New Beginning,12.639469,1985-03-22,21930418,92,Released,A New Beginning to the first step in terror.,5.1,196
0,en,The Last Sin Eater,2.371477,2007-02-09,0,117,Released,,6.2,11
0,en,Do You Believe?,2.470443,2015-03-20,0,115,Released,,6.6,48
0,en,Impact Point,1.532518,2008-06-13,0,90,Released,,5.7,5
2160000,en,The Valley of Decision,0.1813,1945-06-01,9132000,119,Released,,5.8,4
2300000,en,Eden,2.713171,2015-10-22,0,97,Released,Survive at any cost.,5.6,19
0,en,Chicken Tikka Masala,0.258413,2005-04-22,0,90,Released,,3.5,5
0,en,There's Always Woodstock,2.025701,2014-11-14,0,90,Released,Let your heart sing,5.4,12
0,en,Jack Brooks: Monster Slayer,2.659804,2007-10-09,0,85,Released,...I used to be a plumber,5.7,59
2100000,en,The Best Years of Our Lives,8.38717,1946-12-25,23650000,172,Released,Three wonderful loves in the best picture of the year!,7.6,143
0,en,Bully,6.677093,2001-06-15,480811,113,Released,It's 4 a.m... do you know where your kids are?,6.7,125
0,en,Elling,2.526356,2001-03-16,0,89,Released,,7.0,51
2100000,en,Mi America,0.039007,2015-10-16,3330,126,Released,,0.0,0
1500000,es,[REC],31.691617,2007-04-10,30448000,78,Released,One witness. One camera,7.1,934
0,en,Lies in Plain Sight,0.47909,2010-10-03,0,88,Released,,4.5,4
0,en,Sharkskin,0.027801,2015-01-01,0,0,Released,,0.0,0
0,en,Containment,2.122451,2015-07-09,0,77,Released,No water. No power. No explanation. No escape.,5.1,36
0,de,The Timber,0.803761,2015-02-27,0,81,Released,"Fortunes will be made, lives will be lost.",4.1,15
2000000,en,From Russia with Love,41.298723,1963-10-11,78898765,115,Released,The world's masters of murder pull out all the stops to destroy Agent 007!,6.9,760
0,en,The Toxic Avenger Part II,1.791331,1989-02-24,0,96,Released,,5.3,39
2000000,en,Sleeper,10.664202,1973-12-17,18344729,89,Released,Woody Allen takes a nostalgic look at the future.,7.0,200
2000000,en,It Follows,100.876794,2015-02-04,14674076,100,Released,"It doesn't think, it doesn't feel, it doesn't give up",6.6,1832
2000000,en,Everything You Always Wanted to Know About Sex *But Were Afraid to Ask,13.223111,1972-08-06,18016290,88,Released,,6.6,215
2000000,en,To Kill a Mockingbird,22.139842,1962-12-25,13129846,129,Released,,8.0,657
2000000,en,Mad Max 2,37.117362,1981-12-24,24600832,95,Released,"When all that's left is one last chance, pray that he's still out there ... somewhere!",7.3,957
0,cn,醉拳二,15.046612,1994-02-03,0,102,Released,He's got a secret weapon with a lot of kick.,7.2,242
2000000,en,Boys Don't Cry,15.557144,1999-09-02,11540607,118,Released,A true story about finding the courage to be yourself.,7.2,353
2000000,en,Silent House,11.66632,2011-01-21,13101672,85,Released,"Experience 88 minutes of real fear, captured In real time",5.2,125
2000000,de,Das Leben der Anderen,34.938177,2006-03-15,70000000,137,Released,"Before the Fall of the Berlin Wall, East Germany's Secret Police Listened to Your Secrets.",7.9,958
1000000,en,Courageous,5.961119,2011-09-30,34522221,129,Released,Honor Begins at Home.,6.8,77
2000000,en,The Hustler,17.639478,1961-09-25,7600000,134,Released,They called him Fast Eddie. He was a winner. He was a loser. He was a hustler.,7.6,240
2000000,en,Boom Town,1.867004,1940-08-30,9172000,119,Released,Where Men Are Rough And Tough . . . And Like Their Women The Same Way !,6.5,8
8000000,fr,Les triplettes de Belleville,13.944645,2003-06-11,1477676,80,Released,,7.3,231
0,en,Smoke Signals,2.304552,1998-01-16,0,89,Released,,6.6,24
0,en,American Splendor,7.792851,2003-08-15,6003587,101,Released,Ordinary life is pretty complex stuff,7.1,120
2700000,en,Before Sunset,14.799323,2004-02-10,15992615,80,Released,What if you had a second chance with the one that got away?,7.6,718
2000000,es,Amores perros, an injured supermodel's designer pooch disappears into the apartment's floorboards,"[{""name"": ""Altavista Films"", ""id"": 5084}, {""name"": ""Zeta Film"", ""id"": 11230}]","[{""iso_3166_1"": ""MX"", ""name"": ""Mexico""}]",2000-06-16,154,"[{""iso_639_1"": ""es"", ""name"": ""Espa\u00f1ol""}]",Love. Betrayal. Death.,Amores perros
2000000,en,Thirteen,20.331593,2003-08-20,4601043,100,Released,It's happening so fast.,6.7,339
2000000,en,Gentleman's Agreement,5.381536,1947-11-11,7800000,118,Released,,6.8,47
2000000,en,Winter's Bone,20.834883,2010-06-11,13831503,100,Released,Talking Just Causes Witnesses,6.8,565
0,en,Touching the Void,14.045887,2003-09-05,13885802,106,Released,,7.6,138
2000000,en,Alexander's Ragtime Band,0.483974,1938-05-24,4000000,106,Released,An American Cavalcade!,4.8,6
0,en,Me and You and Everyone We Know,9.719094,2005-06-17,0,90,Released,,7.0,107
2000000,en,Inside Job,16.930914,2010-10-08,7871522,109,Released,"The film that cost $20,000,000,000,000 to make.",7.7,286
6000000,en,We Are Your Friends,28.819424,2015-08-26,11122090,96,Released,The world is yours.,6.3,658
0,en,Ghost Dog: The Way of the Samurai,18.223139,1999-09-13,0,116,Released,All assassins live beyond the law … only one follows the code,7.2,298
2000000,en,Harsh Times,12.999023,2005-09-11,5967038,120,Released,Take A Ride To The Edge,6.3,197
2000000,en,Captive,6.728882,2015-09-17,2801508,97,Released,Faith. Redemption. Survival.,5.6,92
2000000,en,Full Frontal,1.95686,2002-08-02,2506446,96,Released,Everybody Needs A Release,4.8,26
0,en,Witchboard,7.151154,1986-12-31,0,98,Released,It's more than just a game.,5.9,58
2000000,en,Shortbus,14.846001,2006-05-20,5179037,101,Released,Open Your Mind. And Everything Else.,6.3,140
2000000,he,Vals Im Bashir,14.08251,2008-06-25,11125849,90,Released,,7.8,291
2000000,en,"The Book of Mormon Movie, Volume 1: The Journey",0.031947,2003-09-12,1672730,120,Released,"2600 years ago, one family began a remarkable journey and set the course for a latter-day faith. This is their story.",5.0,2
2000000,en,No End in Sight,2.283796,2007-07-27,1431623,102,Released,The American Occupation of Iraq. The Inside Story From the Ultimate Insiders.,7.2,23
2000000,en,The Diary of a Teenage Girl,18.224326,2015-08-07,1477002,98,Released,Some things are best kept secret.,6.8,279
2000000,en,In the Shadow of the Moon,3.43159,2007-01-19,0,109,Released,,7.6,31
0,en,Meek's Cutoff,4.749885,2010-09-05,876302,104,Released,The Road to Civilisation is Not Always Civilised,6.5,77
2000000,en,Inside Deep Throat,3.980072,2005-02-11,653621,92,Released,It was filmed in 6 days for 25 thousand dollars. The government didn't want you to see it. It was banned in 23 states. It has grossed over 600 million dollars. And it is the most profitable film in motion picture history.,6.8,31
0,en,Dinner Rush,1.096355,2000-09-01,0,99,Released,,7.1,19
0,en,Clockwatchers,1.196943,1997-01-01,0,96,Released,,5.6,13
2000000,en,The Virginity Hit,3.125382,2010-09-10,563706,120,Released,,4.6,19
2000000,fr,Subway,5.261065,1985-04-10,390659,104,Released,An underground story where lives intertwine,6.3,86
0,en,House of D,6.337735,2005-04-15,0,97,Released,,6.1,23
0,en,Teeth,7.359286,2007-01-19,0,94,Released,Every rose has its thorns.,5.2,210
2000000,en,Six-String Samurai,1.892183,1998-09-18,124494,91,Released,Vegas Needs a New King.,5.8,36
0,en,Hum To Mohabbat Karega,0.001186,2000-05-26,0,0,Released,,0.0,0
2000000,en,It's All Gone Pete Tong,3.911445,2004-09-12,120620,90,Released,,7.1,52
3800000,en,Saint John of Las Vegas,2.559806,2009-06-10,111731,84.0,Released,,5.9,18
0,en,24 7: Twenty Four Seven,0.744406,1997-08-31,0,96.0,Released,,6.3,10
13500000,en,Stonewall,5.16023,2015-09-18,187674,129.0,Released,Where Pride Began,5.2,32
7000000,en,Roadside Romeo,0.253595,2008-10-24,1100000,93.0,Released,,6.7,3
0,en,This Thing of Ours,0.046868,2005-01-01,0,100.0,Released,,5.0,1
0,en,The Lost Medallion: The Adventures of Billy Stone,2.952932,2013-03-01,0,97.0,Released,Finding it is only the beginning.,5.6,13
0,en,The Last Five Years,5.563068,2014-11-03,0,94.0,Released,There are two sides to every love story.,5.5,143
0,en,The Missing Person,1.161034,2009-01-16,0,95.0,Released,John Rosow is a private investigator. And an alcoholic. He just got the case of his life.,6.4,9
2000000,en,Return of the Living Dead 3,7.502934,1993-10-01,54207,97.0,Released,She's to die for.,5.9,88
0,en,London,5.350423,2005-02-10,0,92.0,Released,One young man's incredible journey of self-discovery,6.1,96
2000000,en,Sherrybaby,4.261509,2006-09-08,622806,96.0,Released,No one makes it alone.,6.3,41
0,en,Circle,6.752141,2015-10-02,0,87.0,Released,In here… everything gets you killed.,6.0,333
0,en,Eden Lake,20.362373,2008-09-12,3983997,91.0,Released,"A weekend by the lake, with views to die for.",6.7,406
0,en,Plush,5.099368,2013-09-13,0,98.0,Released,There's a fine line between love and obsession.,5.4,40
0,en,Lesbian Vampire Killers,6.632891,2009-03-16,0,86.0,Released,"After Twilight, The Real Party Starts.",5.3,124
0,en,Jerusalema,1.717376,2008-02-11,0,120.0,Released,Welcome to the promised land.,6.8,16
0,en,Freeze Frame,4.922397,2004-05-01,0,99.0,Released,,6.9,18
1000000,en,Grave Encounters,13.222268,2011-09-09,0,92.0,Released,They Were Searching For Proof.  They Found it.,6.1,381
100000,en,Stitches,7.447714,2012-05-19,95000,86.0,Released,You'll die laughing...,5.5,92
2000000,en,Nine Dead,9.68793,2010-01-01,0,98.0,Released,It doesn't have to end this way,5.2,84
2,en,"To Be Frank, Sinatra at 100",0.050625,2015-12-12,0,,Released,,0.0,0
2000000,en,Bananas,5.941852,1971-04-28,11833696,82.0,Released,,6.7,165
0,en,$upercapitalist,0.174311,2012-08-10,0,103.0,Released,Money for Life,3.5,2
0,en,Rockaway,0.361554,2007-07-07,0,76.0,Released,,5.8,2
2300000,en,The Lady from Shanghai,8.055084,1947-12-24,0,87.0,Released,I told you... you know nothing about wickedness,7.2,102
2000000,en,No Man's Land: The Rise of Reeker,4.346271,2008-05-01,0,88.0,Released,,4.4,27
14000000,en,Highway,3.419685,2002-01-01,0,97.0,Released,It started as a desperate escape and became the wildest ride of their lives,5.6,37
2000000,en,Small Apartments,5.100741,2012-03-10,0,96.0,Released,,5.7,50
0,en,Coffee Town,2.253589,2013-07-09,0,87.0,Released,,6.7,45
0,en,The Ghastly Love of Johnny X,0.209475,2013-04-26,0,106.0,Released,They Sing! They Dance! They're Juvenile Delinquents from Outer Space!,6.6,8
0,en,All Is Bright,3.613577,2013-09-10,0,107.0,Released,All is busted. All is broke. All is bitter. All is BRIGHT.,5.3,36
0,de,Die Schlangengrube und das Pendel,1.296784,1967-10-05,0,85.0,Released,UNBELIEVABLE! Until You See It With Your Own Eyes!,6.3,12
7000000,en,Straight A's,4.50829,2013-01-16,0,88.0,Released,,5.2,46
0,en,A Funny Thing Happened on the Way to the Forum,8.902102,1966-10-16,0,99.0,Released,Something for Everyone!,6.1,24
0,en,Slacker Uprising,1.619635,2007-09-27,0,102.0,Released,,5.9,10
0,en,The Legend of Hell's Gate: An American Conspiracy,1.002585,2011-03-03,0,108.0,Released,Justice was delieverd by the fastest gun.,3.9,8
0,en,Walking with the Dead,1.332804,2015-03-20,0,90.0,Released,,4.2,35
2000000,en,The Curse of Downers Grove,2.00163,2015-08-21,0,89.0,Released,High school can be murder.,4.4,24
2000000,en,Shark Lake,1.187764,2015-10-02,0,92.0,Released,In this lake you have to fight to survive,4.4,19
19000000,en,River's Edge,6.463806,1986-08-27,0,99.0,Released,The most controversial film you will see this year.,6.7,59
0,en,Northfork,1.980265,2003-01-01,0,103,Released,,6.7,24
1950000,en,The Marine 4: Moving Target,3.696123,2015-04-10,0,90,Released,,5.8,49
1987650,en,Buried,32.841229,2010-09-24,19152480,94,Released,"170,000 sq miles of desert. 90 minutes of oxygen. No way out.",6.6,827
0,en,Submarine,8.518866,2011-03-18,864659,97,Released,A comedy that doesn't let principles stand in the way of progress.,7.4,443
0,ar,The Square,4.892203,2013-06-07,0,88,Released,What does it mean to risk your life for your ideals? How far will five revolutionaries go in defending their beliefs in the fight for their nation?,7.8,55
0,fr,Chacun sa nuit,4.665026,2006-07-21,0,95,Released,,5.8,12
0,hi,एबीसीडी,1.294967,2013-02-07,222000,160,Released,India's First 3D Dance movie,5.6,10
0,en,Man on Wire,14.331992,2008-07-25,2957978,94,Released,1974. 1350 feet up. The artistic crime of the century.,7.5,275
0,en,Abandoned, four men face almost certain death.,"[{""iso_3166_1"": ""NZ"", ""name"": ""New Zealand""}]",2015-08-30,0,"[{""iso_639_1"": ""en"", ""name"": ""English""}]",Released,Abandoned,5.8
1900000,en,Brotherly Love,1.367751,2015-04-24,0,89,Post Production,,6.9,21
1800000,en,The Last Exorcism,14.838986,2010-08-27,67738090,87,Released,Believe In Him.,5.6,328
0,en,Nowhere Boy,1.950959,2009-12-25,0,98,Released,As a boy all John Lennon needed was love.,7.2,244
1800000,en,A Streetcar Named Desire,14.884756,1951-09-18,8000000,125,Released,"...Blanche, who wanted so much to stay a lady...",7.6,281
1800000,en,Dr. Strangelove or: How I Learned to Stop Worrying and Love the Bomb,41.996783,1964-01-29,9440272,95,Released,The hot-line suspense comedy,8.0,1442
1800000,es,El Crimen del Padre Amaro,2.179428,2002-10-01,0,118,Released,Lead us not into temptation,6.2,36
1800000,en,Beasts of the Southern Wild,12.471239,2012-06-29,21107746,93,Released,I  gotta take care of mine.,6.8,403
1700000,en,Battle for the Planet of the Apes,13.315383,1973-06-15,8844595,93,Released,The final chapter in the incredible Apes saga. The most suspenseful showdown ever filmed as two civilizations battle for the right to inherit what's left of the earth!,5.5,215
0,en,Songcatcher,3.363321,2001-03-01,0,109,Released,Fall under its spell..,5.6,9
2000000,en,Higher Ground,1.699101,2011-08-26,841733,109,Post Production,,5.3,14
0,ta,வாலு,0.320387,2015-08-14,0,155,Released,Life is what u make it,6.7,5
0,en,The Greatest Movie Ever Sold,0.692497,2011-04-22,621951,87,Released,"He's not selling out, he's buying in.",6.4,88
0,en,Ed and His Dead Mother,0.023436,1993-06-04,0,93,Released,A family reunion with some minor complications.,5.5,12
0,en,Travellers and Magicians,0.749699,2003-09-09,0,108,Released,The bitter and the sweet of temporary things.,6.8,9
1800000,en,Hang 'em High,11.756943,1968-07-31,6800000,114,Released,The hanging was the best show in town. But they made two mistakes. They hung the wrong man and they didn't finish the job!,6.7,192
0,en,Deadline - U.S.A.,0.225627,1952-03-14,0,87,Released,,6.9,17
0,en,Sublime,6.833164,2007-06-15,0,113,Released,,5.3,33
0,en,A Beginner's Guide to Snuff,0.060127,2016-03-04,0,87,Released,,0.0,0
1800000,en,Independence Daysaster,1.959405,2013-06-27,0,86,Released,,4.2,22
1800000,en,Dysfunctional Friends,0.21544,2012-02-03,0,101,Released,There's a thin line between money and friends.,5.0,4
1530000,de,Lola rennt,27.36562,1998-08-20,7267585,81,Released,Every second of every day you're faced with a decision that can change your life.,7.2,664
500000,en,May,8.650779,2002-01-13,150277,93,Released,Be Careful... She Just Might Take Your Heart.,6.3,152
1493619,en,Against the Wild,2.492747,2013-12-29,0,90,Released,Partners in survival. Friends for life.,4.9,19
0,es,La misma luna,2.756435,2008-03-20,23311391,106,Released,The love between a mother and a son knows no Boundraries.,7.0,28
1700000,en,Conquest of the Planet of the Apes,18.828683,1972-06-29,9700000,88,Released,All new! The revolt of the apes. The most awesome spectacle in the annals of science fiction!,6.1,236
1700000,en,In the Bedroom,6.979638,2001-11-23,0,130,Released,A young man. An older woman. Her ex-husband. Things are about to explode...,6.4,89
2000000,en,I Spit on Your Grave,26.281839,2010-06-17,572809,108,Released,It's Date Night,6.3,519
1700000,en,"Happy, Texas",2.079125,1999-12-03,1943649,98,Released,Escaped convicts disguised as beauty pageant experts? This could get ugly,5.5,39
0,en,My Summer of Love,3.939753,2004-08-20,0,86,Released,The most dangerous thing to want is more.,6.0,59
1000000,hi,Dabba,14.017809,2013-09-19,4235151,104,Released,,7.3,221
0,en,Yes,3.677831,2005-08-05,0,100,Released,,5.9,7
1644736,en,You Can't Take It With You,3.426314,1938-08-23,7433101,126,Released,YOU'LL LOVE THEM ALL FOR GIVING YOU THE SWELLEST TIME YOU'VE EVER HAD!,7.2,79
1650000,en,From Here to Eternity,6.915201,1953-08-04,30500000,118,Released,Pouring out of impassioned pages...brawling their way to greatness on the screen!,7.2,133
1600000,en,She Wore a Yellow Ribbon,8.535178,1949-10-22,5400000,103,Released,John Ford's New and Finest Picture of the Fighting Cavalry!,7.1,61
0,en,Grace Unplugged,2.160586,2013-10-04,0,102,Released,Would you give up what you need... to get everything you want?,6.0,24
0,en,Foolish,0.796009,1999-04-09,6033999,84,Released,This big mouth is ready for the big time,6.3,3
0,en,N-Secure,0.13456,2010-10-15,2592808,0,Released,,4.3,4
0,ar,سكر بنات,4.554574,2007-07-01,0,96,Released,,6.8,52
0,en,Out of the Dark,3.215465,2014-08-27,0,92,Released,,4.6,55
0,he,Ha-Buah,1.49436,2006-06-06,0,114,Released,,7.6,20
1600000,en,The Conversation,20.810292,1974-04-07,4420000,113,Released,Harry Caul is an invader of privacy. The best in the business.,7.5,372
0,hi,दिल जो भी कहे,0.122704,2006-12-07,0,0,Released,,0.0,0
0,fr,La sirène du Mississipi,3.654018,1969-06-18,0,123,Released,The Bride Came as Advertised...With an Unadvertised Special,6.7,32
0,en,I Love Your Work,3.313339,2003-10-05,0,111,Released,,6.5,2
0,en,Cabin Fever,5.379319,2016-02-12,0,99,Released,You can't run from what's inside.,4.4,111
2000000,en,Waitress,9.67299,2007-05-25,22179430,108,Released,If only life were as easy as pie,6.7,129
1500000,en,Bloodsport,17.49699,1988-02-26,11806119,92,Released,The true story of an American ninja.,6.6,363
1500000,en,Mr. Smith Goes to Washington,12.2624,1939-10-19,9600000,129,Released,"Romance, drama, laughter and heartbreak... created out of the very heart and soil of America!",7.9,241
1500000,en,Kids,13.291991,1995-07-28,7412216,91,Released,,6.8,279
1500000,en,The Squid and the Whale,13.788054,2005-10-05,11098131,81,Released,Joint custody blows.,6.9,226
1000000,en,Kissing Jessica Stein,3.990215,2001-04-21,10013424,97,Released,"When it comes to love, sometimes she just can't think straight.",5.9,48
17000000,en,Kickboxer: Vengeance,6.526588,2016-07-14,0,90,Released,,4.5,99
1500000,en,Spellbound,11.145915,1945-12-28,7000000,111,Released,The maddest love that ever possessed a woman.,7.3,160
0,en,Exotica,5.446832,1994-09-24,0,103,Released,"In a world of temptation, obsession is the deadliest desire.",6.5,64
1500000,en,Buffalo '66,10.009994,1998-01-20,2375097,110,Released,Billy Brown just got out of jail. Now he's going to serve some real time. He's going home.,7.1,166
1500000,en,Insidious,58.594852,2010-09-13,97009150,103,Released,It's not the house that's haunted.,6.8,1737
1500000,en,Repo Man,11.35344,1984-02-20,2300000,92,Released,It’s 4 a.m. Do you know where your car is?,6.7,144
1500000,es,Nueve Reinas,8.589355,2000-08-31,0,114,Released,Sticky & Square,7.4,153
0,en,The Gatekeepers,2.828303,2012-07-09,0,101,Released,,6.5,39
1500000,en,The Ballad of Jack and Rose,3.618646,2005-03-25,712294,111,Released,"Selfhood begins with a walking away, and love is proved in the letting go.",6.5,43
1500000,en,The To Do List,15.017068,2013-07-24,3566225,104,Released,She's going from straight A's to getting her first F.,5.5,342
1500000,en,Killing Zoe,5.817519,1993-10-01,418961,96,Released,,6.1,111
1500000,en,The Believer,9.856826,2001-01-19,416925,98,Released,,6.8,151
0,en,Snow Angels,4.262374,2008-03-07,414404,106,Released,Some will fall. Some will fly.,6.5,48
0,en,Unsullied,0.06124,2015-08-28,0,93,Released,The Hunt Is On,3.0,1
1500000,en,Session 9,11.064228,2001-08-10,373967,100,Released,Fear is a place.,6.2,251
0,en,I Want Someone to Eat Cheese With,1.742383,2006-01-01,0,80,Released,,5.7,12
0,en,Mooz-lum,0.414754,2011-02-11,330048,95,Released,,4.5,3
0,en,Hatchet,12.677016,2006-04-27,0,83,Released,Stay out of the swamp.,5.7,159
1,en,Modern Times,28.27648,1936-02-05,8500000,87,Released,"He stands alone as the greatest entertainer of modern times! No one on earth can make you laugh as heartily or touch your heart as deeply...the whole world laughs, cries and thrills to his priceless genius!",8.1,856
0,en,Stolen Summer,0.87066,2002-03-22,0,91,Released,You saw the back-stabbing. Now see the final cut.,6.4,9
1500000,en,My Name Is Bruce,7.5591,2007-10-01,173066,86,Released,Fearless! Unstoppable! Ready For His Close-Up!,5.9,107
1500000,en,The Salon,2.02817,2005-01-13,0,0,Released,Where you get more than just a hair cut!,3.5,1
1500000,en,Road Hard,0.859014,2015-03-06,0,97,Released,,6.6,8
1500000,en,Forty Shades of Blue,0.071377,2005-12-07,0,108,Released,,6.0,2
1200000,en,Amigo,0.193172,2010-07-14,0,128,Released,,6.0,2
1500000,en,Pontypool,4.680206,2009-03-06,32000,93,Released,Shut up or die.,6.6,183
2000000,en,Trucker,1.20173,2008-04-24,0,90,Released,Some Things in life you can't leave behind,6.8,16
1,en,Me You and Five Bucks,0.094105,2015-07-07,0,90,Released,"A story about second, second chances",10.0,2
1500000,en,The Lords of Salem,14.504326,2012-09-10,1165882,101,Released,We've been waiting... we've always been waiting,5.1,242
0,en,Housebound,10.322858,2014-09-04,0,109,Released,Terror Gets Domesticated,6.5,358
0,en,Wal-Mart: The High Cost of Low Price,1.404175,2005-11-04,0,98,Released,,6.9,24
1,en,Fetching Cody,0.077876,2005-10-01,0,87,Released,How far would you go for love?,6.8,6
0,en,Last I Heard,0.35819,2013-01-01,0,98,Released,,6.0,1
9000000,en,Closer to the Moon,9.159265,2013-11-29,0,112,Released,,6.4,13
0,en,Mutant World,1.893697,2014-09-27,1500000,85,Released,,2.6,9
0,en,Growing Up Smith,0.71087,2017-02-03,0,102,Released,It’s better to stand out than to fit in.,7.4,7
0,en,Checkmate,1.105357,2015-07-03,0,102,Released,,4.2,13
1500000,de,#Horror,2.815228,2015-11-20,0,90,Released,Death is trending.,3.3,52
0,en,Wind Walkers,0.446858,2016-01-28,0,93,Released,,7.5,6
1488423,en,Snow White and the Seven Dwarfs,80.171283,1937-12-20,184925486,83,Released,"The Happiest, Dopiest, Grumpiest, Sneeziest movie of the year.",6.9,1914
1400000,es,La niña santa,0.684881,2004-05-06,0,106,Released,She is both temptation and salvation.,6.8,10
1455000,en,Shalako,3.598457,1968-11-06,2620000,113,Released,Sean Connery is Shalako! Shalako means action! Action means Bardot!,5.4,12
1,en,Incident at Loch Ness,1.452152,2004-12-17,0,94,Released,,5.9,18
2000000,en,The Dog Lover,1.193219,2016-07-08,0,101,Released,She ended up on the wrong side of right.,5.3,6
3150000,en,GirlHouse,8.039223,2014-10-16,0,100,Released,Enjoy the show.,5.2,97
0,fr,La chambre bleue,2.486992,2014-05-16,0,75,Released,,6.2,32
0,en,House at the End of the Drive,0.43049,2014-01-11,0,91,Released,It's where they died.,0.0,0
1377800,en,Batman,9.815394,1966-07-30,0,105,Released,He's Here Big As Life In A Real Bat-Epic,6.1,203
1350000,en,"Lock, Stock and Two Smoking Barrels",16.032594,1998-03-05,3897569,105,Released,A Disgrace to Criminals Everywhere.,7.5,1648
0,en,The Ballad of Gregorio Cortez,0.592821,1983-08-19,0,104,Released,,0.0,0
1300000,da,Festen,10.240917,1998-05-20,0,105,Released,,7.7,207
0,en,Trees Lounge,3.443916,1996-10-11,0,95,Released,,6.7,51
1300000,vi,Vượt Sóng,0.072066,2006-02-22,639000,135,Released,,5.0,1
0,en,The Basket,0.430758,2000-05-05,619042,105,Released,,6.5,6
0,en,Eddie: The Sleepwalking Cannibal,0.143784,2012-04-22,1632,79,Released,Part muse. Part sleepwalking cannibal.,6.1,30
0,ky,Kurmanjan Datka. Queen of the Mountains,0.077873,2014-08-22,0,135,Released,,0.0,0
0,en,Def-Con 4,0.319792,1985-03-15,0,88,Released,The last defense. The last hope. The battle for the future of the world has begun.,2.8,10
1000000,en,The Hebrew Hammer,1.600797,2003-01-01,0,85,Released,,5.9,18
0,en,Neal 'n' Nikki,0.285131,2005-12-09,0,122,Released,Nice is out...Naughty is in,2.3,4
0,en,The 41–Year–Old Virgin Who Knocked Up Sarah Marshall and Felt Superbad About It,5.628399,2010-06-08,0,82,Released,,3.2,34
0,en,Forget Me Not,5.065752,2009-10-22,0,103,Released,,5.0,66
1288000,en,Rebecca,18.426825,1940-04-12,6000000,130,Released,The shadow of this woman darkened their love.,7.7,336
1250000,en,Friday the 13th Part 2,16.517777,1981-05-01,21722776,87,Released,The body count continues...,6.0,315
1250000,en,The Lost Weekend,6.903314,1945-11-25,11000000,101,Released,The screen dares to open the strange and savage pages of a shocking bestseller!,7.4,112
1250000,en,C.H.U.D.,4.45544,1984-08-31,3412497,88,Released,They're not staying down there anymore!,5.3,62
0,en,Filly Brown,0.106949,2013-04-19,0,100,Released,This is my life.,5.9,10
15000000,en,The Lion of Judah,0.165909,2011-06-03,0,87,Released,The lamb who saved the world!,5.8,2
1250000,en,Niagara,9.903992,1953-01-21,8500000,92,Released,A raging torrent of emotion that even nature can't control!,6.7,79
1250000,en,How Green Was My Valley,7.70019,1941-10-28,6000000,118,Released,Millions Have Read This Great Novel... Millions more will see an even greater picture!,6.8,72
0,en,Da Sweet Blood of Jesus,4.480579,2014-06-22,0,123,Released,,4.1,13
1200000,en,"Sex, Lies, and Videotape",10.869492,1989-08-18,0,100,Released,,6.7,185
1200000,en,Saw,63.655973,2004-10-01,103911669,103,Released,Live or die. Make your choice.,7.2,2184
3000000,en,Super Troopers,16.312803,2001-01-18,18492362,100,Released,,6.6,362
1,en,The Algerian,0.025364,2015-08-07,0,99,Released,,0.0,0
1300000,es,Los insólitos peces gato,1.473405,2013-08-10,0,87,Released,,5.7,17
0,hi,Monsoon Wedding,8.109958,2001-08-30,0,114,Released,"A stressed father, a bride-to-be with a secret, a smitten event planner, and relatives from around the world create much ado about the preparations for an arranged marriage in India.",6.8,57
0,en,You Can Count on Me,7.142448,2000-11-17,0,111,Released,,6.8,88
1200000,en,The Trouble with Harry,6.920873,1955-10-03,7000000,99,Released,A THRILLER with a difference!,6.9,149
0,en,But I'm a Cheerleader,4.826908,1999-09-12,0,85,Released,A Comedy Of Sexual Disorientation.,6.5,101
1200000,en,Home Run,3.085411,2013-04-19,2861020,114,Released,Freedom is possible,6.3,24
1200000,en,Reservoir Dogs,66.925866,1992-09-02,14661007,99,Released,Every dog has his day.,8.0,3697
0,en,The Blue Bird,1.280733,1940-01-19,0,88,Released,,6.4,8
1200000,it,"Il buono, il brutto, il cattivo",88.377076,1966-12-23,6000000,161,Released,For three men the Civil War wasn't hell. It was practice.,8.1,2311
0,pt,Que Horas Ela Volta?,9.683622,2015-02-08,0,110,Released,,7.8,165
1250000,en,Blue Like Jazz,1.6116,2012-04-13,0,106,Released,Everybody belongs somewhere,5.8,25
0,en,Down & Out With The Dolls,0.002386,2003-03-20,0,88,Released,Ain't Rock 'N' Roll a bitch.,0.0,0
900000,en,"Pink Ribbons, Inc.",0.097913,2011-09-11,25000,97,Released,Capitalizing on hope.,6.8,6
1200000,en,Certifiably Jonathan,0.047781,2007-03-01,0,85,Released,,0.0,0
1344000,fr,Q,20.422246,2011-09-14,0,103,Released,,4.1,140
0,en,La Navaja De Don Juan,0.021678,2013-10-27,0,98,Released,,0.0,0
0,en,Grand Theft Parsons,1.998557,2003-06-18,0,88,Released,It's better to burn out than to fade away.,6.0,11
0,en,Extreme Movie,8.148187,2008-12-05,0,88,Released,UNRATED. A film with many happy endings...,3.9,44
1200000,en,The Charge of the Light Brigade,2.968235,1936-10-20,2736000,115,Released,"The reckless lancers sweep on and on - so that a woman's heart might not be broken! You're not fighting a single legion - you're fighting the entire British army, Surat Khan!",6.8,18
0,en,Below Zero,1.36514,2011-10-22,0,0,Released,There's nothing scarier than a blank page.,4.4,12
1200000,en,Crowsnest,0.057564,2012-01-01,0,84,Released,,4.8,12
2600000,en,Airborne,8.001156,1993-09-17,2850263,91,Released,There are two kinds of people: those who get AIRBORNE...and those who don't.,6.1,20
1200000,en,Cotton Comes to Harlem,1.079125,1970-05-27,0,97,Released,"Introducing COFFIN ED and GRAVEDIGGER, two detectives only a mother could love.",6.7,13
0,en,The Wicked Within,1.906151,2015-10-16,0,91,Released,Every family has its demons. The truth will possess us all.,4.2,26
0,en,Bleeding Hearts,0.100533,2013-06-01,0,0,Released,,2.0,1
3000000,en,Waiting...,10.230583,2005-10-07,18637690,94,Released,What happens in the kitchen ends up on the plate.,6.2,237
0,en,Dead Man's Shoes,12.818441,2004-09-29,0,90,Released,He's in all of us.,7.2,151
1100000,en,From a Whisper to a Scream,1.220072,1987-09-25,1400000,99,Released,Welcome to Oldfield. Stop in for a night of pure terror.,6.8,15
0,en,Sex With Strangers,0.014406,2002-02-22,0,0,Released,,5.0,1
1596010,en,Dracula: Pages from a Virgin's Diary,0.552361,2002-02-28,0,75,Released,,6.9,8
0,en,Faith Like Potatoes,0.147886,2006-10-27,0,97,Released,,6.0,9
1100000,en,Beyond the Black Rainbow,7.717237,2010-12-03,0,110,Released,Beyond Science. Beyond Sanity. Beyond Control.,5.7,77
1100000,id,Serbuan maut,40.285095,2011-09-08,4105187,101,Released,"1 Ruthless Crime Lord, 20 Elite Cops, 30 Floors of Hell",7.3,1055
0,en,The Dead Undead,0.249457,2010-05-13,0,90,Released,How Do You Kill Something That's Already Dead?,3.1,6
0,en,The Vatican Exorcisms,0.447166,2013-05-29,0,0,Released,The public were never meant to know,4.4,11
878000,en,Casablanca,43.729123,1942-11-26,10462500,102,Released,They had a date with fate in Casablanca!,7.9,1422
0,en,Lake Mungo,4.653047,2008-06-17,0,84,Released,If you've never seen a ghost... Look closer.,6.1,90
1250000,hi,Rocket Singh: Salesman of the Year,3.000435,2009-12-11,0,156,Released,Welcome to the world of sales boss!,7.0,27
1000000,en,Silent Running,11.095414,1972-03-09,0,89,Released,Amazing companions on an incredible journey...that journeys beyond imagination!,6.3,177
1000000,en,Rocky,72.19808,1976-11-21,117235147,119,Released,His whole life was a million-to-one shot.,7.5,1791
0,en,The Sleepwalker,0.926084,2014-01-20,0,92,Released,,4.1,7
1000000,en,Tom Jones,2.833166,1963-10-06,37600000,128,Released,Tom Jones! . . . loves and loves and loves and loves . . .,6.1,39
1000000,en,Unfriended,41.972329,2015-04-17,62882090,82,Released,"Online, your memories last forever. But so do your mistakes.",5.5,1047
1300000,en,Taxi Driver,58.845025,1976-02-07,28262574,114,Released,"On every street in every city, there's a nobody who dreams of being a somebody.",8.0,2535
1000000,en,The Howling,6.532855,1981-04-03,17985893,91,Released,Imagine your worst fear a reality,6.4,161
950000,en,Dr. No,48.901542,1962-10-04,59600000,110,Released,NOW meet the most extraordinary gentleman spy in all fiction!,6.9,940
0,en,Chernobyl Diaries,20.649145,2012-05-24,18112929,88,Released,Experience the fallout,4.9,483
1000000,en,Hellraiser,22.583834,1987-09-11,14564027,94,Released,He'll tear your soul apart.,6.9,449
5000000,en,God's Not Dead 2,6.96858,2016-04-01,23507567,121,Released,,5.7,72
1000000,en,Cry_Wolf,6.926926,2005-09-16,10047674,90,Released,Nobody believes a liar...even when they're telling the truth.,5.6,126
1000000,ja,Gojira ni-sen mireniamu,3.322721,1999-12-11,10037390,107,Released,Get ready to crumble.,5.9,43
3500000,en,Blue Valentine,26.881611,2010-12-27,16566240,112,Released,Nobody Baby But You And Me,6.9,890
1000000,en,Transamerica,9.773398,2005-12-23,13350369,103,Released,Life is a Journey. Bring an Open Mind.,6.9,144
1000000,en,The Devil Inside,13.152822,2012-01-06,101758490,83,Released,No soul is safe.,4.6,262
2090000,en,Beyond the Valley of the Dolls,4.289003,1970-07-17,40000000,109,Released,This Is Not A Sequel. There Has Never Been Anything Like It!,6.6,53
1000000,en,Love Me Tender,1.444258,1956-11-15,9000000,89,Released,HEAR ELVIS SING . . .,5.5,21
1000000,en,An Inconvenient Truth,14.139004,2006-01-24,46243000,100,Released,By far the most terrifying film you will ever see.,6.7,251
1000000,en,Sands of Iwo Jima,3851,1949-12-14,7800000,100,Released,A Great Human Story... Makes A Mighty Motion Picture!!!,6.2,33
0,en,Shine a Light,2.162522,2008-02-07,0,122,Released,A master director shining his light on the best rock band on the planet.,7.2,44
5000000,en,The Green Inferno,17.845161,2014-09-04,6833445,100,Released,Fear will eat you alive.,5.0,349
0,en,Departure,0.42583,2016-05-20,0,109,Released,,7.5,12
1000000,en,The Sessions,9.115486,2012-05-02,9138338,98,Released,The festival hit of the year!,6.6,179
0,en,"Food, Inc.",15.017162,2008-09-07,0,94,Released,You'll never look at dinner the same way again.,7.4,217
0,en,October Baby,1.86221,2011-10-30,5355847,107,Released,Every Life Is Beautiful,6.8,35
0,en,Next Stop Wonderland,1.334481,1998-08-21,0,96,Released,Romance Is Her Destination.,6.0,20
0,en,The Skeleton Twins,15.699363,2014-01-18,5284309,90,Released,Family is a cruel joke.,6.7,292
0,en,Martha Marcy May Marlene,17.806082,2011-10-21,3538446,101,Released,You can get away. But you can never escape.,6.7,277
0,en,Obvious Child,10.12895,2014-06-06,3123963,83,Released,,6.7,187
0,en,Frozen River,4.805651,2008-08-01,0,97,Released,,6.7,99
1000000,en,20 Feet from Stardom,5.247956,2013-06-14,0,89,Released,,7.4,85
1000000,en,Two Girls and a Guy,4.86805,1997-09-07,2057193,84,Released,Thanks to his two girlfriends Blake is about to learn a new sexual position. Honesty,5.4,24
0,en,Walking and Talking,0.367312,1996-07-17,0,86,Released,A movie for everyone who wants to get married and stay single at the same time.,6.6,7
1000000,en,Who Killed the Electric Car?,5.323184,2006-08-04,1678874,92,Released,A lack of consumer confidence... or conspiracy?,7.2,59
1000000,en,The Broken Hearts Club: A Romantic Comedy,3.424158,2000-02-01,1744858,94,Released,,6.3,25
1000000,en,Bubba Ho-tep,9.954848,2002-06-09,0,92,Released,The King vs. The King of the Dead.,6.7,191
1,en,Slam,0.29245,1998-10-07,0,100,Released,Words make sense of a world that won't.,6.7,7
1000000,en,Brigham City,0.280083,2001-03-30,852206,119,Released,,7.3,4
1000000,hi,Fiza,0.043023,2000-09-08,623791,170,Released,In Search of her brother,6.1,7
1000000,en,Orgazmo,5.06516,1997-09-06,0,94,Released,Fighting crime never felt so good!,6.2,115
0,en,All the Real Girls,3.65924,2003-08-01,0,108,Released,Love is a puzzle. These are the pieces.,5.9,30
0,en,Dream with the Fishes,0.948316,1997-01-01,0,97,Released,"An oddball odyssey about voyeurism, LSD and nude bowling!",7.7,10
1000000,en,Blue Car,0.672695,2002-01-11,464000,92,Released,Ready or not... the future comes just the same.,6.7,13
0,en,Palo Alto,16.570708,2014-05-09,0,100,Released,,6.4,348
0,he,Ajami,0.51799,2009-09-17,0,120,Released,,6.8,27
0,en,Wristcutters: A Love Story,8.542921,2006-01-24,0,88,Released,"Life is a trip, but the afterlife is one hell of a ride",6.7,160
0,en,I Origins,37.555398,2014-07-18,336472,106,Released,,7.5,1063
1000000,en,The Battle of Shaker Heights,5.20209,2003-08-22,0,79,Released,"When you're 17, every day is war.",5.6,17
1000000,id,Jagal,8.887411,2012-08-31,444575,115,Released,"A story of killers who win, and the society they build.",7.5,210
1000000,en,Taxi to the Dark Side,0.748565,2007-04-30,274661,106,Released,"In 2002, a young cap driver picked up a few passengers near his home in Afghanistan... He never returned",6.6,53
1000000,en,Once in a Lifetime: The Extraordinary Story of the New York Cosmos,0.436148,2006-01-01,0,97,Released,The untold story of the team that had America at its feet.,4.7,3
0,en,Guiana 1838,0.030253,2004-09-24,0,120,Released,,2.8,3
0,en,Lisa Picard Is Famous,0.690089,2000-05-14,0,90,Released,,4.0,1
1000000,en,Antarctica: A Year on Ice,1.883947,2013-09-05,0,92,Released,Step Outside The Box,7.2,29
650000,en,A LEGO Brickumentary,1.631274,2015-07-31,0,93,Released,,6.4,55
1000000,en,Hardflip,0.341461,2012-06-01,0,114,Released,What do you do when your life does a 180?,4.7,5
0,en,Chocolate: Deep Dark Secrets,0.887821,2005-09-16,0,200,Released,,3.4,6
0,en,The House of the Devil,8.628485,2009-04-25,0,95,Released,Talk on the phone. Finish your homework. Watch TV. Die.,6.0,197
0,en,The Perfect Host,6.507094,2010-07-01,14870,93,Released,Dinner Parties Are A Dying Art.,6.2,135
0,en,Safe Men,1.190729,1998-08-17,0,88,Released,Welcome to the world of disorganised crime.,6.3,16
1000000,en,Speedway Junky,0.340019,1999-02-11,0,104,Released,There's no place for dreams on the streets of Vegas,5.2,7
0,en,The Last Big Thing,0.678475,1998-09-23,0,98,Released,"The culture is going down on itself... go ahead, Scream!",6.0,3
0,en,The Specials,9.055447,2000-09-22,0,82,Released,,5.5,11
0,en,16 to Life,0.108468,2009-09-19,0,118,Released,,4.4,5
1000000,en,Alone With Her,2.175696,2006-04-28,10018,78,Released,Anytime. Anywhere. He's watching.,6.2,20
1000000,en,Creative Control,1.50211,2016-03-11,0,97,Released,A story about virtually everything,5.4,25
1000000,en,Special,1.260314,2006-01-30,7202,81,Released,,6.6,32
0,en,Sparkler,0.547654,1999-03-19,0,96,Released,,0.0,1
0,en,The Helix... Loaded,0.0206,2005-01-01,0,97,Rumored,,4.8,2
0,en,In Her Line of Fire,0.429587,2006-04-21,0,88,Released,Behind Enemy Lines No Man Can Stop Her. Only One Woman Can Touch Her.,3.3,9
0,en,The Jimmy Show,0.098351,2002-01-16,0,96,Released,,8.0,1
1000000,es,Heli,3.629777,2013-08-09,0,105,Released,"Police corruption, drug trafficking, sexual exploitation, love, guilt and revenge.",6.2,32
0,en,Karachi se Lahore,0.060003,2015-07-31,0,0,Released,,8.0,1
900000,en,Loving Annabelle,7.145832,2006-03-08,0,76,Released,,6.4,55
1000000,en,Hits,3.638411,2014-01-21,0,96,Released,Based on a true story... that hasn't happened yet.,4.9,23
0,en,Jimmy and Judy,1.255771,2006-01-01,0,99,Released,,5.4,8
0,en,Frat Party,0.783842,2009-01-01,0,84,Released,,3.5,4
0,en,The Party's Over,0.118324,1965-04-22,0,94,Released,,6.1,6
0,en,Proud,0.023681,2004-07-02,0,87,Released,Proudly We Served,5.5,3
0,en,The Poker House,2.948576,2008-06-20,0,93,Released,"Lust, drugs and violence... no place for a kid.",6.1,47
0,en,Childless,0.243853,2015-04-03,0,90,Released,,4.5,2
0,en,ZMD: Zombies of Mass Destruction,1.563711,2009-01-01,0,92,Released,They're just like you ... only dead,4.7,31
1000000,en,Snow White: A Deadly Summer,0.653495,2012-03-16,0,85,Released,This is no fairy tale,4.8,11
0,es,A escondidas,1.233688,2014-10-03,0,96,Released,,7.6,26
1000000,de,My Last Day Without You,0.153625,2011-06-11,0,90,Released,,5.7,3
0,en,Steppin: The Movie,0.328498,2009-05-19,0,85,Released,,5.0,4
1000000,en,Doc Holliday's Revenge,0.4594,2014-06-01,0,84,Released,,3.2,3
0,en,Black Rock,7.207051,2012-01-21,0,83,Released,Not every island is a paradise.,4.9,78
0,en,Truth or Dare,6.679954,2012-08-05,0,95,Released,Truth or Die,5.7,117
0,en,The Pet,1.284741,2006-05-17,0,94,Released,,5.3,3
1000000,en,Bang Bang Baby,0.973323,2014-09-08,0,90,Released,"Once upon a time, there was a girl...",6.6,8
1,en,Fear Clinic,1.859965,2014-10-31,0,95,Released,,4.0,42
0,en,Zombie Hunter,3.418372,2013-07-25,0,93,Released,,3.5,34
0,en,A Fine Step,0.65434,2014-04-16,0,90,Released,Together they learnt to dream again,4.1,7
950000,en,Charly,0.178689,1968-09-23,814666,103,Released,A love story that begins with an incredible experiment!,6.6,28
950000,en,Banshee Chapter,7.310879,2013-08-26,0,87,Released,"The experiments are over, the terror has just begun...",5.7,92
950000,en,Ask Me Anything,8.976128,2014-04-19,0,100,Released,Young. Not so innocent.,5.5,155
0,en,And Then Came Love,0.280829,2007-01-01,0,90,Released,,5.0,1
913000,de,Food Chains,0.795698,2014-04-26,0,83,Released,,7.4,8
910000,en,On the Waterfront,16.015599,1954-06-22,9600000,108,Released,The Man Lived by the Jungle Law of the Docks!,8.0,357
930000,en,L!fe Happens,5.974156,2011-06-18,30905,100,Released,A comedy that's a real mother.,5.3,66
852510,ro,"4 luni, 3 săptămîni și 2 zile",9.270133,2007-08-24,1185783,113,Released,At what moment do we begin to live?,7.3,156
0,en,The Horror Network Vol. 1,0.392658,2015-10-27,0,0,Released,,5.0,2
950000,en,Hard Candy,25.918007,2005-01-14,7022209,103,Released,Strangers shouldn't talk to little girls.,6.8,701
900000,en,The Quiet,4.0971,2005-09-12,381420,96,Released,Isn't it time everyone hears your secrets?,6.1,73
0,fa,Circumstance,2.34239,2011-08-26,0,107,Released,,7.4,23
0,en,Fruitvale Station,20.967146,2013-07-25,17385830,85,Released,Every step brings you closer to the edge,7.3,390
0,en,The Brass Teapot,10.639774,2012-09-08,0,100,Released,Everyone Has A Price. What's Yours?,5.8,160
858000,en,Bambi,47.651878,1942-08-14,267447150,70,Released,A great love story.,6.8,1405
0,en,The Hammer,0.957022,2007-04-01,0,88,Released,Some Guys Don't Know Their Destiny Till It Hits Them In The Face.,6.5,15
850000,en,Latter Days,5.424916,2003-07-10,819939,107,Released,Aaron prays. Christian plays... Opposites attract.,6.7,56
0,fr,Le bonheur d'Elza,0.007254,2011-04-11,0,78,Released,,0.0,0
1000000,en,1982,0.175885,2013-12-31,0,90,Released,,5.0,1
850000,en,"For a Good Time, Call...",14.238376,2012-08-31,1243961,85,Released,Lose your hang-ups. Find your calling.,5.8,110
0,en,Celeste & Jesse Forever,9.436431,2012-08-03,3094813,91,Released,A Loved Story,6.4,163
0,en,Time Changer,0.339757,2002-10-25,0,95,Released,What if you could see the future impact of your beliefs? One man will.,5.2,9
0,en,London to Brighton,3.060685,2006-12-01,0,85,Released,Innocence has nowhere to hide,6.5,34
0,en,American Hero,5.023091,2015-12-11,0,86,Released,From zero to superhero,5.0,62
0,en,Windsor Drive,0.504251,2015-06-26,0,90,Released,,2.0,1
800000,fa,جدایی نادر از سیمین,12.049373,2011-03-15,0,123,Released,"Ugly truth, sweet lies.",7.7,469
0,en,Crying with Laughter,0.108135,2009-06-01,0,93,Rumored,A Bad Trip Down Memory Lane,7.0,1
0,en,Welcome to the Dollhouse,5.870319,1995-05-24,0,88,Released,Not all girls want to play with dolls.,6.9,103
800000,en,Ruby in Paradise,0.59424,1993-10-08,1001437,114,Released,A woman's search for herself.,5.6,10
800000,en,Raising Victor Vargas,3.643662,2002-05-16,2816116,88,Released,,7.8,13
0,de,Die Büchse der Pandora,1.824184,1929-01-30,0,109,Released,,7.6,45
0,en,Harrison Montgomery,0.006943,2008-01-01,0,0,Released,,0.0,0
0,en,Cama adentro,0.038706,2004-09-21,0,83,Released,,7.8,3
0,en,Deterrence,2.171288,2000-03-10,0,101,Released,,6.1,7
800000,en,The Mudge Boy,5.292536,2003-01-17,62852,94,Released,,7.3,23
0,en,The Young Unknowns,0.004922,2000-03-12,0,87,Released,,0.0,0
0,en,Not Cool,1.186971,2014-09-23,0,90,Released,,3.7,25
800000,no,Død snø,11.205726,2009-01-09,1984662,91,Released,"Eins, Zwei, Die!",6.1,311
780000,en,Saints and Soldiers,6.003418,2003-09-11,0,90,Released,,6.6,98
0,en,Vessel,0.322553,2012-10-28,0,14,Released,,5.9,8
777000,en,American Graffiti,19.326115,1973-08-01,140000000,110,Released,Where were you in '62?,6.9,324
0,en,Iraq for Sale: The War Profiteers,1.517771,2006-01-01,0,75,Released,,8.0,6
0,en,Aqua Teen Hunger Force Colon Movie Film for Theaters,1.453146,2007-04-13,0,86,Released,,6.5,35
750000,en,Safety Not Guaranteed,25.186002,2012-06-08,4007792,85,Released,What would you go back for?,6.8,556
0,en,Kevin Hart: Laugh at My Pain,5.498834,2011-09-09,0,89,Released,Alright! Alright! Alright!,7.7,43
500000,en,Kill List,12.203041,2011-09-02,171760,95,Released,,6.0,210
750000,en,The Innkeepers,14.386807,2011-12-01,78396,102,Released,Some guests never checked out.,5.4,219
750000,it,Il conformista,8.429295,1970-10-21,0,107,Released,Bertolucci's Masterpiece about Sex and Politics,7.6,127
500000,en,Interview with the Assassin,0.471264,2002-05-09,0,88,Released,Dallas. 1963. The second shooter.,5.6,5
0,en,Donkey Punch,3.283886,2008-07-18,0,99,Released,This party is going overboard,4.5,52
750000,en,All the Boys Love Mandy Lane,12.284939,2008-02-15,0,90,Released,Everyone is dying to be with her. Someone is killing for it.,5.7,209
0,en,Bled,1.039149,2008-01-01,0,95,Released,Every addiction has its price.,3.8,4
730000,en,High Noon,18.644023,1952-03-27,8000000,85,Released,The story of a man who was too proud to run.,7.6,334
700000,en,Hoop Dreams,9.188431,1994-09-12,7830611,171,Released,An Extraordinary True Story.,7.7,87
0,en,Rize,1.623769,2005-01-15,0,86,Released,,5.9,13
700000,en,L.I.E. Long Island Expressway,7.731064,2001-01-20,1667192,97,Released,"On the Long Island Expressway there are lanes going east, lanes going west, and lanes going straight to hell.",6.7,31
0,en,The Sisterhood of Night,2.868942,2015-04-10,0,104,Released,The Salem Witch Trials remixed.,6.5,31
0,en,B-Girl,0.631571,2009-07-29,0,84,Released,,5.5,7
700000,en,Half Nelson,12.378031,2006-08-11,4911725,107,Released,Secrets don't let go.,6.5,240
700000,en,Naturally Native,0.578798,1999-10-08,10508,107,Released,"Sometimes When You're Going Home, It's Important To Know Where You've Come From...",0.0,0
0,en,Hav Plenty,0.003142,1997-09-11,0,92,Released,,0.0,0
750000,en,Adulterers,1.471139,2016-01-05,0,80,Released,Love. Betrayal. Vengeance,5.2,16
650,en,Escape from Tomorrow,1.352222,2013-10-11,0,90,Released,Bad things happen everywhere.,4.8,87
0,en,Starsuckers,0.429083,2009-09-30,0,103,Released,,6.2,5
0,en,The Hadza:  Last of the First,0.045648,2014-10-31,0,70,Released,,0.0,0
0,en,After,4.596157,2012-08-27,0,90,Released,,5.6,63
625000,en,Treachery,0.283059,2013-05-16,0,68,Released,Deep roots... Deeper Secrets,4.8,5
700000,en,Walter,2.659006,2015-03-13,0,87,Released,Heaven or hell. It's in his hands.,5.3,26
609000,en,Top Hat,3.898498,1935-09-06,3202000,101,Released,They're Dancing Cheek-To-Cheek Again!,7.4,59
60000,en,The Blair Witch Project,41.690578,1999-07-14,248000000,81,Released,The scariest movie of all time is a true story.,6.3,1055
600000,en,Woodstock,3.409764,1970-03-26,34505110,225,Released,"3 days of peace, music...and love.",7.1,66
600000,en,The Kentucky Fried Movie,10.861167,1977-08-10,0,83,Released,This movie is totally out of control!,6.4,66
0,en,Mercy Streets,0.099902,2000-10-31,0,106,Released,,5.5,2
0,en,Arnolds Park,0.006069,2007-07-20,0,103,Released,,0.0,0
0,en,Broken Vessels,0.069277,1998-04-18,0,90,Released,Over the edge and out of control.,6.0,2
0,en,Water & Power,0.350557,2014-05-02,0,0,Released,,3.0,1
522360,fr,They Will Have to Kill Us First,0.071349,2015-10-13,0,105,Released,,5.0,1
0,en,Light from the Darkroom,0.012942,2014-01-01,0,0,Released,,0.0,0
0,fr,Médecin de campagne,2.651304,2016-03-23,0,102,Released,,6.0,63
0,en,The Maid's Room,1.501688,2014-08-08,0,98,Released,How far will a family go to bury the truth?,4.8,4
560000,en,A Hard Day's Night,10.730056,1964-07-06,12299668,88,Released,"The Beatles, starring in their first full-length, hilarious, action-packed film!",7.3,168
56000,en,The Harvest (La Cosecha),0.010909,2011-07-29,0,80,Rumored,,0.0,0
550000,en,Love Letters,0.001586,1983-04-01,0,98,Released,Sometimes It's Right To Do the Wrong Thing.,4.6,4
0,sl,Julija in Alfa Romeo,0.061248,2015-09-17,0,83,Released,,6.0,1
500000,en,Fireproof,6.093989,2008-09-26,33456317,122,Released,Never Leave Your Partner Behind.,7.0,100
550000,hi,Faith Connections,0.48088,2013-11-21,0,115,Released,,4.2,3
0,en,Benji,2.651418,1974-10-17,0,86,Released,,6.1,35
130000,en,Open Water,15.611857,2004-08-06,54667954,79,Released,Scream all you want.,5.4,315
0,en,High Road,1.292948,2012-03-06,0,87,Released,The road less traveled is filled with pot holes.,5.8,22
500000,en,Kingdom of the Spiders,2.537032,1977-08-24,17000000,97,Released,"A Living, Crawling, Hell on Earth!",5.7,30
0,en,Mad Hot Ballroom,0.772668,2005-05-13,0,105,Released,,7.2,8
500000,en,The Station Agent,11.578545,2003-01-26,8679814,88,Released,Loneliness is much better when you have got someone to share it with.,7.4,210
0,en,To Save A Life,0.05021,2009-11-05,0,120,Released,Some people are just dying to be heard.,6.2,21
0,en,Wordplay,0.906096,2006-06-26,0,94,Released,,7.3,10
2053648,en,Beyond the Mat,2.778633,1999-10-22,500000,102,Released,,7.8,17
0,en,The Singles Ward,0.920591,2002-01-30,0,102,Released,The Road to Eternal Marriage Has Never Been Longer,7.5,4
46000,ps,Osama,1.447734,2003-05-20,0,83,Released,To save her family a girl must become a boy,6.3,32
500000,en,Sholem Aleichem: Laughing In The Darkness,0.109579,2012-02-24,845188,93,Released,"Before there was Fiddler, there was Tevye... and the man who created him.",7.0,2
0,en,Groove,1.09454,2000-06-08,0,86,Released,Are you feeling it?,5.6,6
0,en,The R.M.,0.082978,2003-01-31,0,101,Released,Just when you thought it was safe to go back into the world...,4.8,4
0,en,Twin Falls Idaho,0.619136,1999-07-30,0,111,Released,A different kind of love story.,7.0,11
500000,en,Mean Creek,8.519202,2004-01-15,603943,90,Released,"Beneath the surface, everyone has a secret.",6.9,106
0,en,Hurricane Streets,0.36447,1997-01-21,0,86,Released,Know life. No limits.,4.8,4
0,en,Never Again,0.039077,2002-07-12,0,98,Released,A mature love story for immature people.,4.0,3
0,en,Civil Brand,0.665512,2003-08-29,0,95,Released,,5.3,4
0,en,Lonesome Jim,3.433625,2005-11-16,0,91,Released,,6.4,26
0,en,Drinking Buddies,17.378455,2013-08-23,343341,90,Released,A comedy about knowing when to say when.,6.0,356
500000,en,Deceptive Practice: The Mysteries and Mentors of Ricky Jay,0.425195,2012-10-04,0,88,Released,,7.1,17
2000000,ja,七人の侍,39.756748,1954-04-26,271841,207,Released,The Mighty Warriors Who Became the Seven National Heroes of a Small Town,8.2,878
0,en,Kita svajonių komanda,0.388401,2012-09-28,0,89,Released,,6.9,7
500000,en,Johnny Suede,1.354816,1991-08-18,0,97,Released,Keeping up an image can be a full time job.,4.7,13
0,en,Finishing The Game,0.459625,2007-01-21,0,84,Released,,4.9,8
500000,en,Rubber,9.108949,2010-07-09,98017,85,Released,Are you TIRED of the expected?,5.7,251
0,en,Kiss the Bride,1.65426,2007-01-01,0,100,Released,,4.2,11
0,en,The Slaughter Rule,1.390909,2002-01-01,0,112,Released,,6.2,9
500000,en,Monsters,26.406001,2010-06-18,4242978,94,Released,"After Six Years, They're No Longer Aliens. They're Residents",6.2,587
0,en,The Californians,0.218736,2005-10-21,0,91,Released,All is fair in love and real estate.,4.0,1
0,en,The Living Wake,0.383442,2007-01-01,0,91,Released,,5.0,1
500000,en,Detention of the Dead,2.391847,2012-04-27,0,87,Released,"When there's no more room in Hell, the dead will go to DETENTION!",4.5,34
0,zh,疯狂的石头,1.68502,2006-01-01,0,98,Released,,6.9,22
0,en,Scott Walker: 30 Century Man,0.607782,2006-10-31,0,95,Released,,7.0,8
500000,en,Everything Put Together,0.046903,2001-11-02,0,87,Released,,5.0,2
0,en,Good Kill,10.924273,2015-04-09,316472,104,Released,,5.9,208
0,en,The Outrageous Sophie Tucker,0.021419,2014-05-02,0,96,Released,,0.0,0
0,en,Now Is Good,14.142073,2012-05-25,0,103,Released,"Live every moment, love every minute",7.3,371
500000,en,Girls Gone Dead,1.600171,2012-03-28,0,104,Released,,3.5,14
0,en,America Is Still the Place,0.0,,0,0,Released,,0.0,0
0,en,Subconscious,0.397323,2015-03-10,0,110,Released,,3.4,4
0,en,Enter Nowhere,3.637857,2011-10-22,0,90,Released,Welcome to our nightmare!,6.5,49
500,en,El Rey de Najayo,0.080105,2012-03-01,0,101,Released,,0.0,0
0,en,Fight to the Finish,0.251828,2016-02-02,0,94,Released,It's all or nothing,5.2,3
0,en,Alleluia! The Devil's Carnival,0.674398,2016-03-29,0,0,Released,Hell ain't got a prayer.,6.0,2
0,en,The Sound and the Shadow,0.072359,2014-10-19,0,90,Released,Be careful what you listen for.,0.0,0
0,en,Rodeo Girl,0.087574,2016-01-05,0,108,Released,,5.5,1
0,en,Born to Fly: Elizabeth Streb vs. Gravity,0.069244,2014-03-08,0,82,Released,,5.0,1
500000,en,The Little Ponderosa Zoo,0.073079,2014-09-11,0,84,Released,,2.0,1
0,en,The Toxic Avenger,6.672008,1984-05-01,0,82,Released,He was 98lbs. of solid nerd until he became...,6.3,113
0,en,Straight Out of Brooklyn,0.161517,1991-06-13,0,0,Released,,4.3,4
0,en,Bloody Sunday,7.330691,2002-01-16,773228,107,Released,,7.2,53
0,en,Diamond Ruff,0.165257,2015-01-01,0,0,Released,,2.4,4
450000,en,Conversations with Other Women,4.442355,2006-06-07,973525,84,Released,There are two sides to every love story.,6.2,38
0,en,Poultrygeist: Night of the Chicken Dead,3.905877,2006-12-26,0,103,Released,,5.9,41
0,en,Mutual Friends,0.136721,2014-04-15,0,0,Released,Surprise parties rarely go well.,0.0,0
439000,en,42nd Street,1.933366,1933-02-02,2281000,89,Released,,6.1,37
0,en,Rise of the Entrepreneur: The Search for a Better Way,0.052942,2014-11-20,0,0,Released,,8.0,1
225000,en,Metropolitan,1.014966,1990-08-03,0,98,Released,Finally... A film about the downwardly mobile.,7.0,38
0,sv,Så som i himmelen,4.321249,2004-09-03,0,132,Released,,6.9,42
0,en,Roadside,0.160234,2013-03-01,0,90,Released,Their fate...is in his hands.,4.2,5
400000,en,Napoleon Dynamite,23.603514,2004-06-11,46118097,95,Released,He's out to prove he's got nothing to prove.,6.7,554
0,en,Blue Ruin,25.349758,2014-04-25,258384,90,Released,Revenge comes home,6.9,462
15000,en,Paranormal Activity,47.456823,2007-09-14,193355800,86,Released,What Happens When You Sleep?,5.9,1316
0,en,Dogtown and Z-Boys,3.291609,2001-01-18,0,91,Released,,7.2,52
400000,en,Monty Python and the Holy Grail,64.782984,1975-03-13,5028948,91,Released,And now! At Last! Another film completely different from some of the other films which aren't quite the same as this one is.,7.8,1708
0,it,Quinceañera,0.034135,2006-06-05,0,90,Released,Life's no walk in the park,7.0,7
0,en,Gory Gory Hallelujah,0.033883,2003-11-05,0,0,Released,,1.0,1
218,en,Tarnation,1.063439,2003-10-19,1162014,91,Released,,7.5,22
0,en,I Want Your Money,0.084344,2010-07-06,0,92,Released,The film contrasts two views of role that the federal government should play in our daily lives using the words and actions of Ronald Reagan and Barack Obama.,3.8,5
0,en,Love in the Time of Monsters,0.133619,2014-03-08,0,0,Released,,5.0,2
0,it,...E tu vivrai nel terrore! L'aldilà,8.022122,1981-04-22,0,87,Released,"The seven dreaded gateways to Hell are concealed in seven cursed places… And from the day the gates of Hell are opened, the dead will walk the earth.",6.6,117
35000000,da,What Happens in Vegas,38.100488,2008-05-07,170000000,99,Released,Get Lucky,5.8,923
500000,en,The Dark Hours,1.428483,2005-03-11,0,80,Released,,5.5,22
860000,en,My Beautiful Laundrette,3.703005,1985-09-07,2451545,97,Released,,6.6,51
0,en,Fabled,0.003352,2002-01-01,0,84,Released,There once was a wolf named Lupold...,0.0,0
0,en,Show Me,0.231297,2004-09-23,0,97,Released,,5.6,4
0,sv,Viskningar och rop,11.347855,1972-12-21,0,91,Released,A haunting and shattering film experience.,7.8,115
385907,en,Intolerance,3.232447,1916-09-04,8394751,197,Released,The Cruel Hand of Intolerance,7.4,60
0,en,Trekkies,2.77754,1997-10-18,0,86,Released,,6.3,22
379000,en,The Broadway Melody,0.968865,1929-02-08,4358000,100,Released,The pulsating drama of Broadway's bared heart speaks and sings with a voice to stir your soul!,5.0,19
350000,en,The Evil Dead,35.037625,1981-10-15,29400000,85,Released,The Ultimate Experience In Grueling Terror,7.3,894
6000000,en,Maniac,19.331884,2012-12-26,31081,89,Released,I Warned You Not to Go Out Tonight.,6.0,316
0,en,Censored Voices,0.59458,2015-01-24,0,84,Released,"The Six-Day War, Uncut.",5.1,8
300000,en,Murderball,1.085909,2005-07-22,1750211,88,Released,,6.9,23
0,en,American Ninja 2: The Confrontation,5.061107,1987-05-01,0,90,Released,,4.9,49
0,en,51 Birch Street,0.049921,2006-10-18,0,90,Released,Do you really want to know your parents?,6.8,6
350000,en,Rotor DR1,0.249561,2015-10-20,0,98,Released,,4.7,3
350000,en,12 Angry Men,59.259204,1957-03-25,1000000,96,Released,Life is in their hands. Death is on their minds.,8.2,2078
0,en,My Dog Tulip,1.170257,2009-01-01,246574,83,Released,"Sometimes, love really is a bitch.",7.6,9
325000,en,It Happened One Night,11.871424,1934-02-22,4500000,105,Released,TOGETHER... for the first time,7.7,275
0,el,Κυνόδοντας,28.858238,2009-06-01,110197,94,Released,The cat is the most feared animal there is!,6.9,332
300000,en,Tupac: Resurrection,1.314576,2003-01-23,7808524,112,Released,In his own words,8.0,26
312000,en,Tumbleweeds,1.505703,1999-11-28,1281176,102,Released,They ran away from everything but each other.,6.2,11
8,en,The Prophecy,11.818333,1995-09-01,16,98,Released,"On ancient ground, at the edge of the world, an evil born in heaven is about to be unleashed on earth.",6.4,138
0,fr,Chacun Cherche Son Chat,1.410387,1996-04-03,0,91,Released,No man. No job. No cat.,6.1,16
300000,en,Pieces of April,4.270596,2003-01-19,0,81,Released,She's the one in every family.,6.4,64
0,en,The Big Swap,0.627763,1998-06-11,0,0,Released,,0.0,0
300000,en,Old Joy,1.673208,2006-01-01,0,73,Released,,6.3,36
200000,en,Wendy and Lucy,0.713906,2008-05-22,0,80,Released,"On the long road, friendship is everything.",6.4,64
0,en,3 Backyards,0.17817,2010-01-01,0,88,Released,,4.8,4
300000,fr,Pierrot le fou,7.791898,1965-08-29,0,110,Released,,7.6,127
0,en,Sisters in Law,0.025211,2005-09-03,0,104,Released,,7.3,2
300000,en,Ayurveda: Art of Being,0.055868,2001-09-20,2074000,101,Released,,5.5,3
0,en,Nothing But a Man,0.008453,1964-01-01,0,95,Released,,7.0,2
300000,en,"First Love, Last Rites",0.374291,1998-08-07,40542,94,Released,,3.0,1
0,en,Fighting Tommy Riley,0.045429,2005-05-06,0,0,Released,,5.3,4
0,en,Royal Kill,1.088501,2009-04-10,0,90,Released,,2.8,6
0,en,The Looking Glass,0.062979,2015-10-23,0,110,Released,,7.0,1
300000,en,Death Race 2000,6.473667,1975-04-27,8000000,80,Released,A Cross Country Road Wreck!,5.9,124
0,en,Locker 13,1.905197,2014-03-29,0,90,Released,,6.8,3
0,en,Midnight Cabaret,0.001389,1990-01-01,0,94,Released,The hot spot where Satan's waitin'.,0.0,0
300000,en,Anderson's Cross,0.006323,2010-05-20,0,98,Released,Sometimes the boy next door is more than the boy next door...,0.0,0
0,en,Bizarre,0.583446,2015-02-07,0,99,Released,,6.2,11
0,en,Graduation Day,1.452199,1981-05-01,0,96,Released,Some kids are dying to graduate...,5.0,22
300000,en,Some Guy Who Kills People,2.733725,2011-04-14,0,97,Released,Your number is up.,5.7,45
0,en,Compliance,8.942203,2012-08-23,319285,90,Released,Power. Manipulation. Obedience.,6.3,221
250000,en,Chasing Amy,20.601483,1997-04-04,12021272,113,Released,It's not who you love. It's how.,6.7,433
250000,en,Lovely & Amazing,1.45917,2001-08-31,4186931,91,Released,,6.3,23
0,en,Death Calls,0.005883,2010-09-01,0,0,Released,,0.0,0
0,en,Better Luck Tomorrow,3.877036,2002-01-12,0,101,Released,Never underestimate an overachiever.,6.5,27
0,en,The Incredibly True Adventure of Two Girls In Love,1.70819,1995-06-16,0,94,Released,,5.7,13
0,en,Chuck & Buck,0.812855,2000-01-21,0,96,Released,REMEMBER THOSE GAMES WE USED TO PLAY?,5.7,16
250000,en,American Desi,0.126304,2001-01-01,0,100,Released,,5.0,4
300000,en,Amidst the Devil's Wings,0.018087,2014-12-01,0,90,Released,"Prequel to ""5th of a Degree.""",0.0,0
250000,en,Cube,44.656151,1997-09-09,501818,90,Released,Don't look for a reason... Look for a way out.,6.9,1069
0,it,Love and Other Catastrophes,0.619348,1996-08-01,0,78,Released,,5.8,9
250,en,I Married a Strange Person!,0.293649,1998-08-28,203,72,Released,,7.5,12
0,en,November,5.742359,2004-07-22,0,73,Released,,4.9,11
250000,en,Like Crazy,21.825564,2011-10-28,3542353,90,Released,I Want You. I Need You. I Love You. I Miss You.,6.4,381
0,en,Teeth and Blood,0.055325,2015-03-10,0,96,Released,,3.0,1
0,en,Sugar Town,0.375423,1999-09-17,0,92,Released,,5.5,2
0,en,The Motel,0.120505,2005-01-01,0,75,Released,Out of Place in the Middle of Nowhere.,7.0,3
250000,en,The Canyons,6.978907,2013-07-29,56825,99,Released,It's not the hills.,4.1,75
0,en,On the Outs,0.493223,2004-09-11,0,86,Released,A drug dealer. An addict. A runaway. The story of 3 girls.,5.9,6
0,en,Shotgun Stories,5.251143,2007-10-01,0,92,Released,Two families. One feud. No going back.,6.9,57
0,en,Exam,20.265518,2009-06-19,0,101,Released,How far would you go to win the ultimate job?,6.6,523
250000,en,The Sticky Fingers of Time,0.130169,1997-06-06,0,90,Released,,4.8,3
0,en,Sunday School Musical,0.46049,2008-10-21,0,93,Released,,5.5,4
0,en,Rust,0.399491,2010-10-07,0,94,Released,,0.0,0
250000,en,Ink,5.217002,2009-01-23,0,106,Released,dreams,6.4,101
250000,en,The Christmas Bunny,0.065103,2010-11-28,0,96,Released,Everybody needs some bunny to love.,5.7,7
0,en,Butterfly,1.063615,1982-02-05,0,107,Released,A Controversial Thriller of Murder and Revenge.,5.0,12
0,en,UnDivided,0.010607,2013-02-01,0,0,Released,,0.0,0
0,en,The Frozen,1.084387,2012-10-10,0,0,Released,,4.2,14
0,en,Horse Camp,0.172299,2015-01-10,0,108,Released,The summer they'll never forget,5.5,2
0,en,Give Me Shelter,0.278981,2014-06-24,0,90,Released,,0.0,0
245000,en,The Big Parade,0.785744,1925-11-05,22000000,151,Released,,7.0,21
0,en,Little Big Top,0.0921,2006-01-01,0,0,Rumored,,10.0,1
250,en,Along the Roadside,0.166655,2013-02-28,0,118,Released,,7.7,3
230000,en,Bronson,18.450613,2008-10-09,2260712,92,Released,The Man. The Myth. The Celebrity.,6.9,733
0,en,Western Religion,0.58954,2015-10-09,0,106,Released,"Your soul is at stake in Religion, Arizona.",0.0,0
225000,en,Burn,0.126676,2012-11-01,111300,86,Released,One Year on the Front Lines of the Battle to Save Detroit,6.9,6
0,en,Urbania,0.065155,2000-01-24,0,103,Released,Heard any good stories lately?,5.2,10
100000,en,The Stewardesses,1.183892,1969-07-25,27000000,69,Released,The Unpublishable Novel Is Now America's Most Controversial Film!,4.3,5
210000,en,"The Beast from 20,000 Fathoms",2.043661,1953-06-13,5000000,80,Released,It's alive !,6.7,41
400000,en,Mad Max,33.142185,1979-04-12,100000000,93,Released,The Maximum Force Of The Future,6.6,1213
200000,en,Swingers,13.971674,1996-10-18,4505922,94,Released,Cocktails first. Questions later.,6.8,253
200000,it,Per un pugno di dollari,38.771062,1964-09-12,14500000,99,Released,"In his own way he is perhaps, the most dangerous man who ever lived!",7.6,883
200000,en,She Done Him Wrong,0.622752,1933-02-09,2200000,66,Released,Mae West gives a 'Hot Time' to the nation!,5.1,27
0,en,Short Cut to Nirvana: Kumbh Mela,0.004998,2004-05-11,0,85,Released,,0.0,0
200000,en,The Grace Card,0.616283,2011-02-25,2295733,101,Released,Never Underestimate The Power Of Grace ...,6.5,10
0,en,Middle of Nowhere,2.836537,2012-10-12,0,101,Released,,6.6,7
0,de,Drei,5.937602,2010-12-23,2611555,119,Released,Imagine the possibilities.,6.3,31
200000,en,The Business of Fancydancing,0.06104,2002-01-14,0,103,Released,Sometimes going home is the hardest journey of all.,8.0,2
0,en,Call + Response,0.062089,2008-10-10,0,86,Released,A FILM ABOUT THE WORLD'S 27 MILLION MOST TERRIFYING SECRETS.,8.0,1
450000,en,Malevolence,1.077321,2004-09-10,0,90,Released,,4.9,14
0,en,Reality Show,0.472123,2015-01-01,0,92,Released,,5.5,2
13000000,en,Super Hybrid,4.009379,2010-01-01,0,95,Released,,4.6,24
0,en,Baghead,3.299345,2008-01-21,0,84,Released,,5.8,23
0,pt,Solitude,0.018716,2014-10-21,0,89,Released,,0.0,0
0,en,Chats perchés,0.092562,2004-12-05,0,59,Released,,7.7,3
0,da,Ordet,3.225189,1955-01-09,0,126,Released,,7.8,65
0,en,Good Dick,1.948435,2008-10-03,0,86,Released,A hard man... is good to find.,6.1,34
0,en,The Man from Earth,31.339015,2007-06-10,0,87,Released,From one of the acclaimed writers of Star Trek and The Twilight Zone comes a story that transcends both time and space...,7.7,687
0,en,The Trials Of Darryl Hunt,0.15066,2007-06-15,0,106,Released,,6.8,4
0,en,Samantha: An American Girl Holiday,4.980585,2004-11-23,0,86,Released,,4.6,9
0,en,Yesterday Was a Lie,0.145014,2008-01-01,0,89,Released,,6.0,4
0,en,Theresa Is a Mother,0.036532,2015-09-25,0,105,Released,,0.0,0
0,en,H.,1.045623,2014-08-28,0,93,Released,,6.5,4
0,en,Archaeology of a Woman,0.254659,2014-09-12,0,94,Released,,0.0,0
180000,fa,بچه‌های آسمان,7.072118,1997-08-01,900000,89,Released,A Little Secret...Their Biggest Adventure!,7.8,112
8000,en,Weekend,1.041254,2011-09-22,469947,96,Released,A (sort of) love story between two guys over a cold weekend in October.,7.4,163
0,en,She's Gotta Have It,6.722213,1986-08-08,0,84,Released,A Seriously Sexy Comedy,6.1,25
0,en,Butterfly Girl,0.015189,2014-03-10,0,77,Released,,0.0,0
0,ro,Lumea e a mea,0.327622,2015-06-05,0,104,Released,,0.0,0
100000,en,Another Earth,25.402697,2011-07-22,1776935,92,Released,,6.8,527
150000,en,Sweet Sweetback's Baadasssss Song,0.132878,1971-04-23,15200000,97,Released,The Film that THE MAN doesn't want you to see!,4.6,18
200,en,Perfect Cowboy,0.050978,2014-07-13,0,109,Released,,5.0,1
150000,en,Tadpole,8.570328,2002-11-01,2891288,78,Released,Everyone says he should date girls his own age. Oscar respectfully disagrees.,5.5,19
160000,en,Once,19.052179,2007-03-23,20710513,85,Released,How often do you find the right person?,7.3,453
0,en,The Woman Chaser,0.619979,1999-10-08,0,90,Released,,4.9,4
0,en,The Horse Boy,0.465404,2009-11-25,0,93,Released,,5.5,2
0,en,When the Lights Went Out,2.805351,2012-01-31,0,86,Released,Set in 1974 and based on true events.,5.8,49
0,en,Heroes of Dirt,0.076647,2015-09-04,0,98,Released,,0.0,0
0,en,A Charlie Brown Christmas,8.701183,1965-12-09,0,25,Released,"That's what Christmas is all about, Charlie Brown!",7.5,153
0,en,Antarctic Edge: 70° South,0.021392,2015-04-17,0,72,Released,,0.0,0
0,en,Aroused,2.557258,2013-02-20,0,73,Released,16 porn stars reveal more than just their naked skin.,7.2,11
0,en,Top Spin,0.523122,2014-11-15,0,80,Released,,6.8,6
160000,en,Roger & Me,3.284903,1989-09-01,6706368,91,Released,,7.4,90
0,en,An American in Hollywood,0.015697,2014-07-18,0,89,Released,,0.0,0
0,en,Sound of My Voice,6.192383,2011-01-22,0,85,Released,,6.3,108
0,en,The Blood of My Brother: A Story of Death in Iraq,0.005256,2005-11-25,0,90,Released,,0.0,0
125000,en,Your Sister's Sister,12.833247,2011-09-11,3200000,90,Released,A comedy about doing the right thing with the wrong person.,6.5,137
120000,en,A Dog's Breakfast,2.213889,2007-03-03,0,88,Released,Man's best friend makes the worst accomplice.,5.9,24
120000,fr,Une femme mariée: Suite de fragments d'un film tourné en 1964,1.112792,1964-12-04,0,95,Released,She Loves Two Men... She is Married to One!,7.1,20
8500000,en,The Birth of a Nation,9.452808,2016-09-09,15861566,120,Released,The Untold Story of Nat Turner,6.5,178
0,en,The Work and The Story,0.002388,2003-01-01,0,70,Released,Dream big. Make it happen?,0.0,0
100000,en,Facing the Giants,4.563698,2006-09-29,10178331,111,Released,Never give up. Never back down. Never lose faith.,6.6,64
100000,en,The Gallows,18.045782,2015-07-10,42664410,87,Released,Every School Has Its Spirit,4.9,361
10000,en,Eraserhead,20.399578,1977-03-19,7000000,89,Released,Where your nightmares end...,7.5,485
0,en,Hollywood Shuffle,2.353483,1987-03-20,0,78,Released,"Bobby Taylor was on his way to becoming a star, when a funny thing happened...",5.7,19
0,en,The Mighty,5.497682,1998-10-23,0,100,Released,The quest for friendship is the noblest cause of all,7.1,51
0,en,Penitentiary,0.001117,1979-12-01,0,99,Released,"There's only one way out, and 100 fools stand in the way!",4.9,8
0,en,The Lost Skeleton of Cadavra,1.680525,2001-09-12,0,90,Released,No One Can Stand Its Mental Power!,6.5,30
0,en,Dude Where's My Dog?,0.28397,2014-06-12,0,0,Released,,0.0,0
0,en,Cheap Thrills,10.826253,2013-03-08,0,85,Released,Get ready for the night of your life,6.3,155
0,en,Indie Game: The Movie,7.676677,2012-05-18,0,96,Released,,7.4,203
0,en,Straightheads,8.302951,2007-04-27,0,88,Released,Let the revenge fit the crime,5.2,40
0,en,Open Secret,0.186401,1948-02-14,0,68,Released,The Pull-No-Punch drama of men chained together by hate!,7.0,2
0,en,Echo Dr.,0.053755,2013-11-08,0,85,Released,To Serve & Terminate,5.0,1
0,en,The Night Visitor,0.074005,1971-01-01,0,106,Released,Locked in the cold asylum of his mind - a sane man stalks his prey...,7.3,6
100,en,The Past Is a Grotesque Animal,0.394575,2014-06-15,0,77,Released,,5.5,2
0,en,"Peace, Propaganda & the Promised Land",0.020168,2005-01-28,0,80,Released,,6.4,4
60000,en,Pi,27.788067,1998-07-10,3221152,84,Released,"There will be no order, only chaos",7.1,586
0,fr,"I Love You, Don't Touch Me!",0.020839,1997-01-21,0,86,Released,Just Your Typical Boy-Loves-Girl Who Doesn't Love Boy Till He Loves Other Girl Story,6.0,1
0,en,20 Dates,0.408073,1998-01-01,0,87,Released,A comedy so real you'll think it's fiction.,3.7,3
75000,en,Queen Crab,0.140989,2015-09-29,0,90,Released,,3.3,3
65000,en,Super Size Me,10.400603,2004-01-17,28575078,100,Released,The first ever reality-based movie ... everything begins and ends in 30 days!,6.6,506
0,en,The FP,0.838957,2011-03-13,0,82,Released,An Ancient Game Becomes A Deadly Sport.,4.5,11
0,en,Happy Christmas,7.052422,2014-06-26,0,82,Released,Family is the gift that keeps on taking.,5.2,58
62000,en,The Brain That Wouldn't Die,2.407048,1962-02-25,0,82,Released,Alive... without a body... fed by an unspeakable horror from hell!,4.4,32
0,en,Tiger Orange,0.176377,2014-07-26,0,75,Released,Do We Stand Out or Do We Fit In?,6.4,4
0,en,Supporting Characters,0.620554,2012-01-23,0,87,Released,,6.7,10
70000,en,Absentia,6.328665,2011-03-03,0,92,Released,There are fates worse than death.,5.8,121
0,en,The Brothers McMullen,1.578903,1995-08-09,0,98,Released,Sometimes the Best Friends Are the Ones You've Known Your Whole Life.,6.3,23
0,en,The Dirties,0.833937,2013-10-04,0,83,Released,,6.0,42
0,pt,"Gabriela, Cravo e Canela",0.557602,1983-03-24,0,99,Released,,6.0,2
65000,en,Tiny Furniture,2.380332,2010-11-12,416498,99,Released,"Aura would like you to know that she is having a very, very hard time.",5.6,59
60000,en,Hayride,0.412342,2012-10-13,0,93,Released,Southern Fried Horror,5.1,6
0,en,The Naked Ape,0.077577,2006-09-16,0,110,Rumored,,5.0,1
50000,en,Counting,0.293587,2015-02-09,0,111,Released,,8.3,3
50000,en,The Call of Cthulhu,1.777148,2005-01-01,0,47,Released,,6.9,41
0,en,Bending Steel,0.048726,2013-04-20,0,93,Released,The Limiting Factor Is The Mind,5.0,1
4000000,en,The Signal,27.662696,2014-03-15,600896,95,Released,R U Agitated?,5.8,631
50000,en,The Image Revolution,0.54562,2013-11-21,0,81,Released,,5.7,3
0,en,This Is Martin Bonner,0.76368,2013-06-28,0,83,Released,Sometimes You Have to Lose Your Life in Order to Find It,6.6,4
0,en,A True Story,0.970351,2013-09-20,0,96,Released,,6.8,2
0,en,George Washington,2.058834,2000-10-01,0,89,Released,,6.4,36
0,en,Smiling Fish & Goat On Fire,0.00734,1999-09-16,0,90,Released,"two brothers, four women and the search for Magnetic Perfection",7.0,1
0,en,Dawn of the Crescent Moon,0.049469,2014-04-05,0,95,Released,The past is present.,2.0,1
0,en,Raymond Did It,0.160779,2011-03-27,0,83,Released,Mom's Pretty Mad At Me,3.2,8
0,en,The Last Waltz,3.277287,1978-05-01,321952,117,Released,It Started as a Concert. It Became a Celebration.,7.9,64
50000,en,"Run, Hide, Die",0.595809,2015-09-01,0,75,Released,"Five girls, one secret. Revenge stalks them in the night.",3.5,2
0,en,The Exploding Girl,0.611081,2009-04-22,0,80,Released,,6.4,15
0,en,The Legend of God's Gun,0.003582,2007-07-08,0,78,Released,,0.0,0
500000,en,Mutual Appreciation,0.123068,2005-03-01,0,109,Released,,6.1,8
0,en,Her Cry: La Llorona Investigation,0.056459,2013-04-19,0,89,Released,,0.0,0
31192,en,Down Terrace,1.330379,2009-09-01,10000,89,Released,You're only as good as the people you know.,6.3,26
27000,en,Clerks,19.748658,1994-09-13,3151130,92,Released,Just because they serve you doesn't mean they like you.,7.4,755
27000,en,Pink Narcissus,0.027811,1971-01-01,0,64,Released,A unique experience in visual fantasy!,6.0,9
0,en,Funny Ha Ha,0.362633,2002-09-20,76901,85,Released,,6.3,8
0,en,In the Company of Men,2.634007,1997-01-19,0,97,Released,Are all men bastards...or just misunderstood?,6.8,44
0,en,Manito,0.039264,2002-01-15,0,78,Released,,5.5,2
0,en,Rampage,7.101197,2009-08-14,0,85,Released,Vengeance is ruthless.,6.0,131
0,en,Slacker,3.320622,1990-07-27,0,97,Released,,6.4,77
0,en,Dutch Kills,0.038143,2015-10-02,0,90,Released,,0.0,0
22000,en,Dry Spell,0.048948,2013-02-14,0,90,Released,Getting divorced does funny things to a girl,6.0,1
0,en,Flywheel,1.048524,2003-01-01,0,120,Released,,6.8,19
0,en,Backmask,3.619167,2015-01-16,0,91,Released,nederlands,4.7,79
0,en,The Puffy Chair,1.243955,2005-01-17,0,85,Released,,6.2,15
0,en,Stories of Our Lives,0.327794,2014-09-05,0,60,Released,,0.0,0
0,en,Breaking Upwards,0.67457,2009-03-14,0,88,Released,,5.6,12
0,en,All Superheroes Must Die,3.545991,2011-10-26,0,78,Released,May The Best Man Win,4.2,13
12000,en,Pink Flamingos,4.553644,1972-03-12,6000000,93,Released,An exercise in poor taste.,6.2,110
0,en,Clean,1.464566,2004-09-01,0,111,Released,"When you don't have a choice, you change.",6.7,17
0,fa,دایره,1.193779,2000-09-08,0,90,Released,,6.6,17
13,en,Tin Can Man,0.332679,2007-01-01,0,84,Released,Everything You've Heard is True,2.0,1
20000,ja,キュア,0.212443,1997-11-06,99000,111,Released,Madness. Terror. Murder.,7.4,63
0,en,On The Downlow,0.029757,2004-04-11,0,90,Released,Two gangs. One secret. One crossroad.,6.0,2
0,en,Sanctuary: Quite a Conundrum,0.166513,2012-01-20,0,82,Released,,0.0,0
0,en,Bang,0.918116,1995-09-09,0,98,Released,Sometimes you've got to break the rules,6.0,1
7000,en,Primer,23.307949,2004-10-08,424760,77,Released,What happens if it actually works?,6.9,658
0,en,Cavite,0.022173,2005-03-12,0,80,Released,,7.5,2
220000,es,El Mariachi,14.269792,1992-09-04,2040920,81,Released,"He didn't come looking for trouble, but trouble came looking for him.",6.6,238
9000,en,Newlyweds,0.642552,2011-12-26,0,85,Released,A newlywed couple's honeymoon is upended by the arrivals of their respective sisters.,5.9,5
0,en,"Signed, Sealed, Delivered",1.444476,2013-10-13,0,120,Released,,7.0,6
0,en,Shanghai Calling,0.857008,2012-05-03,0,98,Released,A New Yorker in Shanghai,5.7,7
0,en,My Date with Drew,1.929883,2005-08-05,0,90,Released,,6.3,16
